Transparent constants:
cmra.ε :
forall A : Type, cmra.Unit A -> A
rv64d.zreg :
rv64d_types.regidx
rv64d.zopz0zKzJ_u :
forall n : BinNums.Z, Values.mword n -> Values.mword n -> bool
rv64d.zopz0zKzJ_s :
forall n : BinNums.Z, Values.mword n -> Values.mword n -> bool
rv64d.zopz0zK_u :
forall n : BinNums.Z, Values.mword n -> Values.mword n -> bool
rv64d.zopz0zK_s :
forall n : BinNums.Z, Values.mword n -> Values.mword n -> bool
rv64d.zopz0zJzJzK :
bool -> bool -> bool
rv64d.zopz0zIzJ_u :
forall n : BinNums.Z, Values.mword n -> Values.mword n -> bool
rv64d.zopz0zI_u :
forall n : BinNums.Z, Values.mword n -> Values.mword n -> bool
rv64d.zopz0zI_s :
forall n : BinNums.Z, Values.mword n -> Values.mword n -> bool
Ring_polynom.zmon_pred :
BinNums.positive -> Ring_polynom.Mon -> Ring_polynom.Mon
rv64d.zicond_mnemonic_forwards :
rv64d_types.zicondop -> String.string
rv64d.zicfiss_xSSE :
rv64d_types.Privilege -> rv64d_types.M bool
rv64d.zicfilp_restore_elp_on_xret :
rv64d_types.xRET_type -> rv64d_types.Privilege -> rv64d_types.M unit
rv64d.zicfilp_preserve_elp_on_trap :
rv64d_types.Privilege -> rv64d_types.M unit
rv64d.zeros' :
forall n : BinNums.Z, Values.mword n
MachineWord.MachineWord.zeros :
forall n : BinNums.N, MachineWord.MachineWord.word n
Operators_mwords.zeros :
forall n : BinNums.Z, Values.mword n
rv64d.zero_reg :
rv64d_types.regtype
rv64d_types.zero_extend' :
forall n m : BinNums.Z, Values.mword n -> Values.mword m
MachineWord.MachineWord.zero_extend :
forall m n : BinNums.N, MachineWord.MachineWord.word m -> MachineWord.MachineWord.word n
Operators_mwords.zero_extend :
forall a : BinNums.Z, Values.mword a -> forall n : BinNums.Z, Values.mword n
VirtioModel.zero64 :
rv64d_types.Arch.pa
VirtioModel.zero32 :
definitions.bv (BinNums.Npos (BinNums.xO (BinNums.xO (BinNums.xO (BinNums.xO (BinNums.xO BinNums.xH))))))
VirtioModel.zero16 :
definitions.bv (BinNums.Npos (BinNums.xO (BinNums.xO (BinNums.xO (BinNums.xO BinNums.xH)))))
String.zero :
BinNums.N
Ascii.zero :
Ascii.ascii
rv64d.zbs_rtype_mnemonic_forwards :
rv64d_types.brop_zbs -> String.string
rv64d.zbs_iop_mnemonic_forwards :
rv64d_types.biop_zbs -> String.string
rv64d.zbb_rtypew_mnemonic_forwards :
rv64d_types.bropw_zbb -> String.string
rv64d.zbb_rtype_mnemonic_forwards :
rv64d_types.brop_zbb -> String.string
rv64d.zbb_extop_mnemonic_forwards :
rv64d_types.extop_zbb -> String.string
rv64d.zba_rtypeuw_mnemonic_forwards :
Values.mword (BinNums.Zpos (BinNums.xO BinNums.xH)) -> String.string
rv64d.zba_rtype_mnemonic_forwards :
Values.mword (BinNums.Zpos (BinNums.xO BinNums.xH)) -> rv64d_types.M String.string
xv6_trace_pure :
gmap.gset BinNums.Z -> BinNums.Z -> RiscvLang.gstate -> Prop
rv64d.xtvec_mode_reserved_behavior :
rv64d_types.XtvecModeReservedBehavior
rv64d.xtval_exception_value :
rv64d_types.ExceptionType -> Values.mword (BinNums.Zpos (BinNums.xO (BinNums.xO (BinNums.xO (BinNums.xO (BinNums.xO (BinNums.xO BinNums.xH))))))) -> option (Values.mword (BinNums.Zpos (BinNums.xO (BinNums.xO (BinNums.xO (BinNums.xO (BinNums.xO (BinNums.xO BinNums.xH))))))))
rv64d.xreg_write_callback :
rv64d_types.regidx -> Values.mword (BinNums.Zpos (BinNums.xO (BinNums.xO (BinNums.xO (BinNums.xO (BinNums.xO (BinNums.xO BinNums.xH))))))) -> rv64d_types.M unit
rv64d.xreg_full_write_callback :
String.string -> rv64d_types.regidx -> Values.mword (BinNums.Zpos (BinNums.xO (BinNums.xO (BinNums.xO (BinNums.xO (BinNums.xO (BinNums.xO BinNums.xH))))))) -> unit
xorb :
bool -> bool -> bool
Operators_mwords.xor_vec :
forall n : BinNums.Z, Values.mword n -> Values.mword n -> Values.mword n
Tauto.xor_clause_cnf :
forall Term' Annot : Type, (Term' -> bool) -> (Term' -> Term' -> option Term') -> Tauto.clause Term' Annot -> Tauto.cnf Term' Annot -> Tauto.cnf Term' Annot
MachineWord.MachineWord.xor :
forall n : BinNums.N, MachineWord.MachineWord.word n -> MachineWord.MachineWord.word n -> MachineWord.MachineWord.word n
ZMicromega.xnormalise :
RingMicromega.NFormula BinNums.Z -> list (RingMicromega.NFormula BinNums.Z)
ZMicromega.xnnormalise :
RingMicromega.Formula BinNums.Z -> RingMicromega.NFormula BinNums.Z
ZMicromega.xnegate :
RingMicromega.NFormula BinNums.Z -> list (RingMicromega.NFormula BinNums.Z)
rv64d_types.xlenbits :
Type
rv64d.xlen_bytes :
BinNums.Z
rv64d.xlen :
BinNums.Z
rv64d.xenvcfg_csrs_are_defined :
bool
rv64d.xenvcfg_cbie_reserved_behavior :
rv64d_types.XenvcfgCbieReservedBehavior
Tauto.xcnf :
forall Term Term' Annot : Type,
(Term' -> bool) -> (Term' -> Term' -> option Term') -> (Term -> Annot -> Tauto.cnf Term' Annot) -> (Term -> Annot -> Tauto.cnf Term' Annot) -> forall (TX : Tauto.kind -> Type) (AF : Type), bool -> forall k : Tauto.kind, Tauto.TFormula Term Annot TX AF k -> Tauto.cnf Term' Annot
DevModel.wupd :
(nat -> nat -> definitions.bv (BinNums.Npos (BinNums.xO (BinNums.xO (BinNums.xO (BinNums.xO (BinNums.xO BinNums.xH))))))) ->
nat -> nat -> definitions.bv (BinNums.Npos (BinNums.xO (BinNums.xO (BinNums.xO (BinNums.xO (BinNums.xO BinNums.xH)))))) -> nat -> nat -> definitions.bv (BinNums.Npos (BinNums.xO (BinNums.xO (BinNums.xO (BinNums.xO (BinNums.xO BinNums.xH))))))
rv64d.write_vcsr :
Values.mword (BinNums.Zpos (BinNums.xO BinNums.xH)) -> Values.mword (BinNums.Zpos BinNums.xH) -> rv64d_types.M unit
rv64d.write_sip :
Values.mword (BinNums.Zpos (BinNums.xO (BinNums.xO (BinNums.xO (BinNums.xO (BinNums.xO (BinNums.xO BinNums.xH))))))) -> rv64d_types.M unit
rv64d_types.Defs.write_reg :
forall (e : Type) (reg : rv64d_types.Arch.reg), rv64d_types.Arch.reg_type reg -> rv64d_types.Defs.monad e unit
rv64d.write_ram_ea :
rv64d_types.write_kind -> rv64d_types.physaddr -> BinNums.Z -> unit
rv64d.write_ram :
rv64d_types.write_kind -> rv64d_types.physaddr -> forall width : BinNums.Z, Values.mword (BinInt.Z.mul (BinNums.Zpos (BinNums.xO (BinNums.xO (BinNums.xO BinNums.xH)))) width) -> unit -> rv64d_types.M bool
rv64d.write_pte_conditional :
rv64d_types.physaddr -> forall pte_size : BinNums.Z, Values.mword (BinInt.Z.mul pte_size (BinNums.Zpos (BinNums.xO (BinNums.xO (BinNums.xO BinNums.xH))))) -> rv64d_types.M (Values.result bool (rv64d_types.physaddr * rv64d_types.ExceptionType))
rv64d.write_mip :
Values.mword (BinNums.Zpos (BinNums.xO (BinNums.xO (BinNums.xO (BinNums.xO (BinNums.xO (BinNums.xO BinNums.xH))))))) -> rv64d_types.M unit
rv64d.write_mhpmeventh :
BinNums.Z -> Values.mword (BinNums.Zpos (BinNums.xO (BinNums.xO (BinNums.xO (BinNums.xO (BinNums.xO BinNums.xH)))))) -> rv64d_types.M unit
rv64d.write_mhpmevent :
BinNums.Z -> Values.mword (BinNums.Zpos (BinNums.xO (BinNums.xO (BinNums.xO (BinNums.xO (BinNums.xO (BinNums.xO BinNums.xH))))))) -> rv64d_types.M unit
rv64d.write_mhpmcounterh :
BinNums.Z -> Values.mword (BinNums.Zpos (BinNums.xO (BinNums.xO (BinNums.xO (BinNums.xO (BinNums.xO BinNums.xH)))))) -> rv64d_types.M unit
rv64d.write_mhpmcounter :
BinNums.Z -> Values.mword (BinNums.Zpos (BinNums.xO (BinNums.xO (BinNums.xO (BinNums.xO (BinNums.xO (BinNums.xO BinNums.xH))))))) -> rv64d_types.M unit
rv64d.write_kind_of_flags :
bool -> bool -> bool -> rv64d_types.M rv64d_types.write_kind
rv64d.write_fcsr :
Values.mword (BinNums.Zpos (BinNums.xI BinNums.xH)) -> Values.mword (BinNums.Zpos (BinNums.xI (BinNums.xO BinNums.xH))) -> rv64d_types.M unit
RiscvModelBytes.write_bytes :
forall w : BinNums.N,
gmap.gmap rv64d_types.Arch.pa (definitions.bv (BinNums.Npos (BinNums.xO (BinNums.xO (BinNums.xO BinNums.xH))))) -> rv64d_types.Arch.pa -> BinNums.N -> definitions.bv w -> gmap.gmap rv64d_types.Arch.pa (definitions.bv (BinNums.Npos (BinNums.xO (BinNums.xO (BinNums.xO BinNums.xH)))))
VirtioModel.write_byte_list :
gmap.gmap rv64d_types.Arch.pa (definitions.bv (BinNums.Npos (BinNums.xO (BinNums.xO (BinNums.xO BinNums.xH))))) ->
rv64d_types.Arch.pa -> list (definitions.bv (BinNums.Npos (BinNums.xO (BinNums.xO (BinNums.xO BinNums.xH))))) -> gmap.gmap rv64d_types.Arch.pa (definitions.bv (BinNums.Npos (BinNums.xO (BinNums.xO (BinNums.xO BinNums.xH)))))
rv64d.write_TLB :
BinNums.Z -> rv64d_types.TLB_Entry -> rv64d_types.M unit
rv64d.write_CSR :
Values.mword (BinNums.Zpos (BinNums.xO (BinNums.xO (BinNums.xI BinNums.xH)))) ->
Values.mword (BinNums.Zpos (BinNums.xO (BinNums.xO (BinNums.xO (BinNums.xO (BinNums.xO (BinNums.xO BinNums.xH))))))) -> rv64d_types.M (Values.result (Values.mword (BinNums.Zpos (BinNums.xO (BinNums.xO (BinNums.xO (BinNums.xO (BinNums.xO (BinNums.xO BinNums.xH)))))))) unit)
VirtioModel.wr_sector_bytes :
VirtioModel.disk_wr -> nat -> list (definitions.bv (BinNums.Npos (BinNums.xO (BinNums.xO (BinNums.xO BinNums.xH)))))
VirtioModel.wr_sector :
VirtioModel.disk_wr -> nat -> VirtioModel.disk_wr
rv64d_types.word_width_wide :
Type
rv64d_types.word_width :
Type
Operators_mwords.word_unop :
forall n : BinNums.Z, (forall n0 : BinNums.N, MachineWord.MachineWord.word n0 -> MachineWord.MachineWord.word n0) -> Values.mword n -> Values.mword n
MachineWord.MachineWord.word_to_bools :
forall n : BinNums.N, MachineWord.MachineWord.word n -> list bool
MachineWord.MachineWord.word_to_binary_string :
forall n : BinNums.N, MachineWord.MachineWord.word n -> String.string
MachineWord.MachineWord.word_to_Z :
forall n : BinNums.N, MachineWord.MachineWord.word n -> BinNums.Z
MachineWord.MachineWord.word_to_N :
forall n : BinNums.N, MachineWord.MachineWord.word n -> BinNums.N
MachineWord.MachineWord.word_list_concat :
forall (n : BinNums.N) (l : list (MachineWord.MachineWord.word n)), MachineWord.MachineWord.word (MachineWord.MachineWord.idx_mul n (MachineWord.MachineWord.nat_idx (length l)))
BlockWords.word_bytes :
definitions.bv (BinNums.Npos (BinNums.xO (BinNums.xO (BinNums.xO (BinNums.xO (BinNums.xO BinNums.xH)))))) -> list (definitions.bv (BinNums.Npos (BinNums.xO (BinNums.xO (BinNums.xO BinNums.xH)))))
Operators_mwords.word_binop :
forall n : BinNums.Z, (forall n0 : BinNums.N, MachineWord.MachineWord.word n0 -> MachineWord.MachineWord.word n0 -> MachineWord.MachineWord.word n0) -> Values.mword n -> Values.mword n -> Values.mword n
MachineWord.MachineWord.word :
BinNums.N -> Set
rv64d_types.word :
Type
rv64d.within_sig :
rv64d_types.physaddr -> BinNums.Z -> rv64d_types.M bool
rv64d.within_pma_mag :
rv64d_types.PMA -> rv64d_types.physaddr -> BinNums.Z -> bool -> bool
rv64d.within_mmio_writable :
rv64d_types.physaddr -> BinNums.Z -> rv64d_types.M bool
rv64d.within_mmio_readable :
rv64d_types.physaddr -> BinNums.Z -> rv64d_types.M bool
rv64d.within_htif_writable :
rv64d_types.physaddr -> BinNums.Z -> rv64d_types.M bool
rv64d.within_htif_readable :
rv64d_types.physaddr -> BinNums.Z -> rv64d_types.M bool
rv64d.within_configured_pma_memory :
String.string ->
option rv64d_types.MemoryRegionType -> Values.mword (BinNums.Zpos (BinNums.xO (BinNums.xO (BinNums.xO (BinNums.xO (BinNums.xO (BinNums.xO BinNums.xH))))))) -> Values.mword (BinNums.Zpos (BinNums.xO (BinNums.xO (BinNums.xO (BinNums.xO (BinNums.xO (BinNums.xO BinNums.xH))))))) -> rv64d_types.M bool
rv64d.within_clint :
rv64d_types.physaddr -> BinNums.Z -> rv64d_types.M bool
Operators_mwords.with_word' :
forall (n : BinNums.Z) (P : Type -> Type), (forall n0 : BinNums.N, MachineWord.MachineWord.word n0 -> P (MachineWord.MachineWord.word n0)) -> Values.mword n -> P (Values.mword n)
Values.with_word :
forall (n : BinNums.Z) (P : Type -> Type), (MachineWord.MachineWord.word (MachineWord.MachineWord.Z_idx n) -> P (MachineWord.MachineWord.word (MachineWord.MachineWord.Z_idx n))) -> Values.mword n -> P (Values.mword n)
rv64d.width_mnemonic_wide_forwards :
BinNums.Z -> String.string
rv64d.width_mnemonic_forwards :
BinNums.Z -> String.string
rv64d.width_enc_wide_forwards :
BinNums.Z -> Values.mword (BinNums.Zpos (BinNums.xI BinNums.xH))
rv64d.width_enc_wide_backwards_matches :
Values.mword (BinNums.Zpos (BinNums.xI BinNums.xH)) -> bool
rv64d.width_enc_wide_backwards :
Values.mword (BinNums.Zpos (BinNums.xI BinNums.xH)) -> rv64d_types.M BinNums.Z
rv64d.width_enc_forwards :
BinNums.Z -> Values.mword (BinNums.Zpos (BinNums.xO BinNums.xH))
rv64d.width_enc_backwards_matches :
Values.mword (BinNums.Zpos (BinNums.xO BinNums.xH)) -> bool
rv64d.width_enc_backwards :
Values.mword (BinNums.Zpos (BinNums.xO BinNums.xH)) -> BinNums.Z
Wf_nat.well_founded_ltof :
forall (A : Type) (f : A -> nat), well_founded (Wf_nat.ltof A f)
well_founded_induction_type :
forall (A : Type) (R : A -> A -> Prop), well_founded R -> forall P : A -> Type, (forall x : A, (forall y : A, R y x -> P y) -> P x) -> forall a : A, P a
well_founded_induction :
forall (A : Type) (R : A -> A -> Prop), well_founded R -> forall P : A -> Set, (forall x : A, (forall y : A, R y x -> P y) -> P x) -> forall a : A, P a
well_founded_ind :
forall (A : Type) (R : A -> A -> Prop), well_founded R -> forall P : A -> Prop, (forall x : A, (forall y : A, R y x -> P y) -> P x) -> forall a : A, P a
well_founded :
forall A : Type, (A -> A -> Prop) -> Prop
rv64d.wait_name_forwards :
rv64d_types.WaitReason -> String.string
rv64d.wait_is_nop :
rv64d_types.WaitReason -> bool
rv64d.wX_pair_bits :
rv64d_types.regidx -> Values.mword (BinInt.Z.mul (BinNums.Zpos (BinNums.xO (BinNums.xO (BinNums.xO (BinNums.xO (BinNums.xO (BinNums.xO BinNums.xH))))))) (BinNums.Zpos (BinNums.xO BinNums.xH))) -> rv64d_types.M unit
rv64d.wX_bits :
rv64d_types.regidx -> Values.mword (BinNums.Zpos (BinNums.xO (BinNums.xO (BinNums.xO (BinNums.xO (BinNums.xO (BinNums.xO BinNums.xH))))))) -> rv64d_types.M unit
rv64d.wX :
rv64d_types.regno -> Values.mword (BinNums.Zpos (BinNums.xO (BinNums.xO (BinNums.xO (BinNums.xO (BinNums.xO (BinNums.xO BinNums.xH))))))) -> rv64d_types.M unit
VirtioModel.vring_desc_f_write :
BinNums.Z
VirtioModel.vring_desc_f_next :
BinNums.Z
VirtioModel.vreq_wr :
VirtioModel.vmem -> VirtioModel.vio_req -> VirtioModel.disk_wr
VirtioModel.vreq_used_len :
VirtioModel.vio_req -> definitions.bv (BinNums.Npos (BinNums.xO (BinNums.xO (BinNums.xO (BinNums.xO (BinNums.xO BinNums.xH))))))
VirtioModel.vreq_touch :
VirtioModel.vio_req -> gmap.gset BinNums.Z
VirtioModel.vreq_span :
VirtioModel.vio_req -> nat
VirtioModel.vreq_nsectors :
VirtioModel.vio_req -> nat
VirtioModel.vreq_key :
VirtioModel.vio_req -> nat -> BinNums.Z
VirtioModel.vreq_cache_of :
VirtioModel.vmem -> VirtioModel.vio_req -> list nat -> gmap.gmap BinNums.Z (list (definitions.bv (BinNums.Npos (BinNums.xO (BinNums.xO (BinNums.xO BinNums.xH))))))
VirtioModel.vreq_cache :
VirtioModel.vmem -> VirtioModel.vio_req -> gmap.gmap BinNums.Z (list (definitions.bv (BinNums.Npos (BinNums.xO (BinNums.xO (BinNums.xO BinNums.xH))))))
VirtioModel.vr_wr :
VirtioModel.vio_req -> bool
VirtioModel.vr_type :
VirtioModel.vio_req -> definitions.bv (BinNums.Npos (BinNums.xO (BinNums.xO (BinNums.xO (BinNums.xO (BinNums.xO BinNums.xH))))))
VirtioModel.vr_status :
VirtioModel.vio_req -> rv64d_types.Arch.pa
VirtioModel.vr_sector :
VirtioModel.vio_req -> definitions.bv (BinNums.Npos (BinNums.xO (BinNums.xO (BinNums.xO (BinNums.xO (BinNums.xO (BinNums.xO BinNums.xH)))))))
VirtioModel.vr_len :
VirtioModel.vio_req -> definitions.bv (BinNums.Npos (BinNums.xO (BinNums.xO (BinNums.xO (BinNums.xO (BinNums.xO BinNums.xH))))))
VirtioModel.vr_head :
VirtioModel.vio_req -> definitions.bv (BinNums.Npos (BinNums.xO (BinNums.xO (BinNums.xO (BinNums.xO BinNums.xH)))))
VirtioModel.vr_buf :
VirtioModel.vio_req -> rv64d_types.Arch.pa
VirtioModel.vq_used_ring_off :
BinNums.Z
VirtioModel.vq_used_elem_size :
BinNums.Z
VirtioModel.vq_size_ok :
BinNums.Z -> bool
VirtioModel.vq_idx_off :
BinNums.Z
VirtioModel.vq_desc_size :
BinNums.Z
VirtioModel.vq_avail_ring_off :
BinNums.Z
rv64d.vmem_write_addr :
rv64d_types.virtaddr -> forall width : BinNums.Z, Values.mword (BinInt.Z.mul (BinNums.Zpos (BinNums.xO (BinNums.xO (BinNums.xO BinNums.xH)))) width) -> rv64d_types.MemoryAccessType rv64d_types.mem_payload -> bool -> bool -> bool -> rv64d_types.M (Values.result bool rv64d_types.ExecutionResult)
rv64d.vmem_write :
rv64d_types.regidx ->
Values.mword (BinNums.Zpos (BinNums.xO (BinNums.xO (BinNums.xO (BinNums.xO (BinNums.xO (BinNums.xO BinNums.xH))))))) ->
forall width : BinNums.Z, Values.mword (BinInt.Z.mul (BinNums.Zpos (BinNums.xO (BinNums.xO (BinNums.xO BinNums.xH)))) width) -> rv64d_types.MemoryAccessType rv64d_types.mem_payload -> bool -> bool -> bool -> rv64d_types.M (Values.result bool rv64d_types.ExecutionResult)
rv64d.vmem_read_addr :
rv64d_types.virtaddr -> forall width : BinNums.Z, rv64d_types.MemoryAccessType rv64d_types.mem_payload -> bool -> bool -> bool -> rv64d_types.M (Values.result (Values.mword (BinInt.Z.mul (BinNums.Zpos (BinNums.xO (BinNums.xO (BinNums.xO BinNums.xH)))) width)) rv64d_types.ExecutionResult)
rv64d.vmem_read :
rv64d_types.regidx ->
Values.mword (BinNums.Zpos (BinNums.xO (BinNums.xO (BinNums.xO (BinNums.xO (BinNums.xO (BinNums.xO BinNums.xH))))))) ->
forall width : BinNums.Z, rv64d_types.MemoryAccessType rv64d_types.mem_payload -> bool -> bool -> bool -> rv64d_types.M (Values.result (Values.mword (BinInt.Z.mul (BinNums.Zpos (BinNums.xO (BinNums.xO (BinNums.xO BinNums.xH)))) width)) rv64d_types.ExecutionResult)
VirtioModel.vmem :
Type
rv64d.vlen_exp :
BinNums.Z
rv64d.vlen :
BinNums.Z
TsoMemPa.visibleb :
nat -> nat -> list TsoMemPa.pwmsg -> nat -> bool
rv64d.virtual_memory_supported :
unit -> rv64d_types.M bool
rv64d.virtual_instruction_writes_xtval :
bool
VirtioModel.virtio_write :
VirtioModel.virtio_state -> BinNums.Z -> definitions.bv (BinNums.Npos (BinNums.xO (BinNums.xO (BinNums.xO (BinNums.xO (BinNums.xO BinNums.xH)))))) -> option VirtioModel.virtio_state
VirtioModel.virtio_window_size :
BinNums.Z
VirtioModel.virtio_wce :
VirtioModel.virtio_cfg -> bool
VirtioModel.virtio_version :
BinNums.Z
VirtioModel.virtio_vendor_id :
BinNums.Z
VirtioModel.virtio_used_writes :
VirtioModel.virtio_cfg -> definitions.bv (BinNums.Npos (BinNums.xO (BinNums.xO (BinNums.xO (BinNums.xO BinNums.xH))))) -> VirtioModel.vio_req -> gmap.gmap rv64d_types.Arch.pa (definitions.bv (BinNums.Npos (BinNums.xO (BinNums.xO (BinNums.xO BinNums.xH)))))
VirtioModel.virtio_stalled :
VirtioModel.virtio_state -> VirtioModel.vmem -> bool
VirtioModel.virtio_size :
BinNums.Z
VirtioModel.virtio_serve_ok :
VirtioModel.virtio_state -> VirtioModel.vmem -> definitions.bv (BinNums.Npos (BinNums.xO (BinNums.xO (BinNums.xO (BinNums.xO BinNums.xH))))) -> bool
VirtioModel.virtio_sector_size :
BinNums.Z
VirtioModel.virtio_sector_bytes :
nat
VirtioModel.virtio_reset :
VirtioModel.virtio_state -> VirtioModel.virtio_state
VirtioModel.virtio_req_step :
VirtioModel.virtio_state -> VirtioModel.vmem -> definitions.bv (BinNums.Npos (BinNums.xO (BinNums.xO (BinNums.xO (BinNums.xO BinNums.xH))))) -> option (VirtioModel.virtio_state * gmap.gmap rv64d_types.Arch.pa (definitions.bv (BinNums.Npos (BinNums.xO (BinNums.xO (BinNums.xO BinNums.xH))))))
VirtioModel.virtio_read :
VirtioModel.virtio_state -> BinNums.Z -> option (definitions.bv (BinNums.Npos (BinNums.xO (BinNums.xO (BinNums.xO (BinNums.xO (BinNums.xO BinNums.xH)))))))
VirtioModel.virtio_queue_num_max :
BinNums.Z
VirtioModel.virtio_pop_step :
VirtioModel.virtio_state -> VirtioModel.vmem -> option VirtioModel.virtio_state
VirtioModel.virtio_pop_ok :
VirtioModel.virtio_state -> VirtioModel.vmem -> bool
VirtioModel.virtio_pop :
VirtioModel.virtio_state -> VirtioModel.vmem -> VirtioModel.virtio_state
VirtioModel.virtio_magic_value :
BinNums.Z
VirtioModel.virtio_live :
VirtioModel.virtio_cfg -> bool
DevModel.virtio_irq_id :
BinNums.N
VirtioModel.virtio_irq :
VirtioModel.virtio_state -> bool
VirtioModel.virtio_driver_ok :
VirtioModel.virtio_cfg -> bool
VirtioModel.virtio_drain_step :
VirtioModel.virtio_state -> BinNums.Z -> option VirtioModel.virtio_state
VirtioModel.virtio_device_features_hi :
BinNums.Z
VirtioModel.virtio_device_features :
BinNums.Z
VirtioModel.virtio_complete_ok :
VirtioModel.virtio_state -> VirtioModel.vio_req -> definitions.bv (BinNums.Npos (BinNums.xO (BinNums.xO (BinNums.xO (BinNums.xO BinNums.xH))))) -> bool
VirtioModel.virtio_complete :
VirtioModel.virtio_state ->
VirtioModel.vmem -> VirtioModel.vio_req -> definitions.bv (BinNums.Npos (BinNums.xO (BinNums.xO (BinNums.xO (BinNums.xO BinNums.xH))))) -> VirtioModel.virtio_state * gmap.gmap rv64d_types.Arch.pa (definitions.bv (BinNums.Npos (BinNums.xO (BinNums.xO (BinNums.xO BinNums.xH)))))
VirtioModel.virtio_chain_ok :
VirtioModel.virtio_cfg -> VirtioModel.vmem -> definitions.bv (BinNums.Npos (BinNums.xO (BinNums.xO (BinNums.xO (BinNums.xO BinNums.xH))))) -> bool
VirtioModel.virtio_cfg0 :
VirtioModel.virtio_cfg
VirtioModel.virtio_capture_step :
VirtioModel.virtio_state -> VirtioModel.vmem -> definitions.bv (BinNums.Npos (BinNums.xO (BinNums.xO (BinNums.xO (BinNums.xO BinNums.xH))))) -> option VirtioModel.virtio_state
VirtioModel.virtio_capacity0 :
BinNums.Z
VirtioModel.virtio_blk_t_out :
BinNums.Z
VirtioModel.virtio_blk_t_in :
BinNums.Z
VirtioModel.virtio_blk_t_flush :
BinNums.Z
VirtioModel.virtio_blk_s_unsupp :
BinNums.Z
VirtioModel.virtio_blk_s_ok :
BinNums.Z
VirtioModel.virtio_blk_device_id :
BinNums.Z
VirtioModel.virtio_base :
BinNums.Z
VirtioModel.virtio0_state :
VirtioModel.virtio_state
VirtioModel.vio_off_version :
BinNums.Z
VirtioModel.vio_off_vendor_id :
BinNums.Z
VirtioModel.vio_off_status :
BinNums.Z
VirtioModel.vio_off_shm_sel :
BinNums.Z
VirtioModel.vio_off_shm_len_low :
BinNums.Z
VirtioModel.vio_off_shm_len_high :
BinNums.Z
VirtioModel.vio_off_shm_base_low :
BinNums.Z
VirtioModel.vio_off_shm_base_high :
BinNums.Z
VirtioModel.vio_off_queue_sel :
BinNums.Z
VirtioModel.vio_off_queue_reset :
BinNums.Z
VirtioModel.vio_off_queue_ready :
BinNums.Z
VirtioModel.vio_off_queue_num_max :
BinNums.Z
VirtioModel.vio_off_queue_num :
BinNums.Z
VirtioModel.vio_off_queue_notify :
BinNums.Z
VirtioModel.vio_off_queue_desc_low :
BinNums.Z
VirtioModel.vio_off_queue_desc_high :
BinNums.Z
VirtioModel.vio_off_magic_value :
BinNums.Z
VirtioModel.vio_off_interrupt_status :
BinNums.Z
VirtioModel.vio_off_interrupt_ack :
BinNums.Z
VirtioModel.vio_off_driver_features_sel :
BinNums.Z
VirtioModel.vio_off_driver_features :
BinNums.Z
VirtioModel.vio_off_driver_desc_low :
BinNums.Z
VirtioModel.vio_off_driver_desc_high :
BinNums.Z
VirtioModel.vio_off_device_id :
BinNums.Z
VirtioModel.vio_off_device_features_sel :
BinNums.Z
VirtioModel.vio_off_device_features :
BinNums.Z
VirtioModel.vio_off_device_desc_low :
BinNums.Z
VirtioModel.vio_off_device_desc_high :
BinNums.Z
VirtioModel.vio_off_config_generation :
BinNums.Z
VirtioModel.vio_off_config_capacity_low :
BinNums.Z
VirtioModel.vio_off_config_capacity_high :
BinNums.Z
VirtioModel.vio_off_config :
BinNums.Z
VirtioModel.vio_isr_used_buffer :
BinNums.Z
VirtioModel.view_word :
VirtioModel.vmem -> rv64d_types.Arch.pa -> forall n : BinNums.N, definitions.bv (BinNat.N.mul (BinNums.Npos (BinNums.xO (BinNums.xO (BinNums.xO BinNums.xH)))) n)
view.view_valid_instance :
forall (SI : stepindex.sidx) (A : ofe.ofe) (B : cmra.ucmra) (rel : view.view_rel A B), cmra.Valid (view.view (view.view_rel_holds rel))
view.view_valid_eq :
forall (SI : stepindex.sidx) (A : ofe.ofe) (B : cmra.ucmra) (rel : view.view_rel A B),
cmra.valid =
(fun x : view.view (view.view_rel_holds rel) =>
 match view.view_auth_proj x with
 | Some (dq, ag) => cmra.valid dq /\ (forall n : stepindex.sidx_car, exists a : ofe.ofe_car A, ofe.dist n ag (agree.to_agree a) /\ view.view_rel_holds rel n a (view.view_frag_proj x))
 | None => forall n : stepindex.sidx_car, exists a : ofe.ofe_car A, view.view_rel_holds rel n a (view.view_frag_proj x)
 end)
view.view_validN_instance :
forall (SI : stepindex.sidx) (A : ofe.ofe) (B : cmra.ucmra) (rel : view.view_rel A B), cmra.ValidN (view.view (view.view_rel_holds rel))
view.view_validN_eq :
forall (SI : stepindex.sidx) (A : ofe.ofe) (B : cmra.ucmra) (rel : view.view_rel A B),
cmra.validN =
(fun (n : stepindex.sidx_car) (x : view.view (view.view_rel_holds rel)) =>
 match view.view_auth_proj x with
 | Some (dq, ag) => cmra.validN n dq /\ (exists a : ofe.ofe_car A, ofe.dist n ag (agree.to_agree a) /\ view.view_rel_holds rel n a (view.view_frag_proj x))
 | None => exists a : ofe.ofe_car A, view.view_rel_holds rel n a (view.view_frag_proj x)
 end)
view.view_rel_validN :
forall (SI : stepindex.sidx) (A : ofe.ofe) (B : cmra.ucmra) (v : view.view_rel A B) (n : stepindex.sidx_car) (a : ofe.ofe_car A) (b : cmra.ucmra_car B), view.view_rel_holds v n a b -> cmra.validN n b
view.view_rel_unit :
forall (SI : stepindex.sidx) (A : ofe.ofe) (B : cmra.ucmra) (v : view.view_rel A B) (n : stepindex.sidx_car), exists a : ofe.ofe_car A, view.view_rel_holds v n a cmra.ε
view.view_rel_mono :
forall (SI : stepindex.sidx) (A : ofe.ofe) (B : cmra.ucmra) (v : view.view_rel A B) (n1 n2 : stepindex.sidx_car) (a1 a2 : ofe.ofe_car A) (b1 b2 : cmra.ucmra_car B),
view.view_rel_holds v n1 a1 b1 -> ofe.dist n2 a1 a2 -> cmra.includedN n2 b2 b1 -> stepindex.sidx_le n2 n1 -> view.view_rel_holds v n2 a2 b2
view.view_rel_holds :
forall (SI : stepindex.sidx) (A : ofe.ofe) (B : cmra.ucmra), view.view_rel A B -> stepindex.sidx_car -> ofe.ofe_car A -> cmra.ucmra_car B -> Prop
view.view_pcore_instance :
forall (SI : stepindex.sidx) (A : ofe.ofe) (B : cmra.ucmra) (rel : view.view_rel A B), cmra.PCore (view.view (view.view_rel_holds rel))
view.view_op_instance :
forall (SI : stepindex.sidx) (A : ofe.ofe) (B : cmra.ucmra) (rel : view.view_rel A B), cmra.Op (view.view (view.view_rel_holds rel))
view.view_frag_proj :
forall (SI : stepindex.sidx) (A B : Type) (rel : stepindex.sidx_car -> A -> B -> Prop), view.view rel -> B
view.view_frag :
forall (SI : stepindex.sidx) (A : ofe.ofe) (B : cmra.ucmra) (rel : view.view_rel A B), cmra.ucmra_car B -> view.view (view.view_rel_holds rel)
view.view_equiv :
forall (SI : stepindex.sidx) (A B : ofe.ofe) (rel : stepindex.sidx_car -> ofe.ofe_car A -> ofe.ofe_car B -> Prop), base.Equiv (view.view rel)
view.view_empty_instance :
forall (SI : stepindex.sidx) (A : ofe.ofe) (B : cmra.ucmra) (rel : view.view_rel A B), cmra.Unit (view.view (view.view_rel_holds rel))
view.view_dist :
forall (SI : stepindex.sidx) (A B : ofe.ofe) (rel : stepindex.sidx_car -> ofe.ofe_car A -> ofe.ofe_car B -> Prop), ofe.Dist (view.view rel)
VirtioModel.view_bytes :
VirtioModel.vmem -> rv64d_types.Arch.pa -> nat -> list (definitions.bv (BinNums.Npos (BinNums.xO (BinNums.xO (BinNums.xO BinNums.xH)))))
view.view_auth_proj :
forall (SI : stepindex.sidx) (A B : Type) (rel : stepindex.sidx_car -> A -> B -> Prop), view.view rel -> option (dfrac.dfrac * agree.agree A)
view.view_auth :
forall (SI : stepindex.sidx) (A : ofe.ofe) (B : cmra.ucmra) (rel : view.view_rel A B), dfrac.dfrac -> ofe.ofe_car A -> view.view (view.view_rel_holds rel)
view.viewUR :
forall (SI : stepindex.sidx) (A : ofe.ofe) (B : cmra.ucmra), view.view_rel A B -> cmra.ucmra
view.viewO :
forall (SI : stepindex.sidx) (A B : ofe.ofe), (stepindex.sidx_car -> ofe.ofe_car A -> ofe.ofe_car B -> Prop) -> ofe.ofe
Operators_mwords.vector_truncate :
forall n : BinNums.Z, Values.mword n -> forall m : BinNums.Z, Values.mword m
rv64d.vector_support_level :
rv64d_types.vector_support
rv64d.vector_support_ge :
rv64d_types.vector_support -> rv64d_types.vector_support -> bool
Values.vector_init :
forall (T : Type) (n : BinNums.Z), T -> Values.vec T n
rv64d_types.vector_64_option_TLB_Entry_s :
rv64d_types.regstate -> rv64d_types.register_vector_64_option_TLB_Entry -> Values.vec (option rv64d_types.TLB_Entry) (BinInt.Z.pow (BinNums.Zpos (BinNums.xO BinNums.xH)) (BinNums.Zpos (BinNums.xO (BinNums.xI BinNums.xH))))
rv64d_types.vector_64_bitvector_8_s :
rv64d_types.regstate -> rv64d_types.register_vector_64_bitvector_8 -> Values.vec (Values.mword (BinNums.Zpos (BinNums.xO (BinNums.xO (BinNums.xO BinNums.xH))))) (BinNums.Zpos (BinNums.xO (BinNums.xO (BinNums.xO (BinNums.xO (BinNums.xO (BinNums.xO BinNums.xH)))))))
rv64d_types.vector_64_bitvector_64_s :
rv64d_types.regstate ->
rv64d_types.register_vector_64_bitvector_64 -> Values.vec (Values.mword (BinNums.Zpos (BinNums.xO (BinNums.xO (BinNums.xO (BinNums.xO (BinNums.xO (BinNums.xO BinNums.xH)))))))) (BinNums.Zpos (BinNums.xO (BinNums.xO (BinNums.xO (BinNums.xO (BinNums.xO (BinNums.xO BinNums.xH)))))))
rv64d_types.vector_32_bitvector_64_s :
rv64d_types.regstate -> rv64d_types.register_vector_32_bitvector_64 -> Values.vec (Values.mword (BinNums.Zpos (BinNums.xO (BinNums.xO (BinNums.xO (BinNums.xO (BinNums.xO (BinNums.xO BinNums.xH)))))))) (BinNums.Zpos (BinNums.xO (BinNums.xO (BinNums.xO (BinNums.xO (BinNums.xO BinNums.xH))))))
Values.vec_update_dec :
forall (T : Type) (n : BinNums.Z), base.Inhabited T -> Values.vec T n -> BinNums.Z -> T -> Values.vec T n
Operators_mwords.vec_of_bits :
forall l : list (Values.mword (BinNums.Zpos BinNums.xH)), Values.mword (Values.length_list l)
Values.vec_length :
forall (T : Type) (n : BinNums.Z), Values.vec T n -> BinNums.Z
Values.vec_access_dec :
forall (T : Type) (n : BinNums.Z), Values.vec T n -> BinNums.Z -> base.Inhabited T -> T
Values.vec :
Type -> BinNums.Z -> Type
VirtioModel.vd_next :
VirtioModel.vq_desc -> definitions.bv (BinNums.Npos (BinNums.xO (BinNums.xO (BinNums.xO (BinNums.xO BinNums.xH)))))
VirtioModel.vd_len :
VirtioModel.vq_desc -> definitions.bv (BinNums.Npos (BinNums.xO (BinNums.xO (BinNums.xO (BinNums.xO (BinNums.xO BinNums.xH))))))
VirtioModel.vd_has :
VirtioModel.vq_desc -> BinNums.Z -> bool
VirtioModel.vd_flags :
VirtioModel.vq_desc -> definitions.bv (BinNums.Npos (BinNums.xO (BinNums.xO (BinNums.xO (BinNums.xO BinNums.xH)))))
VirtioModel.vd_addr :
VirtioModel.vq_desc -> rv64d_types.Arch.pa
VirtioModel.vc_used :
VirtioModel.virtio_cfg -> rv64d_types.Arch.pa
VirtioModel.vc_status :
VirtioModel.virtio_cfg -> definitions.bv (BinNums.Npos (BinNums.xO (BinNums.xO (BinNums.xO (BinNums.xO (BinNums.xO BinNums.xH))))))
VirtioModel.vc_shmsel :
VirtioModel.virtio_cfg -> definitions.bv (BinNums.Npos (BinNums.xO (BinNums.xO (BinNums.xO (BinNums.xO (BinNums.xO BinNums.xH))))))
VirtioModel.vc_ready :
VirtioModel.virtio_cfg -> bool
VirtioModel.vc_qsel :
VirtioModel.virtio_cfg -> definitions.bv (BinNums.Npos (BinNums.xO (BinNums.xO (BinNums.xO (BinNums.xO (BinNums.xO BinNums.xH))))))
VirtioModel.vc_qnum :
VirtioModel.virtio_cfg -> definitions.bv (BinNums.Npos (BinNums.xO (BinNums.xO (BinNums.xO (BinNums.xO (BinNums.xO BinNums.xH))))))
VirtioModel.vc_dfsel :
VirtioModel.virtio_cfg -> definitions.bv (BinNums.Npos (BinNums.xO (BinNums.xO (BinNums.xO (BinNums.xO (BinNums.xO BinNums.xH))))))
VirtioModel.vc_dfeat1 :
VirtioModel.virtio_cfg -> definitions.bv (BinNums.Npos (BinNums.xO (BinNums.xO (BinNums.xO (BinNums.xO (BinNums.xO BinNums.xH))))))
VirtioModel.vc_dfeat :
VirtioModel.virtio_cfg -> definitions.bv (BinNums.Npos (BinNums.xO (BinNums.xO (BinNums.xO (BinNums.xO (BinNums.xO BinNums.xH))))))
VirtioModel.vc_devfsel :
VirtioModel.virtio_cfg -> definitions.bv (BinNums.Npos (BinNums.xO (BinNums.xO (BinNums.xO (BinNums.xO (BinNums.xO BinNums.xH))))))
VirtioModel.vc_desc :
VirtioModel.virtio_cfg -> rv64d_types.Arch.pa
VirtioModel.vc_avail :
VirtioModel.virtio_cfg -> rv64d_types.Arch.pa
rv64d_types.Interface.WriteReq.value :
forall n : BinNums.N, rv64d_types.Interface.WriteReq.t n -> definitions.bv (BinNat.N.mul (BinNums.Npos (BinNums.xO (BinNums.xO (BinNums.xO BinNums.xH)))) n)
xv6iris_extras.valid_reservation :
unit -> bool
rv64d.valid_load_encdec :
BinNums.Z -> bool -> bool
String.valid_hex_bits :
BinNums.Z -> String.string -> bool
ZMicromega.valid_cut_sign :
RingMicromega.Op1 -> bool
cmra.validN :
forall (SI : stepindex.sidx) (A : Type), cmra.ValidN A -> stepindex.sidx_car -> A -> Prop
cmra.valid :
forall A : Type, cmra.Valid A -> A -> Prop
rv64d_types.Arch.va_size :
BinNums.N
rv64d_types.Interface.va :
Set
VirtioModel.v_used_idx :
VirtioModel.virtio_state -> definitions.bv (BinNums.Npos (BinNums.xO (BinNums.xO (BinNums.xO (BinNums.xO BinNums.xH)))))
VirtioModel.v_taken :
VirtioModel.virtio_state -> option (definitions.bv (BinNums.Npos (BinNums.xO (BinNums.xO (BinNums.xO (BinNums.xO BinNums.xH))))))
VirtioModel.v_seen :
VirtioModel.virtio_state -> definitions.bv (BinNums.Npos (BinNums.xO (BinNums.xO (BinNums.xO (BinNums.xO BinNums.xH)))))
VirtioModel.v_isr :
VirtioModel.virtio_state -> definitions.bv (BinNums.Npos (BinNums.xO (BinNums.xO (BinNums.xO (BinNums.xO (BinNums.xO BinNums.xH))))))
VirtioModel.v_inflight :
VirtioModel.virtio_state -> gmap.gset (definitions.bv (BinNums.Npos (BinNums.xO (BinNums.xO (BinNums.xO (BinNums.xO BinNums.xH))))))
VirtioModel.v_disk :
VirtioModel.virtio_state -> BinNums.Z -> definitions.bv (BinNums.Npos (BinNums.xO (BinNums.xO (BinNums.xO BinNums.xH))))
VirtioModel.v_cfg :
VirtioModel.virtio_state -> VirtioModel.virtio_cfg
VirtioModel.v_cap :
VirtioModel.virtio_state -> definitions.bv (BinNums.Npos (BinNums.xO (BinNums.xO (BinNums.xO (BinNums.xO (BinNums.xO (BinNums.xO BinNums.xH)))))))
VirtioModel.v_cache :
VirtioModel.virtio_state -> gmap.gmap BinNums.Z (list (definitions.bv (BinNums.Npos (BinNums.xO (BinNums.xO (BinNums.xO BinNums.xH))))))
rv64d.utype_mnemonic_forwards :
rv64d_types.uop -> String.string
Operators_mwords.update_vec_dec :
forall a : BinNums.Z, Values.mword a -> BinNums.Z -> Values.mword (BinNums.Zpos BinNums.xH) -> Values.mword a
Operators_mwords.update_subrange_vec_dec :
forall n : BinNums.Z, Values.mword n -> forall m o : BinNums.Z, Values.mword (BinInt.Z.sub m (BinInt.Z.sub o (BinNums.Zpos BinNums.xH))) -> Values.mword n
MachineWord.MachineWord.update_slice :
forall m n : BinNums.N, MachineWord.MachineWord.word m -> BinNums.N -> MachineWord.MachineWord.word n -> MachineWord.MachineWord.word m
Values.update_mword_dec :
forall a : BinNums.Z, Values.mword a -> BinNums.Z -> Values.mword (BinNums.Zpos BinNums.xH) -> MachineWord.MachineWord.word (MachineWord.MachineWord.Z_idx a)
Values.update_list_inc :
forall A : Type, list A -> BinNums.Z -> A -> list A
Values.update_list_dec :
forall A : Type, list A -> BinNums.Z -> A -> list A
rv64d.update_elp_state :
rv64d_types.regidx -> rv64d_types.M unit
rv64d.update_and_write_pte :
forall sv_width : BinNums.Z,
Values.mword (BinInt.Z.sub sv_width (BinNums.Zpos (BinNums.xO (BinNums.xO (BinNums.xI BinNums.xH))))) ->
rv64d_types.physaddr ->
Values.mword
  (if BinInt.Z.eqb sv_width (BinNums.Zpos (BinNums.xO (BinNums.xO (BinNums.xO (BinNums.xO (BinNums.xO BinNums.xH))))))
   then BinNums.Zpos (BinNums.xO (BinNums.xO (BinNums.xO (BinNums.xO (BinNums.xO BinNums.xH)))))
   else BinNums.Zpos (BinNums.xO (BinNums.xO (BinNums.xO (BinNums.xO (BinNums.xO (BinNums.xO BinNums.xH))))))) ->
BinNums.Z ->
rv64d_types.MemoryAccessType rv64d_types.mem_payload ->
rv64d_types.Privilege ->
bool ->
bool ->
unit ->
rv64d_types.M
  (Values.result
     (option
        (Values.mword
           (if BinInt.Z.eqb sv_width (BinNums.Zpos (BinNums.xO (BinNums.xO (BinNums.xO (BinNums.xO (BinNums.xO BinNums.xH))))))
            then BinNums.Zpos (BinNums.xO (BinNums.xO (BinNums.xO (BinNums.xO (BinNums.xO BinNums.xH)))))
            else BinNums.Zpos (BinNums.xO (BinNums.xO (BinNums.xO (BinNums.xO (BinNums.xO (BinNums.xO BinNums.xH)))))))) *
      unit)
     (rv64d_types.PTW_Error * unit))
rv64d.update_PTE_Bits :
forall pte_size : BinNums.Z, Values.mword pte_size -> rv64d_types.MemoryAccessType rv64d_types.mem_payload -> option (Values.mword pte_size)
rv64d_types.Defs.unwrap_value :
forall (A E : Type) (m : rv64d_types.Defs.monad E A), match m with
                                                      | rv64d_types.Interface.Ret _ => A
                                                      | rv64d_types.Interface.Next _ _ => True
                                                      end
rv64d_types.Defs.untilMT' :
forall (E Vars : Type) (limit : BinNums.Z), Vars -> (Vars -> rv64d_types.Defs.monad E bool) -> (Vars -> rv64d_types.Defs.monad E Vars) -> Acc (Zwf.Zwf BinNums.Z0) limit -> rv64d_types.Defs.monad E Vars
rv64d_types.Defs.untilMT :
forall E Vars : Type, Vars -> (Vars -> BinNums.Z) -> (Vars -> rv64d_types.Defs.monad E bool) -> (Vars -> rv64d_types.Defs.monad E Vars) -> rv64d_types.Defs.monad E Vars
unit_rect :
forall P : unit -> Type, P tt -> forall u : unit, P u
unit_rec :
forall P : unit -> Set, P tt -> forall u : unit, P u
decidable.unit_eq_dec :
base.RelDecision eq
countable.unit_countable :
countable.Countable unit
base.union_with :
forall A M : Type, base.UnionWith A M -> (A -> A -> option A) -> M -> M -> M
base.union_list :
forall A : Type, base.Empty A -> base.Union A -> list A -> A
base.union :
forall A : Type, base.Union A -> A -> A -> A
uncurry :
forall A B C : Type, (A -> B -> C) -> A * B -> C
Operators_mwords.uint :
forall a : BinNums.Z, Values.mword a -> BinNums.Z
cmra.ucmra_validN :
forall (SI : stepindex.sidx) (u : cmra.ucmra), cmra.ValidN (cmra.ucmra_car u)
cmra.ucmra_valid :
forall (SI : stepindex.sidx) (u : cmra.ucmra), cmra.Valid (cmra.ucmra_car u)
cmra.ucmra_unit :
forall (SI : stepindex.sidx) (u : cmra.ucmra), cmra.Unit (cmra.ucmra_car u)
cmra.ucmra_pcore :
forall (SI : stepindex.sidx) (u : cmra.ucmra), cmra.PCore (cmra.ucmra_car u)
cmra.ucmra_op :
forall (SI : stepindex.sidx) (u : cmra.ucmra), cmra.Op (cmra.ucmra_car u)
cmra.ucmra_ofe_mixin :
forall (SI : stepindex.sidx) (u : cmra.ucmra), ofe.OfeMixin (cmra.ucmra_car u)
cmra.ucmra_ofeO :
forall SI : stepindex.sidx, cmra.ucmra -> ofe.ofe
cmra.ucmra_mixin :
forall (SI : stepindex.sidx) (u : cmra.ucmra), cmra.UcmraMixin (cmra.ucmra_car u)
cmra.ucmra_equiv :
forall (SI : stepindex.sidx) (u : cmra.ucmra), base.Equiv (cmra.ucmra_car u)
cmra.ucmra_dist :
forall (SI : stepindex.sidx) (u : cmra.ucmra), ofe.Dist (cmra.ucmra_car u)
cmra.ucmra_cmra_mixin :
forall (SI : stepindex.sidx) (u : cmra.ucmra), cmra.CmraMixin (cmra.ucmra_car u)
cmra.ucmra_cmraR :
forall SI : stepindex.sidx, cmra.ucmra -> cmra.cmra
cmra.ucmra_car :
forall SI : stepindex.sidx, cmra.ucmra -> Type
DevModel.uart_write :
DevModel.uart_state -> BinNums.Z -> definitions.bv (BinNums.Npos (BinNums.xO (BinNums.xO (BinNums.xO BinNums.xH)))) -> option DevModel.uart_state
DevModel.uart_tx_pop :
DevModel.uart_state -> option (definitions.bv (BinNums.Npos (BinNums.xO (BinNums.xO (BinNums.xO BinNums.xH)))) * DevModel.uart_state)
DevModel.uart_tx_int :
DevModel.uart_state -> bool
DevModel.uart_thre :
DevModel.uart_state -> bool
DevModel.uart_size :
BinNums.Z
DevModel.uart_rx_ready :
DevModel.uart_state -> bool
DevModel.uart_rx_push :
DevModel.uart_state -> definitions.bv (BinNums.Npos (BinNums.xO (BinNums.xO (BinNums.xO BinNums.xH)))) -> option DevModel.uart_state
DevModel.uart_rx_int :
DevModel.uart_state -> bool
DevModel.uart_recv :
DevModel.uart_state -> definitions.bv (BinNums.Npos (BinNums.xO (BinNums.xO (BinNums.xO BinNums.xH)))) -> DevModel.uart_state
DevModel.uart_read :
DevModel.uart_state -> BinNums.Z -> option (definitions.bv (BinNums.Npos (BinNums.xO (BinNums.xO (BinNums.xO BinNums.xH)))) * DevModel.uart_state)
DevModel.uart_msr_idle :
BinNums.Z
DevModel.uart_msr :
DevModel.uart_state -> definitions.bv (BinNums.Npos (BinNums.xO (BinNums.xO (BinNums.xO BinNums.xH))))
DevModel.uart_mcr_reset :
BinNums.Z
DevModel.uart_lsr :
DevModel.uart_state -> definitions.bv (BinNums.Npos (BinNums.xO (BinNums.xO (BinNums.xO BinNums.xH))))
DevModel.uart_loopback :
DevModel.uart_state -> bool
DevModel.uart_isr_thri :
DevModel.uart_state -> bool
DevModel.uart_isr :
DevModel.uart_state -> definitions.bv (BinNums.Npos (BinNums.xO (BinNums.xO (BinNums.xO BinNums.xH))))
DevModel.uart_irq_id :
BinNums.N
DevModel.uart_irq :
DevModel.uart_state -> bool
DevModel.uart_fifo_en :
DevModel.uart_state -> bool
DevModel.uart_fifo_depth :
nat
DevModel.uart_dlab :
DevModel.uart_state -> bool
DevModel.uart_divisor_reset :
BinNums.Z
DevModel.uart_dev_write :
DevModel.dev_state -> BinNums.Z -> definitions.bv (BinNums.Npos (BinNums.xO (BinNums.xO (BinNums.xO BinNums.xH)))) -> option DevModel.dev_state
DevModel.uart_dev_read :
DevModel.dev_state -> BinNums.Z -> forall k : BinNums.N, option (definitions.bv k * DevModel.dev_state)
DevModel.uart_base :
BinNums.Z
DevModel.uart0_state :
DevModel.uart_state
DevModel.u_wire :
DevModel.uart_state -> list (definitions.bv (BinNums.Npos (BinNums.xO (BinNums.xO (BinNums.xO BinNums.xH)))))
DevModel.u_tx :
DevModel.uart_state -> list (definitions.bv (BinNums.Npos (BinNums.xO (BinNums.xO (BinNums.xO BinNums.xH)))))
DevModel.u_thri :
DevModel.uart_state -> bool
DevModel.u_scr :
DevModel.uart_state -> definitions.bv (BinNums.Npos (BinNums.xO (BinNums.xO (BinNums.xO BinNums.xH))))
DevModel.u_rx :
DevModel.uart_state -> list (definitions.bv (BinNums.Npos (BinNums.xO (BinNums.xO (BinNums.xO BinNums.xH)))))
DevModel.u_rbr :
DevModel.uart_state -> definitions.bv (BinNums.Npos (BinNums.xO (BinNums.xO (BinNums.xO BinNums.xH))))
DevModel.u_out :
DevModel.uart_state -> list (definitions.bv (BinNums.Npos (BinNums.xO (BinNums.xO (BinNums.xO BinNums.xH)))))
DevModel.u_mcr :
DevModel.uart_state -> definitions.bv (BinNums.Npos (BinNums.xO (BinNums.xO (BinNums.xO BinNums.xH))))
DevModel.u_lcr :
DevModel.uart_state -> definitions.bv (BinNums.Npos (BinNums.xO (BinNums.xO (BinNums.xO BinNums.xH))))
DevModel.u_ier :
DevModel.uart_state -> definitions.bv (BinNums.Npos (BinNums.xO (BinNums.xO (BinNums.xO BinNums.xH))))
DevModel.u_fcr :
DevModel.uart_state -> definitions.bv (BinNums.Npos (BinNums.xO (BinNums.xO (BinNums.xO BinNums.xH))))
DevModel.u_dlm :
DevModel.uart_state -> definitions.bv (BinNums.Npos (BinNums.xO (BinNums.xO (BinNums.xO BinNums.xH))))
DevModel.u_dll :
DevModel.uart_state -> definitions.bv (BinNums.Npos (BinNums.xO (BinNums.xO (BinNums.xO BinNums.xH))))
rv64d_types.type_of_register :
rv64d_types.register -> Type
rv64d_types.tvec_alignment :
Type
rv64d.tvec_addr :
Values.mword (BinNums.Zpos (BinNums.xO (BinNums.xO (BinNums.xO (BinNums.xO (BinNums.xO (BinNums.xO BinNums.xH))))))) ->
Values.mword (BinNums.Zpos (BinNums.xO (BinNums.xO (BinNums.xO (BinNums.xO (BinNums.xO (BinNums.xO BinNums.xH))))))) -> option (Values.mword (BinNums.Zpos (BinNums.xO (BinNums.xO (BinNums.xO (BinNums.xO (BinNums.xO (BinNums.xO BinNums.xH))))))))
rv64d.tval :
option (Values.mword (BinNums.Zpos (BinNums.xO (BinNums.xO (BinNums.xO (BinNums.xO (BinNums.xO (BinNums.xO BinNums.xH)))))))) -> Values.mword (BinNums.Zpos (BinNums.xO (BinNums.xO (BinNums.xO (BinNums.xO (BinNums.xO (BinNums.xO BinNums.xH)))))))
TsoMemPa.tso_read :
gmap.gmap rv64d_types.Arch.pa (definitions.bv (BinNums.Npos (BinNums.xO (BinNums.xO (BinNums.xO BinNums.xH))))) -> list TsoMemPa.pwmsg -> nat -> nat -> rv64d_types.Arch.pa -> option (definitions.bv (BinNums.Npos (BinNums.xO (BinNums.xO (BinNums.xO BinNums.xH)))))
rv64d.try_step :
BinNums.Z -> bool -> rv64d_types.M bool
rv64d_types.Defs.try_catch :
forall A E1 E2 : Type, rv64d_types.Defs.monad E1 A -> (E1 -> rv64d_types.Defs.monad E2 A) -> rv64d_types.Defs.monad E2 A
rv64d.trunc :
forall n m : BinNums.Z, Values.mword n -> Values.mword m
rv64d.trap_handler :
rv64d_types.Privilege ->
rv64d_types.TrapCause ->
Values.mword (BinNums.Zpos (BinNums.xO (BinNums.xO (BinNums.xO (BinNums.xO (BinNums.xO (BinNums.xO BinNums.xH))))))) ->
option (Values.mword (BinNums.Zpos (BinNums.xO (BinNums.xO (BinNums.xO (BinNums.xO (BinNums.xO (BinNums.xO BinNums.xH)))))))) -> option unit -> rv64d_types.M (Values.mword (BinNums.Zpos (BinNums.xO (BinNums.xO (BinNums.xO (BinNums.xO (BinNums.xO (BinNums.xO BinNums.xH))))))))
rv64d.trap_callback :
bool -> Values.mword (BinNums.Zpos (BinNums.xO (BinNums.xI BinNums.xH))) -> unit
rv64d.trapVectorMode_forwards :
Values.mword (BinNums.Zpos (BinNums.xO BinNums.xH)) -> rv64d_types.TrapVectorMode
rv64d.trapVectorMode_backwards :
rv64d_types.TrapVectorMode -> Values.mword (BinNums.Zpos (BinNums.xO BinNums.xH))
rv64d.trapCause_to_str :
rv64d_types.TrapCause -> String.string
rv64d.trapCause_is_interrupt :
rv64d_types.TrapCause -> bool
rv64d.trapCause_bits_forwards :
rv64d_types.TrapCause -> Values.mword (BinNums.Zpos (BinNums.xO (BinNums.xI BinNums.xH)))
rv64d.trap :
rv64d_types.sync_exception -> rv64d_types.M rv64d_types.ExecutionResult
rv64d.translationMode :
rv64d_types.Privilege -> rv64d_types.M rv64d_types.SATPMode
rv64d.translationException :
rv64d_types.MemoryAccessType rv64d_types.mem_payload -> rv64d_types.PTW_Error -> rv64d_types.M rv64d_types.ExceptionType
rv64d_types.Arch.translation :
Type
rv64d.translate_and_write_value :
rv64d_types.virtaddr -> forall width : BinNums.Z, Values.mword (BinInt.Z.mul (BinNums.Zpos (BinNums.xO (BinNums.xO (BinNums.xO BinNums.xH)))) width) -> rv64d_types.MemoryAccessType rv64d_types.mem_payload -> bool -> bool -> bool -> rv64d_types.M (Values.result bool rv64d_types.ExecutionResult)
rv64d.translate_and_read_value :
rv64d_types.virtaddr ->
forall width : BinNums.Z, rv64d_types.MemoryAccessType rv64d_types.mem_payload -> bool -> bool -> bool -> rv64d_types.M (Values.result (rv64d_types.physaddr * Values.mword (BinInt.Z.mul (BinNums.Zpos (BinNums.xO (BinNums.xO (BinNums.xO BinNums.xH)))) width)) rv64d_types.ExecutionResult)
rv64d.translate_TLB_miss :
forall sv_width : BinNums.Z,
Values.mword
  (if BinInt.Z.eqb (BinNums.Zpos (BinNums.xO (BinNums.xO (BinNums.xO (BinNums.xO (BinNums.xO (BinNums.xO BinNums.xH))))))) (BinNums.Zpos (BinNums.xO (BinNums.xO (BinNums.xO (BinNums.xO (BinNums.xO BinNums.xH))))))
   then BinNums.Zpos (BinNums.xI (BinNums.xO (BinNums.xO BinNums.xH)))
   else BinNums.Zpos (BinNums.xO (BinNums.xO (BinNums.xO (BinNums.xO BinNums.xH))))) ->
Values.mword
  (if BinInt.Z.eqb sv_width (BinNums.Zpos (BinNums.xO (BinNums.xO (BinNums.xO (BinNums.xO (BinNums.xO BinNums.xH)))))) then BinNums.Zpos (BinNums.xO (BinNums.xI (BinNums.xI (BinNums.xO BinNums.xH)))) else BinNums.Zpos (BinNums.xO (BinNums.xO (BinNums.xI (BinNums.xI (BinNums.xO BinNums.xH)))))) ->
Values.mword (BinInt.Z.sub sv_width (BinNums.Zpos (BinNums.xO (BinNums.xO (BinNums.xI BinNums.xH))))) ->
rv64d_types.MemoryAccessType rv64d_types.mem_payload ->
rv64d_types.Privilege ->
bool ->
bool ->
unit ->
rv64d_types.M
  (Values.result
     (Values.mword
        (if BinInt.Z.eqb sv_width (BinNums.Zpos (BinNums.xO (BinNums.xO (BinNums.xO (BinNums.xO (BinNums.xO BinNums.xH)))))) then BinNums.Zpos (BinNums.xO (BinNums.xI (BinNums.xI (BinNums.xO BinNums.xH)))) else BinNums.Zpos (BinNums.xO (BinNums.xO (BinNums.xI (BinNums.xI (BinNums.xO BinNums.xH)))))) *
      rv64d_types.page_based_mem_type * unit)
     (rv64d_types.PTW_Error * unit))
rv64d.translate_TLB_hit :
forall sv_width : BinNums.Z,
Values.mword
  (if BinInt.Z.eqb (BinNums.Zpos (BinNums.xO (BinNums.xO (BinNums.xO (BinNums.xO (BinNums.xO (BinNums.xO BinNums.xH))))))) (BinNums.Zpos (BinNums.xO (BinNums.xO (BinNums.xO (BinNums.xO (BinNums.xO BinNums.xH))))))
   then BinNums.Zpos (BinNums.xI (BinNums.xO (BinNums.xO BinNums.xH)))
   else BinNums.Zpos (BinNums.xO (BinNums.xO (BinNums.xO (BinNums.xO BinNums.xH))))) ->
Values.mword (BinInt.Z.sub sv_width (BinNums.Zpos (BinNums.xO (BinNums.xO (BinNums.xI BinNums.xH))))) ->
rv64d_types.MemoryAccessType rv64d_types.mem_payload ->
rv64d_types.Privilege ->
bool ->
bool ->
unit ->
BinNums.Z ->
rv64d_types.TLB_Entry ->
rv64d_types.M
  (Values.result
     (Values.mword
        (if BinInt.Z.eqb sv_width (BinNums.Zpos (BinNums.xO (BinNums.xO (BinNums.xO (BinNums.xO (BinNums.xO BinNums.xH)))))) then BinNums.Zpos (BinNums.xO (BinNums.xI (BinNums.xI (BinNums.xO BinNums.xH)))) else BinNums.Zpos (BinNums.xO (BinNums.xO (BinNums.xI (BinNums.xI (BinNums.xO BinNums.xH)))))) *
      rv64d_types.page_based_mem_type * unit)
     (rv64d_types.PTW_Error * unit))
rv64d.translateAddr :
rv64d_types.virtaddr -> rv64d_types.MemoryAccessType rv64d_types.mem_payload -> rv64d_types.M (Values.result (rv64d_types.physaddr * rv64d_types.page_based_mem_type * unit) (rv64d_types.ExceptionType * unit))
rv64d.translate :
forall sv_width : BinNums.Z,
Values.mword
  (if BinInt.Z.eqb (BinNums.Zpos (BinNums.xO (BinNums.xO (BinNums.xO (BinNums.xO (BinNums.xO (BinNums.xO BinNums.xH))))))) (BinNums.Zpos (BinNums.xO (BinNums.xO (BinNums.xO (BinNums.xO (BinNums.xO BinNums.xH))))))
   then BinNums.Zpos (BinNums.xI (BinNums.xO (BinNums.xO BinNums.xH)))
   else BinNums.Zpos (BinNums.xO (BinNums.xO (BinNums.xO (BinNums.xO BinNums.xH))))) ->
Values.mword
  (if BinInt.Z.eqb sv_width (BinNums.Zpos (BinNums.xO (BinNums.xO (BinNums.xO (BinNums.xO (BinNums.xO BinNums.xH)))))) then BinNums.Zpos (BinNums.xO (BinNums.xI (BinNums.xI (BinNums.xO BinNums.xH)))) else BinNums.Zpos (BinNums.xO (BinNums.xO (BinNums.xI (BinNums.xI (BinNums.xO BinNums.xH)))))) ->
Values.mword (BinInt.Z.sub sv_width (BinNums.Zpos (BinNums.xO (BinNums.xO (BinNums.xI BinNums.xH))))) ->
rv64d_types.MemoryAccessType rv64d_types.mem_payload ->
rv64d_types.Privilege ->
bool ->
bool ->
unit ->
rv64d_types.M
  (Values.result
     (Values.mword
        (if BinInt.Z.eqb sv_width (BinNums.Zpos (BinNums.xO (BinNums.xO (BinNums.xO (BinNums.xO (BinNums.xO BinNums.xH)))))) then BinNums.Zpos (BinNums.xO (BinNums.xI (BinNums.xI (BinNums.xO BinNums.xH)))) else BinNums.Zpos (BinNums.xO (BinNums.xO (BinNums.xI (BinNums.xI (BinNums.xO BinNums.xH)))))) *
      rv64d_types.page_based_mem_type * unit)
     (rv64d_types.PTW_Error * unit))
RelationClasses.transitivity :
forall (A : Type) (R : Relation_Definitions.relation A), RelationClasses.Transitive R -> forall x y z : A, R x y -> R y z -> R x z
rv64d.transform_effective_address :
rv64d_types.virtaddr -> rv64d_types.MemoryAccessType rv64d_types.mem_payload -> rv64d_types.M rv64d_types.virtaddr
Morphisms.trans_sym_co_inv_impl_morphism :
forall (A : Type) (R : Relation_Definitions.relation A), RelationClasses.PER R -> forall x : A, Morphisms.Proper (Morphisms.respectful R (Basics.flip Basics.impl)) (R x)
rv64d_types.Arch.trans_start :
Set
OrdersTac.trans_ord :
OrdersTac.ord -> OrdersTac.ord -> OrdersTac.ord
rv64d_types.Arch.trans_end :
Set
Morphisms.trans_contra_co_morphism :
forall (A : Type) (R : Relation_Definitions.relation A), RelationClasses.Transitive R -> Morphisms.Proper (Morphisms.respectful (Basics.flip R) (Morphisms.respectful R Basics.impl)) R
Morphisms.trans_co_impl_morphism :
forall (A : Type) (R : Relation_Definitions.relation A), RelationClasses.Transitive R -> forall x : A, Morphisms.Proper (Morphisms.respectful R Basics.impl) (R x)
Morphisms.trans_co_eq_inv_impl_morphism :
forall (A : Type) (R : Relation_Definitions.relation A), RelationClasses.Transitive R -> Morphisms.Proper (Morphisms.respectful R (Morphisms.respectful eq (Basics.flip Basics.impl))) R
rv64d.track_trap :
rv64d_types.Privilege -> bool -> Values.mword (BinNums.Zpos (BinNums.xO (BinNums.xI BinNums.xH))) -> rv64d_types.M unit
Values.to_word_idx :
forall n : BinNums.N, MachineWord.MachineWord.word n -> Values.mword (MachineWord.MachineWord.idx_Z n)
Values.to_word :
forall n : BinNums.Z, MachineWord.MachineWord.word (MachineWord.MachineWord.Z_idx n) -> Values.mword n
RiscvLang.to_val :
RiscvLang.mexpr -> option RiscvLang.mval
IntDef.Z.to_pos :
BinNums.Z -> BinNums.positive
BinInt.Z.to_nat :
BinNums.Z -> nat
PosDef.Pos.to_nat :
BinNums.positive -> nat
BinNatDef.N.to_nat :
BinNums.N -> nat
rv64d.to_bits_truncate :
forall l : BinNums.Z, BinNums.Z -> Values.mword l
rv64d.to_bits_checked :
forall l : BinNums.Z, BinNums.Z -> rv64d_types.M (Values.mword l)
rv64d.to_bits :
forall l : BinNums.Z, BinNums.Z -> Values.mword l
agree.to_agree :
forall A : Type, A -> agree.agree A
Uint63Axioms.to_Z_rec :
nat -> PrimInt63.int -> BinNums.Z
Uint63Axioms.to_Z :
PrimInt63.int -> BinNums.Z
BinInt.Z.to_N :
BinNums.Z -> BinNums.N
HexString.Raw.to_N :
String.string -> BinNums.N -> BinNums.N
BinaryString.Raw.to_N :
String.string -> BinNums.N -> BinNums.N
rv64d.tlb_set_pte :
forall n : BinNums.Z, rv64d_types.TLB_Entry -> Values.mword (BinInt.Z.mul n (BinNums.Zpos (BinNums.xO (BinNums.xO (BinNums.xO BinNums.xH))))) -> rv64d_types.TLB_Entry
rv64d_types.Arch.tlb_op :
Type
rv64d.tlb_hash :
forall _sv_mode : BinNums.Z, Values.mword (BinInt.Z.sub _sv_mode (BinNums.Zpos (BinNums.xO (BinNums.xO (BinNums.xI BinNums.xH))))) -> BinNums.Z
rv64d.tlb_get_pte :
forall pte_size : BinNums.Z, rv64d_types.TLB_Entry -> Values.mword (BinInt.Z.mul pte_size (BinNums.Zpos (BinNums.xO (BinNums.xO (BinNums.xO BinNums.xH)))))
rv64d.tlb_get_ppn :
forall sv_width : BinNums.Z,
rv64d_types.TLB_Entry ->
Values.mword (BinInt.Z.sub sv_width (BinNums.Zpos (BinNums.xO (BinNums.xO (BinNums.xI BinNums.xH))))) ->
Values.mword
  (if BinInt.Z.eqb sv_width (BinNums.Zpos (BinNums.xO (BinNums.xO (BinNums.xO (BinNums.xO (BinNums.xO BinNums.xH)))))) then BinNums.Zpos (BinNums.xO (BinNums.xI (BinNums.xI (BinNums.xO BinNums.xH)))) else BinNums.Zpos (BinNums.xO (BinNums.xO (BinNums.xI (BinNums.xI (BinNums.xO BinNums.xH))))))
rv64d.tlb_get_pbmt :
rv64d_types.TLB_Entry -> rv64d_types.M rv64d_types.page_based_mem_type
rv64d.tlb_get_level :
BinNums.Z -> rv64d_types.TLB_Entry -> BinNums.Z
rv64d.tlb_flush_end_callback :
Values.vec (option rv64d_types.TLB_Entry) (BinInt.Z.pow (BinNums.Zpos (BinNums.xO BinNums.xH)) (BinNums.Zpos (BinNums.xO (BinNums.xI BinNums.xH)))) -> unit
rv64d.tlb_flush_callback :
BinNums.Z -> unit
rv64d.tlb_add_callback :
Values.vec (option rv64d_types.TLB_Entry) (BinInt.Z.pow (BinNums.Zpos (BinNums.xO BinNums.xH)) (BinNums.Zpos (BinNums.xO (BinNums.xI BinNums.xH)))) -> BinNums.Z -> unit
List.tl :
forall A : Type, list A -> list A
rv64d.tick_pc :
unit -> rv64d_types.M unit
rv64d.tick_clock :
unit -> rv64d_types.M unit
rv64d_types.Defs.throw :
forall A E : Type, E -> rv64d_types.Defs.monad E A
RiscvLang.thread_live :
RiscvLang.gstate -> nat -> Prop
Qcanon.this :
Qcanon.Qc -> QArith_base.Q
BinInt.Z.testbit_wd :
Morphisms.Proper (Morphisms.respectful BinInt.Z.eq (Morphisms.respectful BinInt.Z.eq eq)) BinInt.Z.testbit
BinIntDef.Z.testbit :
BinNums.Z -> BinNums.Z -> bool
BinPosDef.Pos.testbit :
BinNums.positive -> BinNums.N -> bool
BinNatDef.N.testbit :
BinNums.N -> BinNums.N -> bool
Tauto.tauto_checker :
forall Term Term' Annot : Type, (Term' -> bool) -> (Term' -> Term' -> option Term') -> (Term -> Annot -> Tauto.cnf Term' Annot) -> (Term -> Annot -> Tauto.cnf Term' Annot) -> forall Witness : Type, (list (Term' * Annot) -> Witness -> bool) -> Tauto.GFormula Tauto.isProp -> list Witness -> bool
Env.tail :
forall D : Type, Env.Env D -> BinNums.positive -> D
Fin.t_ind :
forall P : forall n : nat, Fin.t n -> Prop, (forall n : nat, P (S n) Fin.F1) -> (forall (n : nat) (t : Fin.t n), P n t -> P (S n) (Fin.FS t)) -> forall (n : nat) (t : Fin.t n), P n t
rv64d.t0 :
rv64d_types.regidx
rv64d.sys_writable_hpm_counters :
rv64d_types.bits (BinNums.Zpos (BinNums.xO (BinNums.xO (BinNums.xO (BinNums.xO (BinNums.xO BinNums.xH))))))
rv64d.sys_scounteren_writable_bits :
rv64d_types.bits (BinNums.Zpos (BinNums.xO (BinNums.xO (BinNums.xO (BinNums.xO (BinNums.xO BinNums.xH))))))
rv64d_types.Arch.sys_reg_id :
Type
rv64d.sys_pmp_usable_count :
BinNums.Z
rv64d.sys_pmp_grain :
BinNums.Z
rv64d.sys_pmp_count :
BinNums.Z
rv64d.sys_misaligned_order_decreasing :
bool
rv64d.sys_misaligned_byte_by_byte :
bool
rv64d.sys_misaligned_allowed_within_exp :
BinNums.Z
rv64d.sys_mcounteren_writable_bits :
rv64d_types.bits (BinNums.Zpos (BinNums.xO (BinNums.xO (BinNums.xO (BinNums.xO (BinNums.xO BinNums.xH))))))
rv64d.sys_enable_writable_misa :
bool
rv64d.sys_enable_writable_fiom :
bool
riscv_extras.sys_enable_experimental_extensions :
unit -> bool
rv64d_types.sync_exception_trap :
rv64d_types.sync_exception -> rv64d_types.ExceptionType
rv64d_types.sync_exception_ext :
rv64d_types.sync_exception -> option rv64d_types.ext_exception
rv64d_types.sync_exception_excinfo :
rv64d_types.sync_exception -> option rv64d_types.xlenbits
RelationClasses.symmetry :
forall (A : Type) (R : Relation_Definitions.relation A), RelationClasses.Symmetric R -> forall x y : A, R x y -> R y x
BinPos.Pos.switch_Eq :
comparison -> comparison -> comparison
sumbool_rect :
forall (A B : Prop) (P : {A} + {B} -> Type), (forall a : A, P (left a)) -> (forall b : B, P (right b)) -> forall s : {A} + {B}, P s
sumbool_rec :
forall (A B : Prop) (P : {A} + {B} -> Set), (forall a : A, P (left a)) -> (forall b : B, P (right b)) -> forall s : {A} + {B}, P s
sumbool_of_bool :
forall b : bool, {b = true} + {b = false}
PeanoNat.Nat.succ_wd_obligation_1 :
Morphisms.respectful eq eq S S
BinInt.Z.succ_wd :
Morphisms.Proper (Morphisms.respectful BinInt.Z.eq BinInt.Z.eq) BinInt.Z.succ
PeanoNat.Nat.succ_wd :
Morphisms.Proper (Morphisms.respectful eq eq) S
BinNat.N.succ_wd :
Morphisms.Proper (Morphisms.respectful BinNat.N.eq BinNat.N.eq) BinNat.N.succ
NatDef.N.succ_pos :
BinNums.N -> BinNums.positive
PosDef.Pos.succ_double_mask :
PosDef.Pos.mask -> PosDef.Pos.mask
IntDef.Z.succ_double :
BinNums.Z -> BinNums.Z
NatDef.N.succ_double :
BinNums.N -> BinNums.N
BinInt.Z.succ :
BinNums.Z -> BinNums.Z
BinPos.Pos.succ :
BinNums.positive -> BinNums.positive
BinNatDef.N.succ :
BinNums.N -> BinNums.N
base.subseteq :
forall A : Type, base.SubsetEq A -> Relation_Definitions.relation A
RelationClasses.subrelation :
forall A : Type, Relation_Definitions.relation A -> Relation_Definitions.relation A -> Prop
Operators_mwords.subrange_vec_dec :
forall n : BinNums.Z, Values.mword n -> forall m o : BinNums.Z, Values.mword (BinInt.Z.add (BinInt.Z.sub m o) (BinNums.Zpos BinNums.xH))
list_relations.submseteq_ind :
forall (A : Type) (P : list A -> list A -> Prop),
P nil nil ->
(forall (x : A) (l1 l2 : list A), list_relations.submseteq l1 l2 -> P l1 l2 -> P (x :: l1)%list (x :: l2)%list) ->
(forall (x y : A) (l : list A), P (y :: x :: l)%list (x :: y :: l)%list) ->
(forall (x : A) (l1 l2 : list A), list_relations.submseteq l1 l2 -> P l1 l2 -> P l1 (x :: l2)%list) -> (forall l1 l2 l3 : list A, list_relations.submseteq l1 l2 -> P l1 l2 -> list_relations.submseteq l2 l3 -> P l2 l3 -> P l1 l3) -> forall l l0 : list A, list_relations.submseteq l l0 -> P l l0
PeanoNat.Nat.sub_wd_obligation_1 :
Morphisms.respectful eq (Morphisms.respectful eq eq) Nat.sub Nat.sub
BinInt.Z.sub_wd :
Morphisms.Proper (Morphisms.respectful BinInt.Z.eq (Morphisms.respectful BinInt.Z.eq BinInt.Z.eq)) BinInt.Z.sub
PeanoNat.Nat.sub_wd :
Morphisms.Proper (Morphisms.respectful eq (Morphisms.respectful eq eq)) Nat.sub
BinNat.N.sub_wd :
Morphisms.Proper (Morphisms.respectful BinNat.N.eq (Morphisms.respectful BinNat.N.eq BinNat.N.eq)) BinNat.N.sub
rv64d.sub_virtaddr_xlenbits :
rv64d_types.virtaddr -> Values.mword (BinNums.Zpos (BinNums.xO (BinNums.xO (BinNums.xO (BinNums.xO (BinNums.xO (BinNums.xO BinNums.xH))))))) -> rv64d_types.virtaddr
Operators_mwords.sub_vec_int :
forall a : BinNums.Z, Values.mword a -> BinNums.Z -> Values.mword a
Operators_mwords.sub_vec :
forall n : BinNums.Z, Values.mword n -> Values.mword n -> Values.mword n
PosDef.Pos.sub_mask_carry :
BinNums.positive -> BinNums.positive -> PosDef.Pos.mask
BinPosDef.Pos.sub_mask :
BinNums.positive -> BinNums.positive -> BinPosDef.Pos.mask
BinInt.Z.sub :
BinNums.Z -> BinNums.Z -> BinNums.Z
BinPos.Pos.sub :
BinNums.positive -> BinNums.positive -> BinNums.positive
NatDef.N.sub :
BinNums.N -> BinNums.N -> BinNums.N
MachineWord.MachineWord.sub :
forall n : BinNums.N, MachineWord.MachineWord.word n -> MachineWord.MachineWord.word n -> MachineWord.MachineWord.word n
PeanoNat.Nat.sub :
nat -> nat -> nat
String.string_rect :
forall P : String.string -> Type, P String.EmptyString -> (forall (a : Ascii.ascii) (s : String.string), P s -> P (String.String a s)) -> forall s : String.string, P s
String.string_rec :
forall P : String.string -> Set, P String.EmptyString -> (forall (a : Ascii.ascii) (s : String.string), P s -> P (String.String a s)) -> forall s : String.string, P s
String.string_of_int :
BinNums.Z -> String.string
String.string_of_bits :
forall n : BinNums.Z, Values.mword n -> String.string
String.string_of_N :
nat -> BinNums.N -> String.string -> String.string
base.strict :
forall A : Type, Relation_Definitions.relation A -> Relation_Definitions.relation A
statement_seed :
Prop
rv64d.stateen_bit_index_forwards :
rv64d_types.stateen_bit -> BinNums.Z
rv64d.stateen_allows_CSR_access :
Values.mword (BinNums.Zpos (BinNums.xO (BinNums.xO (BinNums.xI BinNums.xH)))) -> rv64d_types.Privilege -> rv64d_types.CSRAccessType -> rv64d_types.M bool
language.state :
language.language -> Type
RiscvLang.sregs :
RiscvLang.mstate -> rv64d_types.regstate
rv64d.split_on_page_boundary :
forall n : BinNums.Z, Values.mword n -> BinNums.Z -> rv64d_types.M (BinNums.Z * BinNums.Z)
rv64d.split_misaligned :
rv64d_types.physaddr -> BinNums.Z -> BinNums.Z -> rv64d_types.Splittability -> rv64d_types.M (BinNums.Z * BinNums.Z)
rv64d.split_access :
forall n : BinNums.Z, Values.mword n -> BinNums.Z -> rv64d_types.M (BinNums.Z * BinNums.Z)
rv64d.spc_forwards :
unit -> String.string
rv64d.sp_reg_name_forwards :
unit -> rv64d_types.M String.string
rv64d.sp :
rv64d_types.regidx
OrderedRing.sor_setoid_Transitive :
forall (R : Type) (rO rI : R) (rplus rtimes rminus : R -> R -> R) (ropp : R -> R) (req rle rlt : R -> R -> Prop), OrderedRing.SOR rO rI rplus rtimes rminus ropp req rle rlt -> RelationClasses.Transitive req
OrderedRing.sor_setoid_Symmetric :
forall (R : Type) (rO rI : R) (rplus rtimes rminus : R -> R -> R) (ropp : R -> R) (req rle rlt : R -> R -> Prop), OrderedRing.SOR rO rI rplus rtimes rminus ropp req rle rlt -> RelationClasses.Symmetric req
OrderedRing.sor_setoid_Reflexive :
forall (R : Type) (rO rI : R) (rplus rtimes rminus : R -> R -> R) (ropp : R -> R) (req rle rlt : R -> R -> Prop), OrderedRing.SOR rO rI rplus rtimes rminus ropp req rle rlt -> RelationClasses.Reflexive req
OrderedRing.sor_setoid :
forall (R : Type) (rO rI : R) (rplus rtimes rminus : R -> R -> R) (ropp : R -> R) (req rle rlt : R -> R -> Prop), OrderedRing.SOR rO rI rplus rtimes rminus ropp req rle rlt -> RelationClasses.Equivalence req
rv64d.software_check_fault_writes_xtval :
bool
rv64d.software_check_cause_forwards :
rv64d_types.Software_Check_Code -> Values.mword (BinNums.Zpos (BinNums.xO BinNums.xH))
rv64d.software_breakpoint_writes_xtval :
bool
base.snd_proper :
forall (A : Type) (H : base.Equiv A) (B : Type) (H0 : base.Equiv B), Morphisms.Proper (Morphisms.respectful base.equiv base.equiv) snd
snd :
forall A B : Type, A * B -> B
FsDurSnap.snap_ok :
FsState.fs_state_rec -> gmap.gmap BinNums.Z (list (definitions.bv (BinNums.Npos (BinNums.xO (BinNums.xO (BinNums.xO BinNums.xH)))))) -> Prop
RiscvLang.snap_of :
forall w : BinNums.N, rv64d_types.Arch.pa -> BinNums.N -> definitions.bv w -> RiscvLang.resv
FsDurSnap.snap_meta :
FsState.fs_state_rec -> BinNums.Z -> Prop
FsDurSnap.snap_local :
FsState.fs_state_rec -> Prop
MachineWord.MachineWord.slice :
forall m n : BinNums.N, MachineWord.MachineWord.word m -> BinNums.N -> MachineWord.MachineWord.word n
Operators_mwords.slice :
forall n : BinNums.Z, Values.mword n -> BinNums.Z -> forall len : BinNums.Z, Values.mword len
ListDef.skipn :
forall A : Type, nat -> list A -> list A
BinPos.Pos.size_nat :
BinNums.positive -> nat
BinPos.Pos.size :
BinNums.positive -> BinNums.positive
base.size :
forall C : Type, base.Size C -> C -> nat
Uint63Axioms.size :
nat
Operators_mwords.sint :
forall a : BinNums.Z, Values.mword a -> BinNums.Z
base.singletonMS :
forall A B : Type, base.SingletonMS A B -> A -> B
base.singletonM :
forall K A M : Type, base.SingletonM K A M -> K -> A -> M
base.singleton :
forall A B : Type, base.Singleton A B -> A -> B
Ring_theory.sign_spec :
forall (C : Type) (copp : C -> C) (ceqb : C -> C -> bool) (get_sign : C -> option C), Ring_theory.sign_theory copp ceqb get_sign -> forall c c' : C, get_sign c = Some c' -> ceqb c (copp c') = true
rv64d.sign_extend' :
forall n m : BinNums.Z, Values.mword n -> Values.mword m
MachineWord.MachineWord.sign_extend :
forall m n : BinNums.N, MachineWord.MachineWord.word m -> MachineWord.MachineWord.word n
Operators_mwords.sign_extend :
forall a : BinNums.Z, Values.mword a -> forall n : BinNums.Z, Values.mword n
rv64d.sig_store :
rv64d_types.physaddr -> forall width : BinNums.Z, Values.mword (BinInt.Z.mul (BinNums.Zpos (BinNums.xO (BinNums.xO (BinNums.xO BinNums.xH)))) width) -> rv64d_types.M (Values.result bool (rv64d_types.physaddr * rv64d_types.ExceptionType))
rv64d.sig_load :
rv64d_types.MemoryAccessType rv64d_types.mem_payload -> rv64d_types.physaddr -> forall width : BinNums.Z, rv64d_types.M (Values.result (Values.mword (BinInt.Z.mul (BinNums.Zpos (BinNums.xO (BinNums.xO (BinNums.xO BinNums.xH)))) width)) (rv64d_types.physaddr * rv64d_types.ExceptionType))
stepindex.sidx_mixin_lt_wf :
forall (I : Type) (ilt ile : Relation_Definitions.relation I) (zero : I) (succ : I -> I), stepindex.SIdxMixin ilt ile zero succ -> well_founded ilt
stepindex.sidx_mixin_lt_trans :
forall (I : Type) (ilt ile : Relation_Definitions.relation I) (zero : I) (succ : I -> I), stepindex.SIdxMixin ilt ile zero succ -> RelationClasses.Transitive ilt
stepindex.sidx_mixin_le_lteq :
forall (I : Type) (ilt ile : Relation_Definitions.relation I) (zero : I) (succ : I -> I), stepindex.SIdxMixin ilt ile zero succ -> forall n m : I, ile n m <-> ilt n m \/ n = m
stepindex.sidx_mixin :
forall s : stepindex.sidx, stepindex.SIdxMixin stepindex.sidx_lt stepindex.sidx_le stepindex.sidx_zero stepindex.sidx_succ
stepindex.sidx_lt :
forall s : stepindex.sidx, Relation_Definitions.relation stepindex.sidx_car
stepindex.sidx_le :
forall s : stepindex.sidx, Relation_Definitions.relation stepindex.sidx_car
rv64d.should_inc_minstret :
rv64d_types.Privilege -> rv64d_types.M bool
rv64d.should_inc_mcycle :
rv64d_types.Privilege -> rv64d_types.M bool
rv64d.shouldWakeForInterrupt :
unit -> rv64d_types.M bool
BinInt.Z.shiftr :
BinNums.Z -> BinNums.Z -> BinNums.Z
BinNat.N.shiftr :
BinNums.N -> BinNums.N -> BinNums.N
Operators_mwords.shiftr :
forall a : BinNums.Z, Values.mword a -> BinNums.Z -> Values.mword a
BinInt.Z.shiftl :
BinNums.Z -> BinNums.Z -> BinNums.Z
BinPosDef.Pos.shiftl :
BinNums.positive -> BinNums.N -> BinNums.positive
BinNat.N.shiftl :
BinNums.N -> BinNums.N -> BinNums.N
Operators_mwords.shiftl :
forall a : BinNums.Z, Values.mword a -> BinNums.Z -> Values.mword a
rv64d.shiftiwop_mnemonic_forwards :
rv64d_types.sopw -> String.string
rv64d.shiftiop_mnemonic_forwards :
rv64d_types.sop -> String.string
rv64d.shift_bits_right_arith :
forall m n : BinNums.Z, Values.mword n -> Values.mword m -> Values.mword n
riscv_extras.shift_bits_right :
forall a b : BinNums.Z, Values.mword a -> Values.mword b -> Values.mword a
riscv_extras.shift_bits_left :
forall a b : BinNums.Z, Values.mword a -> Values.mword b -> Values.mword a
Ascii.shift :
bool -> Ascii.ascii -> Ascii.ascii
rv64d_types.shamt_zba :
Type
BinInt.Z.sgn :
BinNums.Z -> BinNums.Z
rv64d.set_xepc :
rv64d_types.Privilege -> Values.mword (BinNums.Zpos (BinNums.xO (BinNums.xO (BinNums.xO (BinNums.xO (BinNums.xO (BinNums.xO BinNums.xH))))))) -> rv64d_types.M (Values.mword (BinNums.Zpos (BinNums.xO (BinNums.xO (BinNums.xO (BinNums.xO (BinNums.xO (BinNums.xO BinNums.xH))))))))
rv64d.set_vstart :
Values.mword (BinNums.Zpos (BinNums.xO (BinNums.xO (BinNums.xO (BinNums.xO BinNums.xH))))) -> rv64d_types.M unit
VirtioModel.set_vcfg :
VirtioModel.virtio_state -> VirtioModel.virtio_cfg -> VirtioModel.virtio_state
sets.set_unfold_elem_of :
forall (A C : Type) (H : base.ElemOf A C) (x : A) (X : C) (Q : Prop), sets.SetUnfoldElemOf x X Q -> base.elem_of x X <-> Q
sets.set_unfold_2 :
forall P Q : Prop, sets.SetUnfold P Q -> Q -> P
sets.set_unfold :
forall P Q : Prop, sets.SetUnfold P Q -> P <-> Q
fin_maps.set_to_map :
forall B C : Type, base.Elements B C -> forall K A M : Type, base.Insert K A M -> base.Empty M -> (B -> K * A) -> C -> M
rv64d.set_stvec :
Values.mword (BinNums.Zpos (BinNums.xO (BinNums.xO (BinNums.xO (BinNums.xO (BinNums.xO (BinNums.xO BinNums.xH))))))) -> rv64d_types.M (Values.mword (BinNums.Zpos (BinNums.xO (BinNums.xO (BinNums.xO (BinNums.xO (BinNums.xO (BinNums.xO BinNums.xH))))))))
fin_sets.set_size :
forall A C : Type, base.Elements A C -> base.Size C
RiscvLang.set_reg :
RiscvLang.mstate -> forall r : rv64d_types.register, rv64d_types.type_of_register r -> RiscvLang.mstate
rv64d.set_pc_reset_address :
Values.mword (BinNums.Zpos (BinNums.xO (BinNums.xO (BinNums.xO (BinNums.xO (BinNums.xO (BinNums.xO BinNums.xH))))))) -> rv64d_types.M unit
rv64d.set_next_pc :
Values.mword (BinNums.Zpos (BinNums.xO (BinNums.xO (BinNums.xO (BinNums.xO (BinNums.xO (BinNums.xO BinNums.xH))))))) -> rv64d_types.M unit
rv64d.set_mtvec :
Values.mword (BinNums.Zpos (BinNums.xO (BinNums.xO (BinNums.xO (BinNums.xO (BinNums.xO (BinNums.xO BinNums.xH))))))) -> rv64d_types.M (Values.mword (BinNums.Zpos (BinNums.xO (BinNums.xO (BinNums.xO (BinNums.xO (BinNums.xO (BinNums.xO BinNums.xH))))))))
VirtioModel.set_lo :
rv64d_types.Arch.pa -> definitions.bv (BinNums.Npos (BinNums.xO (BinNums.xO (BinNums.xO (BinNums.xO (BinNums.xO BinNums.xH)))))) -> rv64d_types.Arch.pa
VirtioModel.set_hi :
rv64d_types.Arch.pa -> definitions.bv (BinNums.Npos (BinNums.xO (BinNums.xO (BinNums.xO (BinNums.xO (BinNums.xO BinNums.xH)))))) -> rv64d_types.Arch.pa
DevModel.set_dvirtio :
DevModel.dev_state -> VirtioModel.virtio_state -> DevModel.dev_state
DevModel.set_duart :
DevModel.dev_state -> DevModel.uart_state -> DevModel.dev_state
DevModel.set_dplic :
DevModel.dev_state -> DevModel.plic_state -> DevModel.dev_state
sets.set_disjoint_instance :
forall A C : Type, base.ElemOf A C -> base.Disjoint C
list_numbers.seqZ :
BinNums.Z -> BinNums.Z -> list BinNums.Z
ListDef.seq :
nat -> nat -> list nat
rv64d.sep_forwards :
unit -> String.string
VirtioModel.sector_count :
nat -> nat
base.scalar_mul :
forall N A : Type, base.ScalarMul N A -> N -> A -> A
FsImg.sb_size :
FsImg.fs_sb -> BinNums.Z
FsImg.sb_nlog :
FsImg.fs_sb -> BinNums.Z
FsImg.sb_ninodes :
FsImg.fs_sb -> BinNums.Z
FsImg.sb_nblocks :
FsImg.fs_sb -> BinNums.Z
FsImg.sb_magic :
FsImg.fs_sb -> BinNums.Z
FsImg.sb_logstart :
FsImg.fs_sb -> BinNums.Z
FsImg.sb_inodestart :
FsImg.fs_sb -> BinNums.Z
FsImg.sb_bmapstart :
FsImg.fs_sb -> BinNums.Z
rv64d.satp_to_ppn :
forall n : BinNums.Z,
Values.mword n ->
Values.mword (if BinInt.Z.eqb n (BinNums.Zpos (BinNums.xO (BinNums.xO (BinNums.xO (BinNums.xO (BinNums.xO BinNums.xH)))))) then BinNums.Zpos (BinNums.xO (BinNums.xI (BinNums.xI (BinNums.xO BinNums.xH)))) else BinNums.Zpos (BinNums.xO (BinNums.xO (BinNums.xI (BinNums.xI (BinNums.xO BinNums.xH))))))
rv64d.satp_to_asid :
forall n : BinNums.Z,
Values.mword n -> Values.mword (if BinInt.Z.eqb n (BinNums.Zpos (BinNums.xO (BinNums.xO (BinNums.xO (BinNums.xO (BinNums.xO BinNums.xH)))))) then BinNums.Zpos (BinNums.xI (BinNums.xO (BinNums.xO BinNums.xH))) else BinNums.Zpos (BinNums.xO (BinNums.xO (BinNums.xO (BinNums.xO BinNums.xH)))))
rv64d.satp_mode_width_forwards :
rv64d_types.SATPMode -> rv64d_types.M BinNums.Z
rv64d_types.satp_mode :
Type
rv64d.satp_accessible :
rv64d_types.Privilege -> rv64d_types.M bool
rv64d.satpMode_of_bits :
rv64d_types.Architecture -> Values.mword (BinNums.Zpos (BinNums.xO (BinNums.xO BinNums.xH))) -> option rv64d_types.SATPMode
rv64d.samo_page_fault_writes_xtval :
bool
rv64d.samo_guest_page_fault_writes_xtval :
bool
rv64d.samo_access_fault_writes_xtval :
bool
rv64d_types.sail_regidx_encode :
rv64d_types.regidx -> BinNums.positive
rv64d_types.sail_regidx_decode :
BinNums.positive -> option rv64d_types.regidx
rv64d_types.sail_physaddr_encode :
rv64d_types.physaddr -> BinNums.positive
rv64d_types.sail_physaddr_decode :
BinNums.positive -> option rv64d_types.physaddr
rv64d.sail_ones :
forall n : BinNums.Z, Values.mword n
rv64d_types.Defs.sail_mem_write :
forall (e : Type) (n : BinNums.Z), ConcurrencyInterfaceTypes.Mem_write_request n (BinInt.Z.of_N rv64d_types.Arch.va_size) rv64d_types.Arch.pa rv64d_types.Arch.translation rv64d_types.Arch.arch_ak -> rv64d_types.Defs.monad e (Values.result (option bool) rv64d_types.Arch.abort)
rv64d_types.Defs.sail_mem_read :
forall (e : Type) (n : BinNums.Z),
ConcurrencyInterfaceTypes.Mem_read_request n (BinInt.Z.of_N rv64d_types.Arch.va_size) rv64d_types.Arch.pa rv64d_types.Arch.translation rv64d_types.Arch.arch_ak ->
rv64d_types.Defs.monad e (Values.result (Values.mword (BinInt.Z.mul (BinNums.Zpos (BinNums.xO (BinNums.xO (BinNums.xO BinNums.xH)))) n) * option bool) rv64d_types.Arch.abort)
rv64d.sail_mask :
forall v0 len : BinNums.Z, Values.mword v0 -> Values.mword len
rv64d_types.sail_cacheop_encode :
rv64d_types.cacheop -> BinNums.positive
rv64d_types.sail_cacheop_decode :
BinNums.positive -> option rv64d_types.cacheop
rv64d_types.Defs.sail_barrier :
forall e : Type, rv64d_types.Arch.barrier -> rv64d_types.Defs.monad e unit
rv64d_types.sail_MemoryAccessType_encode :
forall (a : Type) (EqDecision0 : base.RelDecision eq), countable.Countable a -> rv64d_types.MemoryAccessType a -> BinNums.positive
rv64d_types.sail_MemoryAccessType_decode :
forall (a : Type) (EqDecision0 : base.RelDecision eq), countable.Countable a -> BinNums.positive -> option (rv64d_types.MemoryAccessType a)
rv64d.rvfi_fetch :
unit -> rv64d_types.M rv64d_types.FetchResult
rv64d.run_hart_waiting :
BinNums.Z -> rv64d_types.WaitReason -> Values.mword (BinNums.Zpos (BinNums.xO (BinNums.xO (BinNums.xO (BinNums.xO (BinNums.xO BinNums.xH)))))) -> bool -> rv64d_types.M rv64d_types.Step
rv64d.run_hart_active :
BinNums.Z -> rv64d_types.M rv64d_types.Step
RiscvLang.run :
forall X : Type, rv64d_types.M X -> RiscvLang.mstate -> X -> RiscvLang.mstate -> Prop
rv64d.rtypew_mnemonic_forwards :
rv64d_types.ropw -> String.string
rv64d.rtype_mnemonic_forwards :
rv64d_types.rop -> String.string
Tauto.rtyp :
Tauto.kind -> Type
Ring_theory.rpow_pow_N :
forall (R : Type) (rI : R) (rmul : R -> R -> R) (req : R -> R -> Prop) (Cpow : Type) (Cp_phi : BinNums.N -> Cpow) (rpow : R -> Cpow -> R), Ring_theory.power_theory rI rmul req Cp_phi rpow -> forall (r : R) (n : BinNums.N), req (rpow r (Cp_phi n)) (Ring_theory.pow_N rI rmul r n)
rv64d.rotater :
forall m : BinNums.Z, Values.mword m -> BinNums.Z -> Values.mword m
rv64d.rotatel :
forall m : BinNums.Z, Values.mword m -> BinNums.Z -> Values.mword m
rv64d.rotate_bits_right :
forall m n : BinNums.Z, Values.mword m -> Values.mword n -> Values.mword m
rv64d.rotate_bits_left :
forall m n : BinNums.Z, Values.mword m -> Values.mword n -> Values.mword m
RiscvLang.riscv_step :
bool -> rv64d_types.M unit
RiscvLang.riscv_lang :
language.language
Ring_tac.ring_subst_niter :
nat
numbers.Pos.reverse_go :
BinNums.positive -> BinNums.positive -> BinNums.positive
numbers.Pos.reverse :
BinNums.positive -> BinNums.positive
List.rev_append :
forall A : Type, list A -> list A -> list A
rv64d.rev8 :
forall m : BinNums.Z, Values.mword m -> Values.mword m
List.rev' :
forall A : Type, list A -> list A
List.rev :
forall A : Type, list A -> list A
rv64d_types.Defs.returnm :
forall A E : Type, A -> rv64d_types.Defs.monad E A
rv64d_types.Defs.returnR :
forall A E R : Type, A -> rv64d_types.Defs.monadR R E A
rv64d_types.returnM :
forall A : Type, A -> rv64d_types.M A
RiscvLang.resv_ok :
RiscvLang.gstate -> Prop
RiscvLang.resv_dom :
(RiscvLang.CPU -> option RiscvLang.resv) -> RiscvLang.CPU -> gmap.gset rv64d_types.Arch.pa
RiscvLang.resv :
Type
Morphisms.respectful :
forall A B : Type, Relation_Definitions.relation A -> Relation_Definitions.relation B -> Relation_Definitions.relation (A -> B)
rv64d.reset_vmem :
unit -> rv64d_types.M unit
ArchReset.reset_vector :
Values.mword (BinNums.Zpos (BinNums.xO (BinNums.xO (BinNums.xO (BinNums.xO (BinNums.xO (BinNums.xO BinNums.xH)))))))
rv64d.reset_tvecs :
unit -> rv64d_types.M unit
ArchReset.reset_sys_at :
rv64d_types.M unit -> rv64d_types.M unit
rv64d.reset_stateen :
unit -> rv64d_types.M unit
rv64d.reset_pmp :
unit -> rv64d_types.M unit
rv64d.reset_misa :
unit -> rv64d_types.M unit
rv64d.reset_htif :
unit -> rv64d_types.M unit
rv64d.reset_elp :
unit -> rv64d_types.M unit
ArchReset.reset_at :
rv64d_types.M unit -> rv64d_types.M unit
rv64d.reset_TLB :
unit -> rv64d_types.M unit
rv64d.reserved_exceptions_write_xtval :
bool
rv64d.reserved_behavior :
forall a : Type, String.string -> rv64d_types.M a
rv64d.require_virtual_memory :
String.string -> rv64d_types.M bool
rv64d.require_Sv39 :
String.string -> bool
VirtioModel.req_from :
VirtioModel.virtio_cfg -> VirtioModel.vmem -> definitions.bv (BinNums.Npos (BinNums.xO (BinNums.xO (BinNums.xO (BinNums.xO BinNums.xH))))) -> option VirtioModel.vio_req
list_basics.replicate :
forall A : Type, nat -> A -> list A
Values.repeat' :
forall a : Type, list a -> nat -> list a
Values.repeat :
forall a : Type, list a -> BinNums.Z -> list a
BinInt.Z.rem :
BinNums.Z -> BinNums.Z -> BinNums.Z
RelationClasses.relation_equivalence :
forall A : Type, Relation_Definitions.relation (Relation_Definitions.relation A)
Relation_Definitions.relation :
Type -> Type
Znumtheory.rel_prime :
BinNums.Z -> BinNums.Z -> Prop
rv64d.regval_into_reg :
Values.mword (BinNums.Zpos (BinNums.xO (BinNums.xO (BinNums.xO (BinNums.xO (BinNums.xO (BinNums.xO BinNums.xH))))))) -> Values.mword (BinNums.Zpos (BinNums.xO (BinNums.xO (BinNums.xO (BinNums.xO (BinNums.xO (BinNums.xO BinNums.xH)))))))
rv64d.regval_from_reg :
Values.mword (BinNums.Zpos (BinNums.xO (BinNums.xO (BinNums.xO (BinNums.xO (BinNums.xO (BinNums.xO BinNums.xH))))))) -> Values.mword (BinNums.Zpos (BinNums.xO (BinNums.xO (BinNums.xO (BinNums.xO (BinNums.xO (BinNums.xO BinNums.xH)))))))
rv64d_types.regtype :
Type
rv64d_types.register_vector_64_option_TLB_Entry_beq :
rv64d_types.register_vector_64_option_TLB_Entry -> rv64d_types.register_vector_64_option_TLB_Entry -> bool
rv64d_types.register_vector_64_bitvector_8_beq :
rv64d_types.register_vector_64_bitvector_8 -> rv64d_types.register_vector_64_bitvector_8 -> bool
rv64d_types.register_vector_64_bitvector_64_beq :
rv64d_types.register_vector_64_bitvector_64 -> rv64d_types.register_vector_64_bitvector_64 -> bool
rv64d_types.register_vector_32_bitvector_64_beq :
rv64d_types.register_vector_32_bitvector_64 -> rv64d_types.register_vector_32_bitvector_64 -> bool
rv64d_types.register_set :
forall reg : rv64d_types.register, rv64d_types.type_of_register reg -> rv64d_types.regstate -> rv64d_types.regstate
rv64d_types.register_option_bitvector_64_beq :
rv64d_types.register_option_bitvector_64 -> rv64d_types.register_option_bitvector_64 -> bool
rv64d_types.register_lookup :
forall reg : rv64d_types.register, rv64d_types.regstate -> rv64d_types.type_of_register reg
rv64d_types.register_list_PMA_Region_beq :
rv64d_types.register_list_PMA_Region -> rv64d_types.register_list_PMA_Region -> bool
rv64d_types.register_bool_beq :
rv64d_types.register_bool -> rv64d_types.register_bool -> bool
rv64d_types.register_bitvector_exp_8_beq :
rv64d_types.register_bitvector_exp_8 -> rv64d_types.register_bitvector_exp_8 -> bool
rv64d_types.register_bitvector_704_beq :
rv64d_types.register_bitvector_704 -> rv64d_types.register_bitvector_704 -> bool
rv64d_types.register_bitvector_64_beq :
rv64d_types.register_bitvector_64 -> rv64d_types.register_bitvector_64 -> bool
rv64d_types.register_bitvector_5_beq :
rv64d_types.register_bitvector_5 -> rv64d_types.register_bitvector_5 -> bool
rv64d_types.register_bitvector_4_beq :
rv64d_types.register_bitvector_4 -> rv64d_types.register_bitvector_4 -> bool
rv64d_types.register_bitvector_3_beq :
rv64d_types.register_bitvector_3 -> rv64d_types.register_bitvector_3 -> bool
rv64d_types.register_bitvector_32_beq :
rv64d_types.register_bitvector_32 -> rv64d_types.register_bitvector_32 -> bool
rv64d_types.register_bitvector_320_beq :
rv64d_types.register_bitvector_320 -> rv64d_types.register_bitvector_320 -> bool
rv64d_types.register_bitvector_1_beq :
rv64d_types.register_bitvector_1 -> rv64d_types.register_bitvector_1 -> bool
rv64d_types.register_bitvector_192_beq :
rv64d_types.register_bitvector_192 -> rv64d_types.register_bitvector_192 -> bool
rv64d_types.register_bitvector_128_beq :
rv64d_types.register_bitvector_128 -> rv64d_types.register_bitvector_128 -> bool
rv64d_types.register_Privilege_beq :
rv64d_types.register_Privilege -> rv64d_types.register_Privilege -> bool
rv64d_types.register_HartState_beq :
rv64d_types.register_HartState -> rv64d_types.register_HartState -> bool
rv64d.regidx_offset_range :
rv64d_types.regidx -> BinNums.Z -> rv64d_types.regidx
rv64d.regidx_bit_width :
BinNums.Z
rv64d_types.Arch.reg_type :
rv64d_types.register -> Type
rv64d.reg_name_forwards :
rv64d_types.regidx -> rv64d_types.M String.string
rv64d.reg_arch_name_raw_forwards :
Values.mword (BinNums.Zpos (BinNums.xI (BinNums.xO BinNums.xH))) -> String.string
rv64d.reg_abi_name_raw_forwards :
Values.mword (BinNums.Zpos (BinNums.xI (BinNums.xO BinNums.xH))) -> String.string
rv64d_types.Arch.reg :
Type
RelationClasses.reflexivity :
forall (A : Type) (R : Relation_Definitions.relation A), RelationClasses.Reflexive R -> forall x : A, R x x
language.reducible :
forall Λ : language.language, language.expr Λ -> language.state Λ -> Prop
rv64d.redirect_callback :
Values.mword (BinNums.Zpos (BinNums.xO (BinNums.xO (BinNums.xO (BinNums.xO (BinNums.xO (BinNums.xO BinNums.xH))))))) -> unit
Fin.rect2 :
forall P : forall n : nat, Fin.t n -> Fin.t n -> Type,
(forall n : nat, P (S n) Fin.F1 Fin.F1) -> (forall (n : nat) (f : Fin.t n), P (S n) Fin.F1 (Fin.FS f)) -> (forall (n : nat) (f : Fin.t n), P (S n) (Fin.FS f) Fin.F1) -> (forall (n : nat) (f g : Fin.t n), P n f g -> P (S n) (Fin.FS f) (Fin.FS g)) -> forall (n : nat) (a b : Fin.t n), P n a b
FsDurSnap.rec_in_blk :
list (definitions.bv (BinNums.Npos (BinNums.xO (BinNums.xO (BinNums.xO BinNums.xH))))) -> BinNums.Z -> DinodeEnc.dinode -> Prop
rv64d.read_sip :
rv64d_types.XipReadType -> rv64d_types.M (Values.mword (BinNums.Zpos (BinNums.xO (BinNums.xO (BinNums.xO (BinNums.xO (BinNums.xO (BinNums.xO BinNums.xH))))))))
rv64d.read_senvcfg :
unit -> rv64d_types.M (Values.mword (BinNums.Zpos (BinNums.xO (BinNums.xO (BinNums.xO (BinNums.xO (BinNums.xO (BinNums.xO BinNums.xH))))))))
rv64d_types.Defs.read_reg :
forall (e : Type) (reg : rv64d_types.Arch.reg), rv64d_types.Defs.monad e (rv64d_types.Arch.reg_type reg)
rv64d.read_ram :
rv64d_types.read_kind -> rv64d_types.physaddr -> forall width : BinNums.Z, bool -> rv64d_types.M (Values.mword (BinInt.Z.mul (BinNums.Zpos (BinNums.xO (BinNums.xO (BinNums.xO BinNums.xH)))) width) * unit)
rv64d.read_pte_exclusive :
rv64d_types.physaddr -> forall pte_size : BinNums.Z, rv64d_types.M (Values.result (Values.mword (BinInt.Z.mul (BinNums.Zpos (BinNums.xO (BinNums.xO (BinNums.xO BinNums.xH)))) pte_size)) (rv64d_types.physaddr * rv64d_types.ExceptionType))
rv64d.read_pte :
rv64d_types.physaddr -> forall pte_size : BinNums.Z, rv64d_types.M (Values.result (Values.mword (BinInt.Z.mul (BinNums.Zpos (BinNums.xO (BinNums.xO (BinNums.xO BinNums.xH)))) pte_size)) (rv64d_types.physaddr * rv64d_types.ExceptionType))
rv64d.read_mip :
rv64d_types.XipReadType -> rv64d_types.M (Values.mword (BinNums.Zpos (BinNums.xO (BinNums.xO (BinNums.xO (BinNums.xO (BinNums.xO (BinNums.xO BinNums.xH))))))))
rv64d.read_mhpmeventh :
BinNums.Z -> rv64d_types.M (Values.mword (BinNums.Zpos (BinNums.xO (BinNums.xO (BinNums.xO (BinNums.xO (BinNums.xO BinNums.xH)))))))
rv64d.read_mhpmevent :
BinNums.Z -> rv64d_types.M (Values.mword (BinNums.Zpos (BinNums.xO (BinNums.xO (BinNums.xO (BinNums.xO (BinNums.xO (BinNums.xO BinNums.xH))))))))
rv64d.read_mhpmcounterh :
BinNums.Z -> rv64d_types.M (Values.mword (BinNums.Zpos (BinNums.xO (BinNums.xO (BinNums.xO (BinNums.xO (BinNums.xO BinNums.xH)))))))
rv64d.read_mhpmcounter :
BinNums.Z -> rv64d_types.M (Values.mword (BinNums.Zpos (BinNums.xO (BinNums.xO (BinNums.xO (BinNums.xO (BinNums.xO (BinNums.xO BinNums.xH))))))))
rv64d.read_kind_of_flags :
bool -> bool -> bool -> rv64d_types.M rv64d_types.read_kind
TsoMemPa.read_down :
gmap.gmap rv64d_types.Arch.pa (definitions.bv (BinNums.Npos (BinNums.xO (BinNums.xO (BinNums.xO BinNums.xH))))) -> list TsoMemPa.pwmsg -> nat -> nat -> rv64d_types.Arch.pa -> nat -> option (definitions.bv (BinNums.Npos (BinNums.xO (BinNums.xO (BinNums.xO BinNums.xH)))))
rv64d.read_CSR :
Values.mword (BinNums.Zpos (BinNums.xO (BinNums.xO (BinNums.xI BinNums.xH)))) -> rv64d_types.M (Values.mword (BinNums.Zpos (BinNums.xO (BinNums.xO (BinNums.xO (BinNums.xO (BinNums.xO (BinNums.xO BinNums.xH))))))))
rv64d.rcidlen :
BinNums.Z
rv64d.range_subset :
forall n : BinNums.Z, Values.mword n -> Values.mword n -> Values.mword n -> Values.mword n -> bool
RiscvLang.ram_lo :
BinNums.Z
RiscvLang.ram_hi :
BinNums.Z
rv64d.ra :
rv64d_types.regidx
Ring_polynom.r_list_pow :
forall R : Type, R -> (R -> R -> R) -> list (R * BinNums.positive) -> R
rv64d.rX_pair_bits :
rv64d_types.regidx -> rv64d_types.M (Values.mword (BinInt.Z.mul (BinNums.Zpos (BinNums.xO (BinNums.xO (BinNums.xO (BinNums.xO (BinNums.xO (BinNums.xO BinNums.xH))))))) (BinNums.Zpos (BinNums.xO BinNums.xH))))
rv64d.rX_bits :
rv64d_types.regidx -> rv64d_types.M (Values.mword (BinNums.Zpos (BinNums.xO (BinNums.xO (BinNums.xO (BinNums.xO (BinNums.xO (BinNums.xO BinNums.xH))))))))
rv64d.rX :
rv64d_types.regno -> rv64d_types.M (Values.mword (BinNums.Zpos (BinNums.xO (BinNums.xO (BinNums.xO (BinNums.xO (BinNums.xO (BinNums.xO BinNums.xH))))))))
BinInt.Z.quotrem :
BinNums.Z -> BinNums.Z -> BinNums.Z * BinNums.Z
BinInt.Z.quot :
BinNums.Z -> BinNums.Z -> BinNums.Z
rv64d_types.Defs.pure_early_return_bind :
forall A B E : Type, E + A -> (A -> E + B) -> E + B
rv64d_types.Defs.pure_early_return :
forall A : Type, A + A -> A
rv64d.pte_reserved_bits_must_be_zero :
bool
rv64d.pte_is_non_leaf :
Values.mword (BinNums.Zpos (BinNums.xO (BinNums.xO (BinNums.xO BinNums.xH)))) -> bool
rv64d.pte_is_invalid :
Values.mword (BinNums.Zpos (BinNums.xO (BinNums.xO (BinNums.xO BinNums.xH)))) -> Values.mword (BinNums.Zpos (BinNums.xO (BinNums.xI (BinNums.xO BinNums.xH)))) -> rv64d_types.M bool
rv64d_types.pte_bits :
BinNums.Z -> Type
rv64d.pt_walk :
forall _arg0 : BinNums.Z,
Values.mword (BinInt.Z.sub _arg0 (BinNums.Zpos (BinNums.xO (BinNums.xO (BinNums.xI BinNums.xH))))) ->
rv64d_types.MemoryAccessType rv64d_types.mem_payload ->
rv64d_types.Privilege ->
bool ->
bool ->
Values.mword
  (if BinInt.Z.eqb _arg0 (BinNums.Zpos (BinNums.xO (BinNums.xO (BinNums.xO (BinNums.xO (BinNums.xO BinNums.xH)))))) then BinNums.Zpos (BinNums.xO (BinNums.xI (BinNums.xI (BinNums.xO BinNums.xH)))) else BinNums.Zpos (BinNums.xO (BinNums.xO (BinNums.xI (BinNums.xI (BinNums.xO BinNums.xH)))))) ->
BinNums.Z -> bool -> unit -> rv64d_types.M (Values.result (rv64d_types.PTW_Output _arg0 * unit) (rv64d_types.PTW_Error * unit))
RingMicromega.psubC :
forall C : Type, (C -> C -> C) -> EnvRing.Pol C -> C -> EnvRing.Pol C
ZMicromega.psub :
EnvRing.Pol BinNums.Z -> EnvRing.Pol BinNums.Z -> EnvRing.Pol BinNums.Z
RingMicromega.psub :
forall C : Type, C -> (C -> C -> C) -> (C -> C -> C) -> (C -> C) -> (C -> C -> bool) -> EnvRing.Pol C -> EnvRing.Pol C -> EnvRing.Pol C
PStringBytes.pstring_hex_byte :
PrimString.string -> BinNums.Z -> definitions.bv (BinNums.Npos (BinNums.xO (BinNums.xO (BinNums.xO BinNums.xH))))
PStringBytes.pstring_char :
PrimString.string -> BinNums.Z -> BinNums.Z
Morphisms.proper_prf :
forall (A : Type) (R : Relation_Definitions.relation A) (m : A), Morphisms.Proper R m -> R m m
Morphisms.proper_flip_proper :
forall (A : Type) (R : Relation_Definitions.relation A) (m : A), Morphisms.Proper R m -> Morphisms.Proper (Basics.flip R) m
base.proof_irrel :
forall A : Type, base.ProofIrrel A -> forall x y : A, x = y
projT2 :
forall (A : Type) (P : A -> Type) (x : {x : A & P x}), P (projT1 x)
projT1 :
forall (A : Type) (P : A -> Type), {x : A & P x} -> A
proj1_sig :
forall (A : Type) (P : A -> Prop), {x : A | P x} -> A
cmra.prod_valid_instance :
forall (SI : stepindex.sidx) (A B : cmra.cmra), cmra.Valid (cmra.cmra_car A * cmra.cmra_car B)
cmra.prod_validN_instance :
forall (SI : stepindex.sidx) (A B : cmra.cmra), cmra.ValidN (cmra.cmra_car A * cmra.cmra_car B)
base.prod_relation :
forall A B : Type, Relation_Definitions.relation A -> Relation_Definitions.relation B -> Relation_Definitions.relation (A * B)
prod_rect :
forall (A B : Type) (P : A * B -> Type), (forall (a : A) (b : B), P (a, b)) -> forall p : A * B, P p
cmra.prod_pcore_instance :
forall (SI : stepindex.sidx) (A B : cmra.cmra), cmra.PCore (cmra.cmra_car A * cmra.cmra_car B)
cmra.prod_op_instance :
forall (SI : stepindex.sidx) (A B : cmra.cmra), cmra.Op (cmra.cmra_car A * cmra.cmra_car B)
base.prod_map :
forall A A' B B' : Type, (A -> A') -> (B -> B') -> A * B -> A' * B'
prod_ind :
forall (A B : Type) (P : A * B -> Prop), (forall (a : A) (b : B), P (a, b)) -> forall p : A * B, P p
base.prod_equiv :
forall A : Type, base.Equiv A -> forall B : Type, base.Equiv B -> base.Equiv (A * B)
decidable.prod_eq_dec :
forall A : Type, base.RelDecision eq -> forall B : Type, base.RelDecision eq -> base.RelDecision eq
countable.prod_encode_snd :
BinNums.positive -> BinNums.positive
countable.prod_encode_fst :
BinNums.positive -> BinNums.positive
countable.prod_encode :
BinNums.positive -> BinNums.positive -> BinNums.positive
ofe.prod_dist :
forall (SI : stepindex.sidx) (A B : ofe.ofe), ofe.Dist (ofe.ofe_car A * ofe.ofe_car B)
countable.prod_decode_snd :
BinNums.positive -> option BinNums.positive
countable.prod_decode_fst :
BinNums.positive -> option BinNums.positive
countable.prod_countable :
forall (A : Type) (EqDecision0 : base.RelDecision eq), countable.Countable A -> forall (B : Type) (EqDecision1 : base.RelDecision eq), countable.Countable B -> countable.Countable (A * B)
cmra.prodR :
forall SI : stepindex.sidx, cmra.cmra -> cmra.cmra -> cmra.cmra
ofe.prodO :
forall SI : stepindex.sidx, ofe.ofe -> ofe.ofe -> ofe.ofe
rv64d.process_clean_inval :
rv64d_types.regidx -> rv64d_types.cbop_zicbom -> rv64d_types.M rv64d_types.ExecutionResult
rv64d.privileged_isa_version_lt :
rv64d_types.Privileged_ISA_Version -> rv64d_types.Privileged_ISA_Version -> bool
rv64d.privileged_isa_version_ge :
rv64d_types.Privileged_ISA_Version -> rv64d_types.Privileged_ISA_Version -> bool
rv64d.priv_isa_version :
rv64d_types.Privileged_ISA_Version
rv64d.privLevel_to_str :
rv64d_types.Privilege -> rv64d_types.M String.string
rv64d.privLevel_to_bits :
rv64d_types.Privilege -> Values.mword (BinNums.Zpos (BinNums.xO BinNums.xH))
rv64d.privLevel_to_CSR_privbits :
rv64d_types.Privilege -> rv64d_types.M (Values.mword (BinNums.Zpos (BinNums.xO BinNums.xH)))
rv64d.privLevel_bits_forwards :
Values.mword (BinNums.Zpos (BinNums.xO BinNums.xH)) * Values.mword (BinNums.Zpos BinNums.xH) -> rv64d_types.M rv64d_types.Privilege
rv64d.privLevel_bits_backwards :
rv64d_types.Privilege -> Values.mword (BinNums.Zpos (BinNums.xO BinNums.xH)) * Values.mword (BinNums.Zpos BinNums.xH)
rv64d.print_log_instr :
String.string -> Values.mword (BinNums.Zpos (BinNums.xO (BinNums.xO (BinNums.xO (BinNums.xO (BinNums.xO (BinNums.xO BinNums.xH))))))) -> unit
Values.print_endline :
String.string -> unit
Values.print :
String.string -> unit
language.prim_step :
forall l : language.language, language.expr l -> language.state l -> list (language.observation l) -> language.expr l -> language.state l -> list (language.expr l) -> Prop
RiscvLang.prim_step :
RiscvLang.mexpr -> RiscvLang.gstate -> list RiscvLang.mobs -> RiscvLang.mexpr -> RiscvLang.gstate -> list RiscvLang.mexpr -> Prop
rv64d.prepare_xret_target :
rv64d_types.Privilege -> rv64d_types.M (Values.mword (BinNums.Zpos (BinNums.xO (BinNums.xO (BinNums.xO (BinNums.xO (BinNums.xO (BinNums.xO BinNums.xH))))))))
rv64d.prepare_trap_vector :
rv64d_types.Privilege -> Values.mword (BinNums.Zpos (BinNums.xO (BinNums.xO (BinNums.xO (BinNums.xO (BinNums.xO (BinNums.xO BinNums.xH))))))) -> rv64d_types.M (Values.mword (BinNums.Zpos (BinNums.xO (BinNums.xO (BinNums.xO (BinNums.xO (BinNums.xO (BinNums.xO BinNums.xH))))))))
rv64d.prefetch_mnemonic_forwards :
rv64d_types.cbop_zicbop -> String.string
RelationClasses.predicate_equivalence :
forall l : RelationClasses.Tlist, RelationClasses.binary_relation (RelationClasses.arrows l Prop)
PeanoNat.Nat.pred_wd_obligation_1 :
Morphisms.respectful eq eq PeanoNat.Nat.pred PeanoNat.Nat.pred
BinInt.Z.pred_wd :
Morphisms.Proper (Morphisms.respectful BinInt.Z.eq BinInt.Z.eq) BinInt.Z.pred
PeanoNat.Nat.pred_wd :
Morphisms.Proper (Morphisms.respectful eq eq) PeanoNat.Nat.pred
BinNat.N.pred_wd :
Morphisms.Proper (Morphisms.respectful BinNat.N.eq BinNat.N.eq) BinNat.N.pred
BinPos.Pos.pred_mask :
BinPos.Pos.mask -> BinPos.Pos.mask
IntDef.Z.pred_double :
BinNums.Z -> BinNums.Z
BinPosDef.Pos.pred_double :
BinNums.positive -> BinNums.positive
BinPosDef.Pos.pred_N :
BinNums.positive -> BinNums.N
BinInt.Z.pred :
BinNums.Z -> BinNums.Z
BinPos.Pos.pred :
BinNums.positive -> BinNums.positive
BinNat.N.pred :
BinNums.N -> BinNums.N
PeanoNat.Nat.pred :
nat -> nat
rv64d_types.ppn_bits :
BinNums.Z -> Type
RiscvLang.power_fork :
nat -> list RiscvLang.mexpr
BinInt.Z.pow_wd :
Morphisms.Proper (Morphisms.respectful BinInt.Z.eq (Morphisms.respectful BinInt.Z.eq BinInt.Z.eq)) BinInt.Z.pow
BinInt.Z.pow_pos :
BinNums.Z -> BinNums.positive -> BinNums.Z
Ring_theory.pow_pos :
forall R : Type, (R -> R -> R) -> R -> BinNums.positive -> R
Ring_theory.pow_N_th :
forall (R : Type) (rI : R) (rmul : R -> R -> R) (req : R -> R -> Prop), RelationClasses.Equivalence req -> Ring_theory.power_theory rI rmul req Ring_theory.id_phi_N (Ring_theory.pow_N rI rmul)
Ring_theory.pow_N :
forall R : Type, R -> (R -> R -> R) -> R -> BinNums.N -> R
Values.pow2 :
BinNums.Z -> BinNums.Z
BinInt.Z.pow :
BinNums.Z -> BinNums.Z -> BinNums.Z
BinPos.Pos.pow :
BinNums.positive -> BinNums.positive -> BinNums.positive
Values.pow :
BinNums.Z -> BinNums.Z -> BinNums.Z
list_misc.positives_unflatten_go :
BinNums.positive -> list BinNums.positive -> BinNums.positive -> option (list BinNums.positive)
list_misc.positives_unflatten :
BinNums.positive -> option (list BinNums.positive)
list_misc.positives_flatten_go :
list BinNums.positive -> BinNums.positive -> BinNums.positive
list_misc.positives_flatten :
list BinNums.positive -> BinNums.positive
BinNums.positive_rect :
forall P : BinNums.positive -> Type, (forall p : BinNums.positive, P p -> P (BinNums.xI p)) -> (forall p : BinNums.positive, P p -> P (BinNums.xO p)) -> P BinNums.xH -> forall p : BinNums.positive, P p
BinNums.positive_rec :
forall P : BinNums.positive -> Set, (forall p : BinNums.positive, P p -> P (BinNums.xI p)) -> (forall p : BinNums.positive, P p -> P (BinNums.xO p)) -> P BinNums.xH -> forall p : BinNums.positive, P p
BinNums.positive_ind :
forall P : BinNums.positive -> Prop, (forall p : BinNums.positive, P p -> P (BinNums.xI p)) -> (forall p : BinNums.positive, P p -> P (BinNums.xO p)) -> P BinNums.xH -> forall p : BinNums.positive, P p
numbers.pos_to_Qp :
BinNums.positive -> numbers.Qp
BinInt.Z.pos_sub :
BinNums.positive -> BinNums.positive -> BinNums.Z
String.pos_limit :
BinNums.positive -> nat
rv64d_types.Defs.pos_guard_wf :
forall (A : Type) (R : A -> A -> Prop), BinNums.positive -> well_founded R -> well_founded R
BinInt.Z.pos_div_eucl :
BinNums.positive -> BinNums.Z -> BinNums.Z * BinNums.Z
NatDef.N.pos_div_eucl :
BinNums.positive -> BinNums.N -> BinNums.N * BinNums.N
countable.pos_countable :
countable.Countable BinNums.positive
ZMicromega.popp :
EnvRing.Pol BinNums.Z -> EnvRing.Pol BinNums.Z
RingMicromega.popp :
forall C : Type, (C -> C) -> EnvRing.Pol C -> EnvRing.Pol C
Morphisms.pointwise_relation :
forall A B : Type, Relation_Definitions.relation B -> Relation_Definitions.relation (A -> B)
RelationClasses.pointwise_lifting :
RelationClasses.binary_relation Prop -> forall l : RelationClasses.Tlist, RelationClasses.binary_relation (RelationClasses.arrows l Prop)
rv64d.pmp_write_only_reserved_behavior :
rv64d_types.PmpWriteOnlyReservedBehavior
rv64d.pmpWriteCfgReg :
BinNums.Z -> Values.mword (BinNums.Zpos (BinNums.xO (BinNums.xO (BinNums.xO (BinNums.xO (BinNums.xO (BinNums.xO BinNums.xH))))))) -> rv64d_types.M unit
rv64d.pmpWriteCfg :
Values.mword (BinNums.Zpos (BinNums.xO (BinNums.xO (BinNums.xO BinNums.xH)))) -> Values.mword (BinNums.Zpos (BinNums.xO (BinNums.xO (BinNums.xO BinNums.xH)))) -> rv64d_types.M (Values.mword (BinNums.Zpos (BinNums.xO (BinNums.xO (BinNums.xO BinNums.xH)))))
rv64d.pmpWriteAddrReg :
BinNums.Z -> Values.mword (BinNums.Zpos (BinNums.xO (BinNums.xO (BinNums.xO (BinNums.xO (BinNums.xO (BinNums.xO BinNums.xH))))))) -> rv64d_types.M unit
rv64d.pmpWriteAddr :
bool ->
bool ->
Values.mword (BinNums.Zpos (BinNums.xO (BinNums.xO (BinNums.xO (BinNums.xO (BinNums.xO (BinNums.xO BinNums.xH))))))) ->
Values.mword (BinNums.Zpos (BinNums.xO (BinNums.xO (BinNums.xO (BinNums.xO (BinNums.xO (BinNums.xO BinNums.xH))))))) -> Values.mword (BinNums.Zpos (BinNums.xO (BinNums.xO (BinNums.xO (BinNums.xO (BinNums.xO (BinNums.xO BinNums.xH)))))))
rv64d.pmpTORLocked :
Values.mword (BinNums.Zpos (BinNums.xO (BinNums.xO (BinNums.xO BinNums.xH)))) -> bool
rv64d.pmpReadCfgReg :
BinNums.Z -> rv64d_types.M (Values.mword (BinNums.Zpos (BinNums.xO (BinNums.xO (BinNums.xO (BinNums.xO (BinNums.xO (BinNums.xO BinNums.xH))))))))
rv64d.pmpReadAddrReg :
BinNums.Z -> rv64d_types.M (Values.mword (BinNums.Zpos (BinNums.xO (BinNums.xO (BinNums.xO (BinNums.xO (BinNums.xO (BinNums.xO BinNums.xH))))))))
rv64d.pmpRangeMatch :
BinNums.Z -> BinNums.Z -> BinNums.Z -> BinNums.Z -> rv64d_types.pmpAddrMatch
rv64d.pmpMatchAddr :
rv64d_types.physaddr ->
Values.mword (BinNums.Zpos (BinNums.xO (BinNums.xO (BinNums.xO (BinNums.xO (BinNums.xO (BinNums.xO BinNums.xH))))))) ->
Values.mword (BinNums.Zpos (BinNums.xO (BinNums.xO (BinNums.xO BinNums.xH)))) ->
Values.mword (BinNums.Zpos (BinNums.xO (BinNums.xO (BinNums.xO (BinNums.xO (BinNums.xO (BinNums.xO BinNums.xH))))))) -> Values.mword (BinNums.Zpos (BinNums.xO (BinNums.xO (BinNums.xO (BinNums.xO (BinNums.xO (BinNums.xO BinNums.xH))))))) -> rv64d_types.M rv64d_types.pmpAddrMatch
rv64d.pmpLocked :
Values.mword (BinNums.Zpos (BinNums.xO (BinNums.xO (BinNums.xO BinNums.xH)))) -> bool
rv64d.pmpCheckRWX :
Values.mword (BinNums.Zpos (BinNums.xO (BinNums.xO (BinNums.xO BinNums.xH)))) -> rv64d_types.MemoryAccessType rv64d_types.mem_payload -> rv64d_types.M bool
rv64d.pmpCheck :
rv64d_types.physaddr -> BinNums.Z -> rv64d_types.MemoryAccessType rv64d_types.mem_payload -> rv64d_types.Privilege -> rv64d_types.M (option rv64d_types.ExceptionType)
rv64d.pmpAddrMatchType_encdec_forwards :
rv64d_types.PmpAddrMatchType -> Values.mword (BinNums.Zpos (BinNums.xO BinNums.xH))
rv64d.pmpAddrMatchType_encdec_backwards :
Values.mword (BinNums.Zpos (BinNums.xO BinNums.xH)) -> rv64d_types.PmpAddrMatchType
rv64d.pmm_mode_backwards :
Values.mword (BinNums.Zpos (BinNums.xO BinNums.xH)) -> rv64d_types.PointerMaskingMode
rv64d.pma_misaligned_exception :
rv64d_types.PMA -> rv64d_types.MemoryAccessType rv64d_types.mem_payload -> rv64d_types.M (option rv64d_types.misaligned_exception)
rv64d_types.pma_check_opts_ziccrse :
rv64d_types.pma_check_opts -> bool
rv64d_types.pma_check_opts_zicclsm :
rv64d_types.pma_check_opts -> bool
rv64d_types.pma_check_opts_ziccif :
rv64d_types.pma_check_opts -> bool
rv64d_types.pma_check_opts_ziccamoc :
rv64d_types.pma_check_opts -> bool
rv64d_types.pma_check_opts_ziccamoa :
rv64d_types.pma_check_opts -> bool
rv64d_types.pma_check_opts_zama16b :
rv64d_types.pma_check_opts -> bool
rv64d_types.pma_check_opts_svadu :
rv64d_types.pma_check_opts -> bool
rv64d_types.pma_check_opts_ssccptr :
rv64d_types.pma_check_opts -> bool
RiscvLang.pma_boot_rom_attrs :
rv64d_types.PMA
RiscvLang.pma_boot_ram_attrs :
rv64d_types.PMA
RiscvLang.pma_boot_io_attrs :
rv64d_types.PMA
RiscvLang.pma_boot :
list rv64d_types.PMA_Region
rv64d.pma_atomicity_support_lt :
rv64d_types.AtomicSupport -> rv64d_types.AtomicSupport -> bool
rv64d.pma_allows_atomic_op :
rv64d_types.AtomicSupport -> rv64d_types.amoop -> BinNums.Z -> bool
rv64d.pmaCheck :
rv64d_types.physaddr -> BinNums.Z -> rv64d_types.MemoryAccessType rv64d_types.mem_payload -> rv64d_types.page_based_mem_type -> bool -> rv64d_types.M (Values.result rv64d_types.Phys_Mem_Access_Info rv64d_types.ExceptionType)
rv64d.pm_transform_VA :
rv64d_types.virtaddr -> BinNums.Z -> rv64d_types.virtaddr
rv64d.pm_transform_PA :
rv64d_types.virtaddr -> BinNums.Z -> rv64d_types.virtaddr
TsoMemPa.pm_tid :
TsoMemPa.pwmsg -> nat
TsoMemPa.pm_map :
TsoMemPa.pwmsg -> gmap.gmap rv64d_types.Arch.pa (definitions.bv (BinNums.Npos (BinNums.xO (BinNums.xO (BinNums.xO BinNums.xH)))))
DevModel.plic_write :
DevModel.plic_state -> BinNums.Z -> definitions.bv (BinNums.Npos (BinNums.xO (BinNums.xO (BinNums.xO (BinNums.xO (BinNums.xO BinNums.xH)))))) -> option DevModel.plic_state
DevModel.plic_thresh_ctx :
BinNums.Z -> option nat
DevModel.plic_srcs :
list BinNums.N
DevModel.plic_src_word :
BinNums.N -> nat
DevModel.plic_src_bit :
BinNums.N -> BinNums.Z
DevModel.plic_size :
BinNums.Z
DevModel.plic_sctx :
nat -> nat
DevModel.plic_read :
DevModel.plic_state -> BinNums.Z -> option (definitions.bv (BinNums.Npos (BinNums.xO (BinNums.xO (BinNums.xO (BinNums.xO (BinNums.xO BinNums.xH)))))) * DevModel.plic_state)
DevModel.plic_prio_src :
BinNums.Z -> option BinNums.N
DevModel.plic_pending_word :
DevModel.plic_state -> nat -> definitions.bv (BinNums.Npos (BinNums.xO (BinNums.xO (BinNums.xO (BinNums.xO (BinNums.xO BinNums.xH))))))
DevModel.plic_pending_widx :
BinNums.Z -> option nat
DevModel.plic_nwords :
nat
DevModel.plic_nsrc :
nat
DevModel.plic_nctx :
nat
DevModel.plic_mctx :
nat -> nat
DevModel.plic_latch :
DevModel.plic_state -> BinNums.N -> option DevModel.plic_state
DevModel.plic_enabled :
DevModel.plic_state -> nat -> BinNums.N -> bool
DevModel.plic_enable_ctx :
BinNums.Z -> option (nat * nat)
DevModel.plic_eip :
DevModel.plic_state -> nat -> bool
DevModel.plic_complete :
DevModel.plic_state -> BinNums.N -> DevModel.plic_state
DevModel.plic_claim_ctx :
BinNums.Z -> option nat
DevModel.plic_claim :
DevModel.plic_state -> nat -> definitions.bv (BinNums.Npos (BinNums.xO (BinNums.xO (BinNums.xO (BinNums.xO (BinNums.xO BinNums.xH)))))) * DevModel.plic_state
DevModel.plic_cand :
DevModel.plic_state -> nat -> BinNums.N -> bool
DevModel.plic_better :
DevModel.plic_state -> BinNums.N -> BinNums.N -> bool
DevModel.plic_best :
DevModel.plic_state -> nat -> option BinNums.N
DevModel.plic_base :
BinNums.Z
DevModel.plic0_state :
DevModel.plic_state
rv64d.plat_wfi_available_to_usermode :
bool
xv6iris_extras.plat_term_write :
Values.mword (BinNums.Zpos (BinNums.xO (BinNums.xO (BinNums.xO BinNums.xH)))) -> rv64d_types.M unit
rv64d.plat_stvec_vectored_mode_supported :
bool
rv64d.plat_stvec_vectored_base_alignment_exp :
BinNums.Z
rv64d.plat_stvec_direct_mode_supported :
bool
rv64d.plat_sig_size :
rv64d_types.physaddrbits
rv64d.plat_sig_base :
rv64d_types.physaddrbits
rv64d.plat_reservation_set_size_exp :
BinNums.Z
rv64d.plat_mtvec_vectored_mode_supported :
bool
rv64d.plat_mtvec_vectored_base_alignment_exp :
BinNums.Z
rv64d.plat_mtvec_direct_mode_supported :
bool
rv64d.plat_mtvec_direct_base_alignment_exp :
BinNums.Z
rv64d.plat_mstatus_legal_vs :
rv64d_types.ExtContextPolicy
rv64d.plat_mstatus_legal_fs :
rv64d_types.ExtContextPolicy
rv64d.plat_misaligned_exception :
rv64d_types.MemoryAccessType rv64d_types.mem_payload -> bool -> option rv64d_types.misaligned_exception
rv64d.plat_misaligned_access :
rv64d_types.GlobalMisalignedExceptions
rv64d.plat_mideleg_delegatable_bits :
rv64d_types.xlenbits
rv64d.plat_medeleg_delegatable_bits :
rv64d_types.bits (BinNums.Zpos (BinNums.xO (BinNums.xO (BinNums.xO (BinNums.xO (BinNums.xO (BinNums.xO BinNums.xH)))))))
ArchReset.plat_hook :
rv64d_types.M unit
rv64d.plat_have_sig :
bool
rv64d.plat_have_clint :
bool
rv64d.plat_clint_size :
rv64d_types.physaddrbits
rv64d.plat_clint_base :
rv64d_types.physaddrbits
rv64d.plat_cache_block_size_exp :
BinNums.Z
rv64d_types.physaddrbits :
Type
rv64d.physaddr_bits :
BinNums.Z
rv64d.phys_access_check :
rv64d_types.MemoryAccessType rv64d_types.mem_payload -> rv64d_types.page_based_mem_type -> rv64d_types.Privilege -> rv64d_types.physaddr -> BinNums.Z -> bool -> rv64d_types.M (Values.result rv64d_types.Phys_Mem_Access_Info rv64d_types.ExceptionType)
RingMicromega.pexpr_times_nformula :
forall C : Type, C -> C -> (C -> C -> C) -> (C -> C -> C) -> (C -> C -> bool) -> RingMicromega.PolC C -> RingMicromega.NFormula C -> option (RingMicromega.NFormula C)
Morphisms.per_partial_app_morphism :
forall (A : Type) (R : Relation_Definitions.relation A), RelationClasses.PER R -> forall x : A, Morphisms.Proper (Morphisms.respectful R iff) (R x)
BinPos.Pos.peano_rect :
forall P : BinNums.positive -> Type, P BinNums.xH -> (forall p : BinNums.positive, P p -> P (BinPos.Pos.succ p)) -> forall p : BinNums.positive, P p
BinNat.N.peano_rect :
forall P : BinNums.N -> Type, P BinNums.N0 -> (forall n : BinNums.N, P n -> P (BinNat.N.succ n)) -> forall n : BinNums.N, P n
BinPos.Pos.peano_ind :
forall P : BinNums.positive -> Prop, P BinNums.xH -> (forall p : BinNums.positive, P p -> P (BinPos.Pos.succ p)) -> forall p : BinNums.positive, P p
BinNat.N.peano_ind :
forall P : BinNums.N -> Prop, P BinNums.N0 -> (forall n : BinNums.N, P n -> P (BinNat.N.succ n)) -> forall n : BinNums.N, P n
cmra.pcore :
forall A : Type, cmra.PCore A -> A -> option A
rv64d.pc_write_callback :
Values.mword (BinNums.Zpos (BinNums.xO (BinNums.xO (BinNums.xO (BinNums.xO (BinNums.xO (BinNums.xO BinNums.xH))))))) -> unit
base.partial_order_pre :
forall (A : Type) (R : Relation_Definitions.relation A), base.PartialOrder R -> RelationClasses.PreOrder R
base.partial_order_anti_symm :
forall (A : Type) (R : Relation_Definitions.relation A), base.PartialOrder R -> base.AntiSymm eq R
base.partial_alter :
forall K A M : Type, base.PartialAlter K A M -> (option A -> option A) -> K -> M -> M
String.parse_hex_bits_opt :
forall sz : BinNums.Z, String.string -> option (Values.mword sz)
String.parse_hex_bits :
forall sz : BinNums.Z, String.string -> Values.mword sz
ofe.pair_ne :
forall (SI : stepindex.sidx) (A B : ofe.ofe) (n : stepindex.sidx_car), Morphisms.Proper (Morphisms.respectful (ofe.dist n) (Morphisms.respectful (ofe.dist n) (ofe.dist n))) pair
rv64d.pagesize_bits :
BinNums.Z
rv64d.page_based_mem_type_forwards_matches :
Values.mword (BinNums.Zpos (BinNums.xO BinNums.xH)) -> bool
rv64d.page_based_mem_type_forwards :
Values.mword (BinNums.Zpos (BinNums.xO BinNums.xH)) -> rv64d_types.M rv64d_types.page_based_mem_type
ZMicromega.padd :
EnvRing.Pol BinNums.Z -> EnvRing.Pol BinNums.Z -> EnvRing.Pol BinNums.Z
RingMicromega.padd :
forall C : Type, C -> (C -> C -> C) -> (C -> C -> bool) -> EnvRing.Pol C -> EnvRing.Pol C -> EnvRing.Pol C
String.pad0 :
nat -> String.string -> String.string
VirtioModel.pa_off :
rv64d_types.Arch.pa -> BinNums.Z -> rv64d_types.Arch.pa
RiscvModelBytes.pa_add :
rv64d_types.Arch.pa -> nat -> rv64d_types.Arch.pa
rv64d_types.Interface.WriteReq.pa :
forall n : BinNums.N, rv64d_types.Interface.WriteReq.t n -> rv64d_types.Arch.pa
rv64d_types.Interface.ReadReq.pa :
forall n : BinNums.N, rv64d_types.Interface.ReadReq.t n -> rv64d_types.Arch.pa
rv64d_types.Arch.pa :
Type
DevModel.p_thresh :
DevModel.plic_state -> nat -> definitions.bv (BinNums.Npos (BinNums.xO (BinNums.xO (BinNums.xO (BinNums.xO (BinNums.xO BinNums.xH))))))
DevModel.p_prio :
DevModel.plic_state -> BinNums.N -> definitions.bv (BinNums.Npos (BinNums.xO (BinNums.xO (BinNums.xO (BinNums.xO (BinNums.xO BinNums.xH))))))
DevModel.p_pending :
DevModel.plic_state -> BinNums.N -> bool
DevModel.p_enable :
DevModel.plic_state -> nat -> nat -> definitions.bv (BinNums.Npos (BinNums.xO (BinNums.xO (BinNums.xO (BinNums.xO (BinNums.xO BinNums.xH))))))
DevModel.p_claimed :
DevModel.plic_state -> BinNums.N -> bool
TsoMemPa.own_pub :
nat -> list TsoMemPa.pwmsg -> nat
rv64d.override_PMA :
rv64d_types.PMA -> rv64d_types.page_based_mem_type -> rv64d_types.PMA
RiscvLang.others_resv :
(RiscvLang.CPU -> option RiscvLang.resv) -> RiscvLang.CPU -> gmap.gset rv64d_types.Arch.pa
orb :
bool -> bool -> bool
Operators_mwords.or_vec :
forall n : BinNums.Z, Values.mword n -> Values.mword n -> Values.mword n
or_ind :
forall A B P : Prop, (A -> P) -> (B -> P) -> A \/ B -> P
Morphisms_Prop.or_iff_morphism_obligation_1 :
Morphisms.respectful iff (Morphisms.respectful iff iff) or or
Morphisms_Prop.or_iff_morphism :
Morphisms.Proper (Morphisms.respectful iff (Morphisms.respectful iff iff)) or
Tauto.or_cnf_opt :
forall Term' Annot : Type, (Term' -> bool) -> (Term' -> Term' -> option Term') -> Tauto.cnf Term' Annot -> Tauto.cnf Term' Annot -> Tauto.cnf Term' Annot
Tauto.or_cnf :
forall Term' Annot : Type, (Term' -> bool) -> (Term' -> Term' -> option Term') -> Tauto.cnf Term' Annot -> Tauto.cnf Term' Annot -> Tauto.cnf Term' Annot
Tauto.or_clause_cnf :
forall Term' Annot : Type, (Term' -> bool) -> (Term' -> Term' -> option Term') -> Tauto.clause Term' Annot -> Tauto.cnf Term' Annot -> Tauto.cnf Term' Annot
Tauto.or_clause :
forall Term' Annot : Type, (Term' -> bool) -> (Term' -> Term' -> option Term') -> Tauto.clause Term' Annot -> Tauto.clause Term' Annot -> option (Tauto.clause Term' Annot)
rv64d_types.Defs.or_boolM :
forall E : Type, rv64d_types.Defs.monad E bool -> rv64d_types.Defs.monad E bool -> rv64d_types.Defs.monad E bool
MachineWord.MachineWord.or :
forall n : BinNums.N, MachineWord.MachineWord.word n -> MachineWord.MachineWord.word n -> MachineWord.MachineWord.word n
cmra.option_valid_instance :
forall (SI : stepindex.sidx) (A : cmra.cmra), cmra.Valid (option (cmra.cmra_car A))
cmra.option_validN_instance :
forall (SI : stepindex.sidx) (A : cmra.cmra), cmra.ValidN (option (cmra.cmra_car A))
cmra.option_unit_instance :
forall (SI : stepindex.sidx) (A : cmra.cmra), cmra.Unit (option (cmra.cmra_car A))
option.option_union_with :
forall A : Type, base.UnionWith A (option A)
option.option_ret :
base.MRet option
option.option_relation :
forall A B : Type, (A -> B -> Prop) -> (A -> Prop) -> (B -> Prop) -> option A -> option B -> Prop
cmra.option_pcore_instance :
forall (SI : stepindex.sidx) (A : cmra.cmra), cmra.PCore (option (cmra.cmra_car A))
cmra.option_op_instance :
forall (SI : stepindex.sidx) (A : cmra.cmra), cmra.Op (option (cmra.cmra_car A))
option.option_mfail :
base.MThrow unit option
option_map :
forall A B : Type, (A -> B) -> option A -> option B
option.option_intersection_with :
forall A : Type, base.IntersectionWith A (option A)
base.option_inhabited :
forall A : Type, base.Inhabited (option A)
option.option_fmap :
base.FMap option
option.option_equiv :
forall A : Type, base.Equiv A -> base.Equiv (option A)
option.option_eq_dec :
forall A : Type, base.RelDecision eq -> base.RelDecision eq
option.option_eq_None_dec :
forall (A : Type) (mx : option A), base.Decision (mx = None)
ofe.option_dist :
forall (SI : stepindex.sidx) (A : ofe.ofe), ofe.Dist (option (ofe.ofe_car A))
option.option_difference_with :
forall A : Type, base.DifferenceWith A (option A)
countable.option_countable :
forall (A : Type) (EqDecision0 : base.RelDecision eq), countable.Countable A -> countable.Countable (option A)
rv64d_types.option_bitvector_64_s :
rv64d_types.regstate ->
rv64d_types.register_option_bitvector_64 ->
option
  (Values.mword
     (if BinInt.Z.eqb (BinNums.Zpos (BinNums.xO (BinNums.xO (BinNums.xO (BinNums.xO (BinNums.xO (BinNums.xO BinNums.xH))))))) (BinNums.Zpos (BinNums.xO (BinNums.xO (BinNums.xO (BinNums.xO (BinNums.xO BinNums.xH))))))
      then BinNums.Zpos (BinNums.xO (BinNums.xI (BinNums.xO (BinNums.xO (BinNums.xO BinNums.xH)))))
      else BinNums.Zpos (BinNums.xO (BinNums.xO (BinNums.xO (BinNums.xO (BinNums.xO (BinNums.xO BinNums.xH))))))))
option.option_bind :
base.MBind option
cmra.optionUR :
forall SI : stepindex.sidx, cmra.cmra -> cmra.ucmra
cmra.optionR :
forall SI : stepindex.sidx, cmra.cmra -> cmra.cmra
ofe.optionO :
forall SI : stepindex.sidx, ofe.ofe -> ofe.ofe
rv64d.opt_spc_forwards :
unit -> String.string
BinInt.Z.opp_wd :
Morphisms.Proper (Morphisms.respectful BinInt.Z.eq BinInt.Z.eq) BinInt.Z.opp
BinInt.Z.opp :
BinNums.Z -> BinNums.Z
cmra.opM :
forall A : Type, cmra.Op A -> A -> option A -> A
cmra.op :
forall A : Type, cmra.Op A -> A -> A -> A
rv64d.ones :
forall n : BinNums.Z, Values.mword n
VirtioModel.one16 :
definitions.bv (BinNums.Npos (BinNums.xO (BinNums.xO (BinNums.xO (BinNums.xO BinNums.xH)))))
Ascii.one :
Ascii.ascii
base.omap :
forall M : Type -> Type, base.OMap M -> forall A B : Type, (A -> option B) -> M A -> M B
rv64d.offset_virtaddr_by :
rv64d_types.virtaddr -> rv64d_types.physaddr -> rv64d_types.physaddr -> rv64d_types.virtaddr
RiscvLang.of_val :
RiscvLang.mval -> RiscvLang.mexpr
PosDef.Pos.of_succ_nat :
nat -> BinNums.positive
Uint63Axioms.of_pos_rec :
nat -> BinNums.positive -> PrimInt63.int
Uint63Axioms.of_pos :
BinNums.positive -> PrimInt63.int
IntDef.Z.of_nat :
nat -> BinNums.Z
BinPosDef.Pos.of_nat :
nat -> BinNums.positive
BinNatDef.N.of_nat :
nat -> BinNums.N
Uint63Axioms.of_Z :
BinNums.Z -> PrimInt63.int
BinInt.Z.of_N :
BinNums.N -> BinNums.Z
BinInt.Z.odd :
BinNums.Z -> bool
language.observation :
language.language -> Type
DevModel.nupd :
forall A : Type, (BinNums.N -> A) -> BinNums.N -> A -> BinNums.N -> A
rv64d.num_tlb_entries_exp :
BinNums.Z
rv64d_types.num_of_vector_support :
rv64d_types.vector_support -> BinNums.Z
rv64d_types.num_of_register_vector_64_option_TLB_Entry :
rv64d_types.register_vector_64_option_TLB_Entry -> BinNums.Z
rv64d_types.num_of_register_vector_64_bitvector_8 :
rv64d_types.register_vector_64_bitvector_8 -> BinNums.Z
rv64d_types.num_of_register_vector_64_bitvector_64 :
rv64d_types.register_vector_64_bitvector_64 -> BinNums.Z
rv64d_types.num_of_register_vector_32_bitvector_64 :
rv64d_types.register_vector_32_bitvector_64 -> BinNums.Z
rv64d_types.num_of_register_option_bitvector_64 :
rv64d_types.register_option_bitvector_64 -> BinNums.Z
rv64d_types.num_of_register_list_PMA_Region :
rv64d_types.register_list_PMA_Region -> BinNums.Z
rv64d_types.num_of_register_bool :
rv64d_types.register_bool -> BinNums.Z
rv64d_types.num_of_register_bitvector_exp_8 :
rv64d_types.register_bitvector_exp_8 -> BinNums.Z
rv64d_types.num_of_register_bitvector_704 :
rv64d_types.register_bitvector_704 -> BinNums.Z
rv64d_types.num_of_register_bitvector_64 :
rv64d_types.register_bitvector_64 -> BinNums.Z
rv64d_types.num_of_register_bitvector_5 :
rv64d_types.register_bitvector_5 -> BinNums.Z
rv64d_types.num_of_register_bitvector_4 :
rv64d_types.register_bitvector_4 -> BinNums.Z
rv64d_types.num_of_register_bitvector_320 :
rv64d_types.register_bitvector_320 -> BinNums.Z
rv64d_types.num_of_register_bitvector_32 :
rv64d_types.register_bitvector_32 -> BinNums.Z
rv64d_types.num_of_register_bitvector_3 :
rv64d_types.register_bitvector_3 -> BinNums.Z
rv64d_types.num_of_register_bitvector_192 :
rv64d_types.register_bitvector_192 -> BinNums.Z
rv64d_types.num_of_register_bitvector_128 :
rv64d_types.register_bitvector_128 -> BinNums.Z
rv64d_types.num_of_register_bitvector_1 :
rv64d_types.register_bitvector_1 -> BinNums.Z
rv64d_types.num_of_register_Privilege :
rv64d_types.register_Privilege -> BinNums.Z
rv64d_types.num_of_register_HartState :
rv64d_types.register_HartState -> BinNums.Z
rv64d_types.num_of_misaligned_exception :
rv64d_types.misaligned_exception -> BinNums.Z
rv64d_types.num_of_mem_payload :
rv64d_types.mem_payload -> BinNums.Z
rv64d_types.num_of_cbop_zicbop :
rv64d_types.cbop_zicbop -> BinNums.Z
rv64d_types.num_of_cbop_zicbom :
rv64d_types.cbop_zicbom -> BinNums.Z
rv64d_types.num_of_amoop :
rv64d_types.amoop -> BinNums.Z
rv64d_types.num_of_Splittability :
rv64d_types.Splittability -> BinNums.Z
rv64d_types.num_of_SATPMode :
rv64d_types.SATPMode -> BinNums.Z
rv64d_types.num_of_Reservability :
rv64d_types.Reservability -> BinNums.Z
rv64d_types.num_of_Privileged_ISA_Version :
rv64d_types.Privileged_ISA_Version -> BinNums.Z
rv64d_types.num_of_Privilege :
rv64d_types.Privilege -> BinNums.Z
rv64d_types.num_of_PmpAddrMatchType :
rv64d_types.PmpAddrMatchType -> BinNums.Z
rv64d_types.num_of_MemoryRegionType :
rv64d_types.MemoryRegionType -> BinNums.Z
rv64d_types.num_of_FeatureEnabledResult :
rv64d_types.FeatureEnabledResult -> BinNums.Z
rv64d_types.num_of_ExtStatus :
rv64d_types.ExtStatus -> BinNums.Z
rv64d_types.num_of_ExtContextPolicy :
rv64d_types.ExtContextPolicy -> BinNums.Z
rv64d_types.num_of_CSRAccessType :
rv64d_types.CSRAccessType -> BinNums.Z
rv64d_types.num_of_AtomicSupport :
rv64d_types.AtomicSupport -> BinNums.Z
rv64d.ntl_name_forwards :
rv64d_types.ntl_type -> String.string
RiscvModelBytes.nth_byte :
forall m : BinNums.N, definitions.bv m -> nat -> definitions.bv (BinNums.Npos (BinNums.xO (BinNums.xO (BinNums.xO BinNums.xH))))
ListDef.nth :
forall A : Type, nat -> list A -> A -> A
Env.nth :
forall D : Type, BinNums.positive -> Env.Env D -> D
BinList.nth :
forall A : Type, A -> BinNums.positive -> list A -> A
Operators_mwords.not_vec :
forall n : BinNums.Z, Values.mword n -> Values.mword n
Morphisms_Prop.not_iff_morphism_obligation_1 :
Morphisms.respectful iff iff not not
Morphisms_Prop.not_iff_morphism :
Morphisms.Proper (Morphisms.respectful iff iff) not
MachineWord.MachineWord.not :
forall n : BinNums.N, MachineWord.MachineWord.word n -> MachineWord.MachineWord.word n
rv64d.not :
bool -> bool
not :
Prop -> Prop
ZMicromega.normalise :
forall T : Type, RingMicromega.Formula BinNums.Z -> T -> Tauto.cnf (RingMicromega.NFormula BinNums.Z) T
Ring_polynom.norm_subst :
forall C : Type, C -> C -> (C -> C -> C) -> (C -> C -> C) -> (C -> C -> C) -> (C -> C) -> (C -> C -> bool) -> (C -> C -> C * C) -> nat -> list (C * Ring_polynom.Mon * Ring_polynom.Pol C) -> Ring_polynom.PExpr C -> Ring_polynom.Pol C
Ring_polynom.norm_aux :
forall C : Type, C -> C -> (C -> C -> C) -> (C -> C -> C) -> (C -> C -> C) -> (C -> C) -> (C -> C -> bool) -> Ring_polynom.PExpr C -> Ring_polynom.Pol C
EnvRing.norm_aux :
forall C : Type, C -> C -> (C -> C -> C) -> (C -> C -> C) -> (C -> C -> C) -> (C -> C) -> (C -> C -> bool) -> EnvRing.PExpr C -> EnvRing.Pol C
ZMicromega.normZ :
EnvRing.PExpr BinNums.Z -> EnvRing.Pol BinNums.Z
RingMicromega.norm :
forall C : Type, C -> C -> (C -> C -> C) -> (C -> C -> C) -> (C -> C -> C) -> (C -> C) -> (C -> C -> bool) -> EnvRing.PExpr C -> EnvRing.Pol C
FsStateInode.node_exact :
FsNode.fs_node -> gmap.gset FsTree.fname -> Prop
FsStateInode.node_ent_ok :
BinNums.Z -> FsNode.fs_node -> gmap.gset FsTree.fname -> Xv6Cameras.ity -> (FsTree.fname -> Xv6Cameras.ity) -> Prop
FsStateInode.node_dir_local :
BinNums.Z -> nat -> FsNode.fs_node -> Prop
RingMicromega.nformula_times_nformula :
forall C : Type, C -> C -> (C -> C -> C) -> (C -> C -> C) -> (C -> C -> bool) -> RingMicromega.NFormula C -> RingMicromega.NFormula C -> option (RingMicromega.NFormula C)
RingMicromega.nformula_plus_nformula :
forall C : Type, C -> (C -> C -> C) -> (C -> C -> bool) -> RingMicromega.NFormula C -> RingMicromega.NFormula C -> option (RingMicromega.NFormula C)
ZMicromega.nformula_of_cutting_plane :
RingMicromega.PolC BinNums.Z * BinNums.Z * RingMicromega.Op1 -> RingMicromega.NFormula BinNums.Z
Operators_mwords.neq_vec :
forall n : BinNums.Z, Values.mword n -> Values.mword n -> bool
rv64d.neq_int :
BinNums.Z -> BinNums.Z -> bool
rv64d.neq_bool :
bool -> bool -> bool
RelationClasses.neq_Symmetric :
forall A : Type, RelationClasses.Symmetric (fun x y : A => x <> y)
negb :
bool -> bool
ZMicromega.negate :
forall T : Type, RingMicromega.Formula BinNums.Z -> T -> Tauto.cnf (RingMicromega.NFormula BinNums.Z) T
nat_rect :
forall P : nat -> Type, P 0 -> (forall n : nat, P n -> P (S n)) -> forall n : nat, P n
nat_rec :
forall P : nat -> Set, P 0 -> (forall n : nat, P n -> P (S n)) -> forall n : nat, P n
nat_ind :
forall P : nat -> Prop, P 0 -> (forall n : nat, P n -> P (S n)) -> forall n : nat, P n
MachineWord.MachineWord.nat_idx :
nat -> BinNums.N
countable.nat_countable :
countable.Countable nat
stepindex_finite.natSI :
stepindex.sidx
Values.mword_of_int :
forall len : BinNums.Z, BinNums.Z -> Values.mword len
Values.mword :
BinNums.Z -> Set
RiscvLang.mval :
Set
gmultiset.multiset_unfold :
forall (A : Type) (EqDecision0 : base.RelDecision eq) (H : countable.Countable A) (x : A) (X : gmultiset.gmultiset A) (n : nat), gmultiset.MultisetUnfold x X n -> gmultiset.multiplicity x X = n
gmultiset.multiplicity :
forall (A : Type) (EqDecision0 : base.RelDecision eq) (H : countable.Countable A), A -> gmultiset.gmultiset A -> nat
rv64d.mult_to_bits_half :
forall l : BinNums.Z, rv64d_types.Signedness -> rv64d_types.Signedness -> Values.mword l -> Values.mword l -> rv64d_types.VectorHalf -> Values.mword l
Ring_polynom.mult_dev :
forall R : Type,
R ->
R ->
(R -> R -> R) ->
(R -> R -> R) -> (R -> R) -> forall C : Type, C -> C -> (C -> C -> bool) -> (C -> R) -> (C -> option C) -> (R -> BinNums.positive -> R) -> (R -> BinNums.positive -> R) -> (R -> R -> BinNums.positive -> R) -> Ring_polynom.Pol C -> list R -> BinNums.N -> list (R * BinNums.positive) -> R
PeanoNat.Nat.mul_wd_obligation_1 :
Morphisms.respectful eq (Morphisms.respectful eq eq) Nat.mul Nat.mul
BinInt.Z.mul_wd :
Morphisms.Proper (Morphisms.respectful BinInt.Z.eq (Morphisms.respectful BinInt.Z.eq BinInt.Z.eq)) BinInt.Z.mul
PeanoNat.Nat.mul_wd :
Morphisms.Proper (Morphisms.respectful eq (Morphisms.respectful eq eq)) Nat.mul
rv64d_types.mul_op_signed_rs2 :
rv64d_types.mul_op -> rv64d_types.Signedness
rv64d_types.mul_op_signed_rs1 :
rv64d_types.mul_op -> rv64d_types.Signedness
rv64d_types.mul_op_result_part :
rv64d_types.mul_op -> rv64d_types.VectorHalf
rv64d.mul_mnemonic_forwards :
rv64d_types.mul_op -> rv64d_types.M String.string
BinInt.Z.mul :
BinNums.Z -> BinNums.Z -> BinNums.Z
BinPos.Pos.mul :
BinNums.positive -> BinNums.positive -> BinNums.positive
BinNatDef.N.mul :
BinNums.N -> BinNums.N -> BinNums.N
PeanoNat.Nat.mul :
nat -> nat -> nat
base.mthrow :
forall (E : Type) (M : Type -> Type), base.MThrow E M -> forall A : Type, E -> M A
rv64d.mstatush_is_defined :
bool
TsoMemPa.msg_byte :
TsoMemPa.pwmsg -> rv64d_types.Arch.pa -> option (definitions.bv (BinNums.Npos (BinNums.xO (BinNums.xO (BinNums.xO BinNums.xH)))))
rv64d.mseccfg_csrs_are_defined :
bool
base.mret :
forall M : Type -> Type, base.MRet M -> forall A : Type, A -> M A
Ring_theory.morph_sub :
forall (R : Type) (rO rI : R) (radd rmul rsub : R -> R -> R) (ropp : R -> R) (req : R -> R -> Prop) (C : Type) (cO cI : C) (cadd cmul csub : C -> C -> C) (copp : C -> C) (ceqb : C -> C -> bool) (phi : C -> R),
Ring_theory.ring_morph rO rI radd rmul rsub ropp req cO cI cadd cmul csub copp ceqb phi -> forall x y : C, req (phi (csub x y)) (rsub (phi x) (phi y))
Ring_theory.morph_opp :
forall (R : Type) (rO rI : R) (radd rmul rsub : R -> R -> R) (ropp : R -> R) (req : R -> R -> Prop) (C : Type) (cO cI : C) (cadd cmul csub : C -> C -> C) (copp : C -> C) (ceqb : C -> C -> bool) (phi : C -> R),
Ring_theory.ring_morph rO rI radd rmul rsub ropp req cO cI cadd cmul csub copp ceqb phi -> forall x : C, req (phi (copp x)) (ropp (phi x))
Ring_theory.morph_mul :
forall (R : Type) (rO rI : R) (radd rmul rsub : R -> R -> R) (ropp : R -> R) (req : R -> R -> Prop) (C : Type) (cO cI : C) (cadd cmul csub : C -> C -> C) (copp : C -> C) (ceqb : C -> C -> bool) (phi : C -> R),
Ring_theory.ring_morph rO rI radd rmul rsub ropp req cO cI cadd cmul csub copp ceqb phi -> forall x y : C, req (phi (cmul x y)) (rmul (phi x) (phi y))
Ring_theory.morph_eq :
forall (R : Type) (rO rI : R) (radd rmul rsub : R -> R -> R) (ropp : R -> R) (req : R -> R -> Prop) (C : Type) (cO cI : C) (cadd cmul csub : C -> C -> C) (copp : C -> C) (ceqb : C -> C -> bool) (phi : C -> R),
Ring_theory.ring_morph rO rI radd rmul rsub ropp req cO cI cadd cmul csub copp ceqb phi -> forall x y : C, ceqb x y = true -> req (phi x) (phi y)
Ring_theory.morph_add :
forall (R : Type) (rO rI : R) (radd rmul rsub : R -> R -> R) (ropp : R -> R) (req : R -> R -> Prop) (C : Type) (cO cI : C) (cadd cmul csub : C -> C -> C) (copp : C -> C) (ceqb : C -> C -> bool) (phi : C -> R),
Ring_theory.ring_morph rO rI radd rmul rsub ropp req cO cI cadd cmul csub copp ceqb phi -> forall x y : C, req (phi (cadd x y)) (radd (phi x) (phi y))
Ring_theory.morph1 :
forall (R : Type) (rO rI : R) (radd rmul rsub : R -> R -> R) (ropp : R -> R) (req : R -> R -> Prop) (C : Type) (cO cI : C) (cadd cmul csub : C -> C -> C) (copp : C -> C) (ceqb : C -> C -> bool) (phi : C -> R),
Ring_theory.ring_morph rO rI radd rmul rsub ropp req cO cI cadd cmul csub copp ceqb phi -> req (phi cI) rI
Ring_theory.morph0 :
forall (R : Type) (rO rI : R) (radd rmul rsub : R -> R -> R) (ropp : R -> R) (req : R -> R -> Prop) (C : Type) (cO cI : C) (cadd cmul csub : C -> C -> C) (copp : C -> C) (ceqb : C -> C -> bool) (phi : C -> R),
Ring_theory.ring_morph rO rI radd rmul rsub ropp req cO cI cadd cmul csub copp ceqb phi -> req (phi cO) rO
String.more_digits :
String.string -> BinNums.Z -> BinNums.Z -> nat -> BinNums.Z * nat
monoid.monoid_unit :
forall (SI : stepindex.sidx) (M : ofe.ofe) (o : ofe.ofe_car M -> ofe.ofe_car M -> ofe.ofe_car M), monoid.Monoid o -> ofe.ofe_car M
rv64d_types.Defs.monadR :
Type -> Type -> Type -> Type
rv64d_types.Defs.monad :
Type -> Type -> Type
Ring_polynom.mon_of_pol :
forall C : Type, C -> (C -> C -> bool) -> Ring_polynom.Pol C -> option (C * Ring_polynom.Mon)
BinInt.Z.modulo :
BinNums.Z -> BinNums.Z -> BinNums.Z
PeanoNat.Nat.modulo :
nat -> nat -> nat
BinInt.Z.mod_wd :
Morphisms.Proper (Morphisms.respectful BinInt.Z.eq (Morphisms.respectful BinInt.Z.eq BinInt.Z.eq)) BinInt.Z.modulo
BinInt.Z.mod_bound_pos :
forall a b : BinNums.Z, BinInt.Z.le BinNums.Z0 a -> BinInt.Z.lt BinNums.Z0 b -> BinInt.Z.le BinNums.Z0 (BinInt.Z.modulo a b) /\ BinInt.Z.lt (BinInt.Z.modulo a b) b
RiscvLang.mnode_step :
gmap.gset rv64d_types.Arch.pa ->
nat ->
gmap.gmap rv64d_types.Arch.pa (definitions.bv (BinNums.Npos (BinNums.xO (BinNums.xO (BinNums.xO BinNums.xH))))) ->
RiscvLang.mstate -> list TsoMemPa.pwmsg -> nat -> option RiscvLang.resv -> rv64d_types.M unit -> rv64d_types.M unit -> RiscvLang.mstate -> list TsoMemPa.pwmsg -> nat -> option RiscvLang.resv -> Prop
rv64d.mmio_write :
rv64d_types.physaddr -> forall width : BinNums.Z, Values.mword (BinInt.Z.mul (BinNums.Zpos (BinNums.xO (BinNums.xO (BinNums.xO BinNums.xH)))) width) -> rv64d_types.M (Values.result bool (rv64d_types.physaddr * rv64d_types.ExceptionType))
rv64d.mmio_read :
rv64d_types.MemoryAccessType rv64d_types.mem_payload -> rv64d_types.physaddr -> forall width : BinNums.Z, rv64d_types.M (Values.result (Values.mword (BinInt.Z.mul (BinNums.Zpos (BinNums.xO (BinNums.xO (BinNums.xO BinNums.xH)))) width)) (rv64d_types.physaddr * rv64d_types.ExceptionType))
Ring_polynom.mkmultm1 :
forall R : Type, R -> (R -> R) -> (R -> BinNums.positive -> R) -> (R -> R -> BinNums.positive -> R) -> list (R * BinNums.positive) -> R
Ring_polynom.mkmult_rec :
forall R : Type, (R -> R -> BinNums.positive -> R) -> R -> list (R * BinNums.positive) -> R
Ring_polynom.mkmult_c_pos :
forall R : Type, R -> forall C : Type, C -> (C -> C -> bool) -> (C -> R) -> (R -> BinNums.positive -> R) -> (R -> R -> BinNums.positive -> R) -> C -> list (R * BinNums.positive) -> R
Ring_polynom.mkmult_c :
forall R : Type, R -> (R -> R) -> forall C : Type, C -> (C -> C -> bool) -> (C -> R) -> (C -> option C) -> (R -> BinNums.positive -> R) -> (R -> BinNums.positive -> R) -> (R -> R -> BinNums.positive -> R) -> C -> list (R * BinNums.positive) -> R
Ring_polynom.mkmult1 :
forall R : Type, R -> (R -> BinNums.positive -> R) -> (R -> R -> BinNums.positive -> R) -> list (R * BinNums.positive) -> R
Ring_polynom.mkadd_mult :
forall R : Type, R -> (R -> R -> R) -> (R -> R -> R) -> forall C : Type, C -> (C -> C -> bool) -> (C -> R) -> (C -> option C) -> (R -> BinNums.positive -> R) -> (R -> R -> BinNums.positive -> R) -> R -> C -> list (R * BinNums.positive) -> R
Tauto.mk_or :
forall Term Term' Annot : Type,
(Term' -> bool) ->
(Term' -> Term' -> option Term') ->
forall (TX : Tauto.kind -> Type) (AF : Type), (bool -> forall k : Tauto.kind, Tauto.TFormula Term Annot TX AF k -> Tauto.cnf Term' Annot) -> forall k : Tauto.kind, bool -> Tauto.TFormula Term Annot TX AF k -> Tauto.TFormula Term Annot TX AF k -> Tauto.cnf Term' Annot
Ring_polynom.mk_monpol_list :
forall C : Type, C -> C -> (C -> C -> C) -> (C -> C -> C) -> (C -> C -> C) -> (C -> C) -> (C -> C -> bool) -> (C -> C -> C * C) -> list (Ring_polynom.PExpr C * Ring_polynom.PExpr C) -> list (C * Ring_polynom.Mon * Ring_polynom.Pol C)
Tauto.mk_impl :
forall Term Term' Annot : Type,
(Term' -> bool) ->
(Term' -> Term' -> option Term') ->
forall (TX : Tauto.kind -> Type) (AF : Type), (bool -> forall k : Tauto.kind, Tauto.TFormula Term Annot TX AF k -> Tauto.cnf Term' Annot) -> forall k : Tauto.kind, bool -> Tauto.TFormula Term Annot TX AF k -> Tauto.TFormula Term Annot TX AF k -> Tauto.cnf Term' Annot
Tauto.mk_iff :
forall Term Term' Annot : Type,
(Term' -> bool) ->
(Term' -> Term' -> option Term') ->
forall (TX : Tauto.kind -> Type) (AF : Type), (bool -> forall k : Tauto.kind, Tauto.TFormula Term Annot TX AF k -> Tauto.cnf Term' Annot) -> forall k : Tauto.kind, bool -> Tauto.TFormula Term Annot TX AF k -> Tauto.TFormula Term Annot TX AF k -> Tauto.cnf Term' Annot
ZMicromega.mk_eq_pos :
BinNums.positive -> BinNums.positive -> BinNums.positive -> RingMicromega.Formula BinNums.Z
Tauto.mk_and :
forall Term Term' Annot : Type,
(Term' -> bool) ->
(Term' -> Term' -> option Term') ->
forall (TX : Tauto.kind -> Type) (AF : Type), (bool -> forall k : Tauto.kind, Tauto.TFormula Term Annot TX AF k -> Tauto.cnf Term' Annot) -> forall k : Tauto.kind, bool -> Tauto.TFormula Term Annot TX AF k -> Tauto.TFormula Term Annot TX AF k -> Tauto.cnf Term' Annot
Ring_polynom.mk_X :
forall C : Type, C -> C -> BinNums.positive -> Ring_polynom.Pol C
EnvRing.mk_X :
forall C : Type, C -> C -> BinNums.positive -> EnvRing.Pol C
Ring_polynom.mkZmon :
BinNums.positive -> Ring_polynom.Mon -> Ring_polynom.Mon
Ring_polynom.mkXi :
forall C : Type, C -> C -> BinNums.positive -> Ring_polynom.Pol C
EnvRing.mkXi :
forall C : Type, C -> C -> BinNums.positive -> EnvRing.Pol C
Ring_polynom.mkX :
forall C : Type, C -> C -> Ring_polynom.Pol C
EnvRing.mkX :
forall C : Type, C -> C -> EnvRing.Pol C
Ring_polynom.mkVmon :
BinNums.positive -> Ring_polynom.Mon -> Ring_polynom.Mon
Ring_polynom.mkPinj_pred :
forall C : Type, BinNums.positive -> Ring_polynom.Pol C -> Ring_polynom.Pol C
EnvRing.mkPinj_pred :
forall C : Type, BinNums.positive -> EnvRing.Pol C -> EnvRing.Pol C
Ring_polynom.mkPinj :
forall C : Type, BinNums.positive -> Ring_polynom.Pol C -> Ring_polynom.Pol C
EnvRing.mkPinj :
forall C : Type, BinNums.positive -> EnvRing.Pol C -> EnvRing.Pol C
Ring_polynom.mkPX :
forall C : Type, C -> (C -> C -> bool) -> Ring_polynom.Pol C -> BinNums.positive -> Ring_polynom.Pol C -> Ring_polynom.Pol C
EnvRing.mkPX :
forall C : Type, C -> (C -> C -> bool) -> EnvRing.Pol C -> BinNums.positive -> EnvRing.Pol C -> EnvRing.Pol C
rv64d.misaligned_samo_writes_xtval :
bool
rv64d.misaligned_order :
BinNums.Z -> BinNums.Z * BinNums.Z * BinNums.Z
rv64d.misaligned_load_writes_xtval :
bool
rv64d.misaligned_fetch_writes_xtval :
bool
rv64d_types.misaligned_exception_of_num :
BinNums.Z -> rv64d_types.misaligned_exception
rv64d.misaligned_exception_is_access_fault :
option rv64d_types.misaligned_exception -> bool
rv64d_types.misaligned_exception_eq_dec :
forall x y : rv64d_types.misaligned_exception, {x = y} + {x <> y}
Arith_base.minus_n_O_stt :
forall n : nat, n = n - 0
BinInt.Z.min :
BinNums.Z -> BinNums.Z -> BinNums.Z
RingMicromega.micomega_sor_setoid_Transitive :
forall (R : Type) (rO rI : R) (rplus rtimes rminus : R -> R -> R) (ropp : R -> R) (req rle rlt : R -> R -> Prop), OrderedRing.SOR rO rI rplus rtimes rminus ropp req rle rlt -> RelationClasses.Transitive req
RingMicromega.micomega_sor_setoid_Symmetric :
forall (R : Type) (rO rI : R) (rplus rtimes rminus : R -> R -> R) (ropp : R -> R) (req rle rlt : R -> R -> Prop), OrderedRing.SOR rO rI rplus rtimes rminus ropp req rle rlt -> RelationClasses.Symmetric req
RingMicromega.micomega_sor_setoid_Reflexive :
forall (R : Type) (rO rI : R) (rplus rtimes rminus : R -> R -> R) (ropp : R -> R) (req rle rlt : R -> R -> Prop), OrderedRing.SOR rO rI rplus rtimes rminus ropp req rle rlt -> RelationClasses.Reflexive req
RingMicromega.micomega_sor_setoid :
forall (R : Type) (rO rI : R) (rplus rtimes rminus : R -> R -> R) (ropp : R -> R) (req rle rlt : R -> R -> Prop), OrderedRing.SOR rO rI rplus rtimes rminus ropp req rle rlt -> RelationClasses.Equivalence req
base.merge :
forall M : Type -> Type, base.Merge M -> forall A B C : Type, (option A -> option B -> option C) -> M A -> M B -> M C
rv64d.memory_exception :
rv64d_types.virtaddr -> rv64d_types.ExceptionType -> rv64d_types.M rv64d_types.ExecutionResult
rv64d.mem_write_value_priv_meta :
rv64d_types.physaddr ->
forall width : BinNums.Z,
Values.mword (BinInt.Z.mul (BinNums.Zpos (BinNums.xO (BinNums.xO (BinNums.xO BinNums.xH)))) width) ->
rv64d_types.MemoryAccessType rv64d_types.mem_payload -> rv64d_types.page_based_mem_type -> rv64d_types.Privilege -> unit -> bool -> bool -> bool -> rv64d_types.M (Values.result bool (rv64d_types.physaddr * rv64d_types.ExceptionType))
rv64d.mem_write_value_priv :
rv64d_types.physaddr ->
forall width : BinNums.Z,
Values.mword (BinInt.Z.mul (BinNums.Zpos (BinNums.xO (BinNums.xO (BinNums.xO BinNums.xH)))) width) ->
rv64d_types.Privilege -> rv64d_types.MemoryAccessType rv64d_types.mem_payload -> rv64d_types.page_based_mem_type -> bool -> bool -> bool -> rv64d_types.M (Values.result bool (rv64d_types.physaddr * rv64d_types.ExceptionType))
rv64d.mem_write_value_meta :
rv64d_types.physaddr ->
forall width : BinNums.Z,
Values.mword (BinInt.Z.mul (BinNums.Zpos (BinNums.xO (BinNums.xO (BinNums.xO BinNums.xH)))) width) ->
rv64d_types.MemoryAccessType rv64d_types.mem_payload -> rv64d_types.page_based_mem_type -> unit -> bool -> bool -> bool -> rv64d_types.M (Values.result bool (rv64d_types.physaddr * rv64d_types.ExceptionType))
rv64d.mem_write_value :
rv64d_types.physaddr ->
forall width : BinNums.Z,
Values.mword (BinInt.Z.mul (BinNums.Zpos (BinNums.xO (BinNums.xO (BinNums.xO BinNums.xH)))) width) ->
rv64d_types.MemoryAccessType rv64d_types.mem_payload -> rv64d_types.page_based_mem_type -> bool -> bool -> bool -> rv64d_types.M (Values.result bool (rv64d_types.physaddr * rv64d_types.ExceptionType))
rv64d.mem_write_ea :
rv64d_types.physaddr -> BinNums.Z -> rv64d_types.MemoryAccessType rv64d_types.mem_payload -> rv64d_types.page_based_mem_type -> bool -> bool -> bool -> rv64d_types.M (Values.result unit (rv64d_types.physaddr * rv64d_types.ExceptionType))
VirtioModel.mem_view :
gmap.gmap rv64d_types.Arch.pa (definitions.bv (BinNums.Npos (BinNums.xO (BinNums.xO (BinNums.xO BinNums.xH))))) -> VirtioModel.vmem -> Prop
rv64d.mem_read_priv_meta :
rv64d_types.MemoryAccessType rv64d_types.mem_payload ->
rv64d_types.page_based_mem_type ->
rv64d_types.Privilege -> rv64d_types.physaddr -> forall width : BinNums.Z, bool -> bool -> bool -> bool -> rv64d_types.M (Values.result (Values.mword (BinInt.Z.mul (BinNums.Zpos (BinNums.xO (BinNums.xO (BinNums.xO BinNums.xH)))) width) * unit) (rv64d_types.physaddr * rv64d_types.ExceptionType))
rv64d.mem_read_priv :
rv64d_types.MemoryAccessType rv64d_types.mem_payload ->
rv64d_types.page_based_mem_type ->
rv64d_types.Privilege -> rv64d_types.physaddr -> forall width : BinNums.Z, bool -> bool -> bool -> rv64d_types.M (Values.result (Values.mword (BinInt.Z.mul (BinNums.Zpos (BinNums.xO (BinNums.xO (BinNums.xO BinNums.xH)))) width)) (rv64d_types.physaddr * rv64d_types.ExceptionType))
rv64d.mem_read :
rv64d_types.MemoryAccessType rv64d_types.mem_payload ->
rv64d_types.page_based_mem_type -> rv64d_types.physaddr -> forall width : BinNums.Z, bool -> bool -> bool -> rv64d_types.M (Values.result (Values.mword (BinInt.Z.mul (BinNums.Zpos (BinNums.xO (BinNums.xO (BinNums.xO BinNums.xH)))) width)) (rv64d_types.physaddr * rv64d_types.ExceptionType))
rv64d.mem_payload_str_forwards :
rv64d_types.mem_payload -> String.string
rv64d_types.mem_payload_of_num :
BinNums.Z -> rv64d_types.mem_payload
rv64d.mem_payload_name_forwards :
rv64d_types.mem_payload -> String.string
rv64d_types.mem_payload_eq_dec :
forall x y : rv64d_types.mem_payload, {x = y} + {x <> y}
rv64d_types.mem_meta :
Type
RiscvLang.mem :
RiscvLang.mstate -> gmap.gmap rv64d_types.Arch.pa (definitions.bv (BinNums.Npos (BinNums.xO (BinNums.xO (BinNums.xO BinNums.xH)))))
RiscvLang.mdev :
RiscvLang.mstate -> DevModel.dev_state
rv64d.mconfigptr_is_defined :
bool
rv64d.mcidlen :
BinNums.Z
base.mbind :
forall M : Type -> Type, base.MBind M -> forall A B : Type, (A -> M B) -> M A -> M B
rv64d.maybe_u_forwards :
bool -> String.string
rv64d.maybe_aqrl_forwards :
bool * bool -> String.string
ZMicromega.max_var_nformulae :
list (RingMicromega.NFormula BinNums.Z) -> BinNums.positive
ZMicromega.max_var :
BinNums.positive -> EnvRing.Pol BinNums.Z -> BinNums.positive
BinPos.Pos.Private_Dec.max_case_strong :
forall (n m : BinNums.positive) (P : BinNums.positive -> Type), (forall x y : BinNums.positive, x = y -> P x -> P y) -> (BinPos.Pos.le m n -> P n) -> (BinPos.Pos.le n m -> P m) -> P (BinPos.Pos.max n m)
BinPos.Pos.max_case_strong :
forall (n m : BinNums.positive) (P : BinNums.positive -> Type), (BinPos.Pos.le m n -> P n) -> (BinPos.Pos.le n m -> P m) -> P (BinPos.Pos.max n m)
BinInt.Z.max :
BinNums.Z -> BinNums.Z -> BinNums.Z
BinPos.Pos.max :
BinNums.positive -> BinNums.positive -> BinNums.positive
PeanoNat.Nat.max :
nat -> nat -> nat
rv64d.matching_pma_region_bits_range :
list rv64d_types.PMA_Region ->
Values.mword (BinNums.Zpos (BinNums.xO (BinNums.xO (BinNums.xO (BinNums.xO (BinNums.xO (BinNums.xO BinNums.xH))))))) -> Values.mword (BinNums.Zpos (BinNums.xO (BinNums.xO (BinNums.xO (BinNums.xO (BinNums.xO (BinNums.xO BinNums.xH))))))) -> option rv64d_types.PMA_Region
rv64d.matching_pma_region :
list rv64d_types.PMA_Region -> rv64d_types.physaddr -> BinNums.Z -> option rv64d_types.PMA_Region
xv6iris_extras.match_reservation :
forall n : BinNums.Z, Values.mword n -> bool
rv64d.match_TLB_Entry :
rv64d_types.TLB_Entry ->
Values.mword
  (if BinInt.Z.eqb (BinNums.Zpos (BinNums.xO (BinNums.xO (BinNums.xO (BinNums.xO (BinNums.xO (BinNums.xO BinNums.xH))))))) (BinNums.Zpos (BinNums.xO (BinNums.xO (BinNums.xO (BinNums.xO (BinNums.xO BinNums.xH))))))
   then BinNums.Zpos (BinNums.xI (BinNums.xO (BinNums.xO BinNums.xH)))
   else BinNums.Zpos (BinNums.xO (BinNums.xO (BinNums.xO (BinNums.xO BinNums.xH))))) ->
Values.mword (BinInt.Z.sub (BinNums.Zpos (BinNums.xI (BinNums.xO (BinNums.xO (BinNums.xI (BinNums.xI BinNums.xH)))))) (BinNums.Zpos (BinNums.xO (BinNums.xO (BinNums.xI BinNums.xH))))) -> bool
BinPos.Pos.mask2cmp :
BinPos.Pos.mask -> comparison
mapset.mapset_union :
forall M : Type -> Type, base.Merge M -> base.Union (mapset.mapset' (M unit))
mapset.mapset_singleton :
forall (K : Type) (M : Type -> Type), (forall A : Type, base.Empty (M A)) -> (forall A : Type, base.PartialAlter K A (M A)) -> base.Singleton K (mapset.mapset' (M unit))
mapset.mapset_intersection :
forall M : Type -> Type, base.Merge M -> base.Intersection (mapset.mapset' (M unit))
mapset.mapset_eq_dec :
forall M : Type -> Type, base.RelDecision eq -> base.RelDecision eq
mapset.mapset_empty :
forall M : Type -> Type, (forall A : Type, base.Empty (M A)) -> base.Empty (mapset.mapset' (M unit))
mapset.mapset_elements :
forall (K : Type) (M : Type -> Type), (forall A : Type, fin_maps.MapFold K A (M A)) -> base.Elements K (mapset.mapset' (M unit))
mapset.mapset_elem_of_dec :
forall (K : Type) (M : Type -> Type) (H0 : forall A : Type, base.Lookup K A (M A)), base.RelDecision base.elem_of
mapset.mapset_elem_of :
forall (K : Type) (M : Type -> Type), (forall A : Type, base.Lookup K A (M A)) -> base.ElemOf K (mapset.mapset' (M unit))
mapset.mapset_dom :
forall M : Type -> Type, base.FMap M -> forall A : Type, base.Dom (M A) (mapset.mapset' (M unit))
mapset.mapset_difference :
forall M : Type -> Type, base.Merge M -> base.Difference (mapset.mapset' (M unit))
mapset.mapset_car :
forall Munit : Type, mapset.mapset' Munit -> Munit
fin_maps.map_union_with :
forall M : Type -> Type, base.Merge M -> forall A : Type, base.UnionWith A (M A)
fin_maps.map_union :
forall M : Type -> Type, base.Merge M -> forall A : Type, base.Union (M A)
fin_maps.map_to_list :
forall K A M : Type, fin_maps.MapFold K A M -> M -> list (K * A)
fin_maps.map_subseteq :
forall (K : Type) (M : Type -> Type), (forall A : Type, base.Lookup K A (M A)) -> forall A : Type, base.SubsetEq (M A)
fin_maps.map_size :
forall K A M : Type, fin_maps.MapFold K A M -> base.Size M
fin_maps.map_singleton :
forall K A M : Type, base.PartialAlter K A M -> base.Empty M -> base.SingletonM K A M
fin_maps.map_relation :
forall (K : Type) (M : Type -> Type), (forall A : Type, base.Lookup K A (M A)) -> forall A B : Type, (K -> A -> B -> Prop) -> (K -> A -> Prop) -> (K -> B -> Prop) -> M A -> M B -> Prop
RingMicromega.map_option2 :
forall A B C : Type, (A -> B -> option C) -> option A -> option B -> option C
RingMicromega.map_option :
forall A B : Type, (A -> option B) -> option A -> option B
fin_maps.map_intersection_with :
forall M : Type -> Type, base.Merge M -> forall A : Type, base.IntersectionWith A (M A)
fin_maps.map_intersection :
forall M : Type -> Type, base.Merge M -> forall A : Type, base.Intersection (M A)
fin_maps.map_insert :
forall K A M : Type, base.PartialAlter K A M -> base.Insert K A M
fin_maps.map_included :
forall (K : Type) (M : Type -> Type), (forall A : Type, base.Lookup K A (M A)) -> forall A B : Type, (K -> A -> B -> Prop) -> M A -> M B -> Prop
fin_maps.map_imap :
forall (K : Type) (M : Type -> Type), (forall A : Type, base.Insert K A (M A)) -> (forall A : Type, base.Empty (M A)) -> (forall A : Type, fin_maps.MapFold K A (M A)) -> forall A B : Type, (K -> A -> option B) -> M A -> M B
fin_maps.map_fold_fmap_ind :
forall (K : Type) (M : Type -> Type) (H : base.FMap M) (H0 : forall A : Type, base.Lookup K A (M A)) (H1 : forall A : Type, base.Empty (M A)) (H2 : forall A : Type, base.PartialAlter K A (M A)) (H3 : base.OMap M) (H4 : base.Merge M) (H5 : forall A : Type, fin_maps.MapFold K A (M A))
  (EqDecision0 : base.RelDecision eq),
fin_maps.FinMap K M ->
forall (A : Type) (P : M A -> Prop),
P base.empty ->
(forall (i : K) (x : A) (m : M A), base.lookup i m = None -> (forall (A' B : Type) (f : K -> A' -> B -> B) (g : A -> A') (b : B) (x' : A'), fin_maps.map_fold f b (base.insert i x' (base.fmap g m)) = f i x' (fin_maps.map_fold f b (base.fmap g m))) -> P m -> P (base.insert i x m)) ->
forall m : M A, P m
fin_maps.map_fold_empty :
forall (K : Type) (M : Type -> Type) (H : base.FMap M) (H0 : forall A : Type, base.Lookup K A (M A)) (H1 : forall A : Type, base.Empty (M A)) (H2 : forall A : Type, base.PartialAlter K A (M A)) (H3 : base.OMap M) (H4 : base.Merge M) (H5 : forall A : Type, fin_maps.MapFold K A (M A))
  (EqDecision0 : base.RelDecision eq),
fin_maps.FinMap K M -> forall (A B : Type) (f : K -> A -> B -> B) (b : B), fin_maps.map_fold f b base.empty = b
fin_maps.map_fold :
forall K A M : Type, fin_maps.MapFold K A M -> forall B : Type, (K -> A -> B -> B) -> B -> M -> B
fin_maps.map_filter :
forall K A M : Type, fin_maps.MapFold K A M -> base.Insert K A M -> base.Empty M -> base.Filter (K * A) M
fin_maps.map_equiv :
forall (K : Type) (M : Type -> Type), (forall A : Type, base.Lookup K A (M A)) -> forall A : Type, base.Equiv A -> base.Equiv (M A)
fin_maps.map_eq_dec_empty :
forall (K : Type) (M : Type -> Type) (H : base.FMap M) (H0 : forall A : Type, base.Lookup K A (M A)) (H1 : forall A : Type, base.Empty (M A)) (H2 : forall A : Type, base.PartialAlter K A (M A)) (H3 : base.OMap M) (H4 : base.Merge M) (H5 : forall A : Type, fin_maps.MapFold K A (M A))
  (EqDecision0 : base.RelDecision eq),
fin_maps.FinMap K M -> forall (A : Type) (m : M A), base.Decision (m = base.empty)
fin_maps.map_eq :
forall (K : Type) (M : Type -> Type) (H : base.FMap M) (H0 : forall A : Type, base.Lookup K A (M A)) (H1 : forall A : Type, base.Empty (M A)) (H2 : forall A : Type, base.PartialAlter K A (M A)) (H3 : base.OMap M) (H4 : base.Merge M) (H5 : forall A : Type, fin_maps.MapFold K A (M A))
  (EqDecision0 : base.RelDecision eq),
fin_maps.FinMap K M -> forall (A : Type) (m1 m2 : M A), (forall i : K, base.lookup i m1 = base.lookup i m2) -> m1 = m2
fin_maps.map_difference_with :
forall M : Type -> Type, base.Merge M -> forall A : Type, base.DifferenceWith A (M A)
fin_maps.map_difference :
forall M : Type -> Type, base.Merge M -> forall A : Type, base.Difference (M A)
fin_maps.map_delete :
forall K A M : Type, base.PartialAlter K A M -> base.Delete K M
list_monad.mapM :
forall M : Type -> Type, base.MBind M -> base.MRet M -> forall A B : Type, (A -> M B) -> list A -> M (list B)
ListDef.map :
forall A B : Type, (A -> B) -> list A -> list B
rv64d.make_sync_exception :
rv64d_types.ExceptionType -> Values.mword (BinNums.Zpos (BinNums.xO (BinNums.xO (BinNums.xO (BinNums.xO (BinNums.xO (BinNums.xO BinNums.xH))))))) -> rv64d_types.sync_exception
rv64d.make_shadow_stack_exception :
unit -> rv64d_types.sync_exception
rv64d.make_landing_pad_exception :
unit -> rv64d_types.sync_exception
Refl.make_impl :
forall A : Type, (A -> Prop) -> list A -> Prop -> Prop
Refl.make_conj :
forall A : Type, (A -> Prop) -> list A -> Prop
ZMicromega.makeCuttingPlane :
RingMicromega.PolC BinNums.Z -> RingMicromega.PolC BinNums.Z * BinNums.Z
rv64d_types.mag_size_exp :
Type
rv64d.mag_pma_check :
rv64d_types.PMA -> rv64d_types.MemoryAccessType rv64d_types.mem_payload -> rv64d_types.physaddr -> BinNums.Z -> rv64d_types.M (Values.result (rv64d_types.Splittability * BinNums.Z) rv64d_types.misaligned_exception)
rv64d.mag_of_pma :
rv64d_types.PMA -> bool -> option BinNums.Z
BinInt.Z.lxor :
BinNums.Z -> BinNums.Z -> BinNums.Z
BinPos.Pos.lxor :
BinNums.positive -> BinNums.positive -> BinNums.N
NatDef.N.lxor :
BinNums.N -> BinNums.N -> BinNums.N
Wf_nat.ltof :
forall A : Type, (A -> nat) -> A -> A -> Prop
BinInt.Z.ltb_spec0 :
forall x y : BinNums.Z, reflect (BinInt.Z.lt x y) (BinInt.Z.ltb x y)
BinInt.Z.ltb :
BinNums.Z -> BinNums.Z -> bool
BinNat.N.ltb :
BinNums.N -> BinNums.N -> bool
PeanoNat.Nat.ltb :
nat -> nat -> bool
Wf_nat.lt_wf :
well_founded lt
PeanoNat.Nat.lt_wd_obligation_1 :
Morphisms.respectful eq (Morphisms.respectful eq iff) lt lt
BinInt.Z.lt_wd :
Morphisms.Proper (Morphisms.respectful BinInt.Z.eq (Morphisms.respectful BinInt.Z.eq iff)) BinInt.Z.lt
PeanoNat.Nat.lt_wd :
Morphisms.Proper (Morphisms.respectful eq (Morphisms.respectful eq iff)) lt
BinNat.N.lt_wd :
Morphisms.Proper (Morphisms.respectful BinNat.N.eq (Morphisms.respectful BinNat.N.eq iff)) BinNat.N.lt
BinInt.Z.Private_OrderTac.Tac.lt_trans :
forall x y z : BinNums.Z, BinInt.Z.lt x y -> BinInt.Z.lt y z -> BinInt.Z.lt x z
PeanoNat.Nat.Private_OrderTac.Tac.lt_trans :
forall x y z : nat, x < y -> y < z -> x < z
BinNat.N.Private_OrderTac.Tac.lt_trans :
forall x y z : BinNums.N, BinNat.N.lt x y -> BinNat.N.lt y z -> BinNat.N.lt x z
BinPos.Pos.Private_Tac.lt_trans :
forall x y z : BinNums.positive, BinPos.Pos.lt x y -> BinPos.Pos.lt y z -> BinPos.Pos.lt x z
PeanoNat.Nat.Private_Tac.lt_trans :
forall x y z : nat, x < y -> y < z -> x < z
BinInt.Z.lt_total :
forall n m : BinNums.Z, BinInt.Z.lt n m \/ n = m \/ BinInt.Z.lt m n
PeanoNat.Nat.lt_total :
forall n m : nat, n < m \/ n = m \/ m < n
BinNat.N.lt_total :
forall n m : BinNums.N, BinNat.N.lt n m \/ n = m \/ BinNat.N.lt m n
BinInt.Z.Private_OrderTac.IsTotal.lt_total :
forall n m : BinNums.Z, BinInt.Z.lt n m \/ n = m \/ BinInt.Z.lt m n
PeanoNat.Nat.Private_OrderTac.IsTotal.lt_total :
forall n m : nat, n < m \/ n = m \/ m < n
BinNat.N.Private_OrderTac.IsTotal.lt_total :
forall n m : BinNums.N, BinNat.N.lt n m \/ n = m \/ BinNat.N.lt m n
BinInt.Z.Private_OrderTac.IsTotal.lt_strorder :
RelationClasses.StrictOrder BinInt.Z.lt
PeanoNat.Nat.Private_OrderTac.IsTotal.lt_strorder :
RelationClasses.StrictOrder lt
BinNat.N.Private_OrderTac.IsTotal.lt_strorder :
RelationClasses.StrictOrder BinNat.N.lt
Compare_dec.lt_eq_lt_dec :
forall n m : nat, {n < m} + {n = m} + {m < n}
BinInt.Z.Private_OrderTac.Tac.lt_eq :
forall x y z : BinNums.Z, BinInt.Z.lt x y -> y = z -> BinInt.Z.lt x z
PeanoNat.Nat.Private_OrderTac.Tac.lt_eq :
forall x y z : nat, x < y -> y = z -> x < z
BinNat.N.Private_OrderTac.Tac.lt_eq :
forall x y z : BinNums.N, BinNat.N.lt x y -> y = z -> BinNat.N.lt x z
BinPos.Pos.Private_Tac.lt_eq :
forall x y z : BinNums.positive, BinPos.Pos.lt x y -> y = z -> BinPos.Pos.lt x z
PeanoNat.Nat.Private_Tac.lt_eq :
forall x y z : nat, x < y -> y = z -> x < z
numbers.Z.lt_dec :
base.RelDecision BinInt.Z.lt
numbers.Nat.lt_dec :
base.RelDecision PeanoNat.Nat.lt
Compare_dec.lt_dec :
forall n m : nat, {n < m} + {~ n < m}
BinInt.Z.lt_compat :
Morphisms.Proper (Morphisms.respectful eq (Morphisms.respectful eq iff)) BinInt.Z.lt
PeanoNat.Nat.lt_compat :
Morphisms.Proper (Morphisms.respectful eq (Morphisms.respectful eq iff)) lt
BinNat.N.lt_compat :
Morphisms.Proper (Morphisms.respectful eq (Morphisms.respectful eq iff)) BinNat.N.lt
BinInt.Z.Private_OrderTac.IsTotal.lt_compat :
Morphisms.Proper (Morphisms.respectful eq (Morphisms.respectful eq iff)) BinInt.Z.lt
PeanoNat.Nat.Private_OrderTac.IsTotal.lt_compat :
Morphisms.Proper (Morphisms.respectful eq (Morphisms.respectful eq iff)) lt
BinNat.N.Private_OrderTac.IsTotal.lt_compat :
Morphisms.Proper (Morphisms.respectful eq (Morphisms.respectful eq iff)) BinNat.N.lt
BinInt.Z.lt :
BinNums.Z -> BinNums.Z -> Prop
numbers.Qp.lt :
numbers.Qp -> numbers.Qp -> Prop
BinPos.Pos.lt :
BinNums.positive -> BinNums.positive -> Prop
BinNat.N.lt :
BinNums.N -> BinNums.N -> Prop
lt :
nat -> nat -> Prop
rv64d.lrsc_width_valid :
BinNums.Z -> bool
rv64d.lowest_supported_privLevel :
unit -> rv64d_types.M rv64d_types.Privilege
rv64d.lower_mstatus :
Values.mword (BinNums.Zpos (BinNums.xO (BinNums.xO (BinNums.xO (BinNums.xO (BinNums.xO (BinNums.xO BinNums.xH))))))) -> Values.mword (BinNums.Zpos (BinNums.xO (BinNums.xO (BinNums.xO (BinNums.xO (BinNums.xO (BinNums.xO BinNums.xH)))))))
rv64d.lower_mip :
Values.mword (BinNums.Zpos (BinNums.xO (BinNums.xO (BinNums.xO (BinNums.xO (BinNums.xO (BinNums.xO BinNums.xH))))))) ->
Values.mword (BinNums.Zpos (BinNums.xO (BinNums.xO (BinNums.xO (BinNums.xO (BinNums.xO (BinNums.xO BinNums.xH))))))) -> Values.mword (BinNums.Zpos (BinNums.xO (BinNums.xO (BinNums.xO (BinNums.xO (BinNums.xO (BinNums.xO BinNums.xH)))))))
rv64d.lower_mie :
Values.mword (BinNums.Zpos (BinNums.xO (BinNums.xO (BinNums.xO (BinNums.xO (BinNums.xO (BinNums.xO BinNums.xH))))))) ->
Values.mword (BinNums.Zpos (BinNums.xO (BinNums.xO (BinNums.xO (BinNums.xO (BinNums.xO (BinNums.xO BinNums.xH))))))) -> Values.mword (BinNums.Zpos (BinNums.xO (BinNums.xO (BinNums.xO (BinNums.xO (BinNums.xO (BinNums.xO BinNums.xH)))))))
BinInt.Z.lor :
BinNums.Z -> BinNums.Z -> BinNums.Z
BinPos.Pos.lor :
BinNums.positive -> BinNums.positive -> BinNums.positive
NatDef.N.lor :
BinNums.N -> BinNums.N -> BinNums.N
base.lookup_total :
forall K A M : Type, base.LookupTotal K A M -> K -> M -> A
fin_maps.lookup_partial_alter_ne :
forall (K : Type) (M : Type -> Type) (H : base.FMap M) (H0 : forall A : Type, base.Lookup K A (M A)) (H1 : forall A : Type, base.Empty (M A)) (H2 : forall A : Type, base.PartialAlter K A (M A)) (H3 : base.OMap M) (H4 : base.Merge M) (H5 : forall A : Type, fin_maps.MapFold K A (M A))
  (EqDecision0 : base.RelDecision eq),
fin_maps.FinMap K M -> forall (A : Type) (f : option A -> option A) (m : M A) (i j : K), i <> j -> base.lookup j (base.partial_alter f i m) = base.lookup j m
fin_maps.lookup_partial_alter :
forall (K : Type) (M : Type -> Type) (H : base.FMap M) (H0 : forall A : Type, base.Lookup K A (M A)) (H1 : forall A : Type, base.Empty (M A)) (H2 : forall A : Type, base.PartialAlter K A (M A)) (H3 : base.OMap M) (H4 : base.Merge M) (H5 : forall A : Type, fin_maps.MapFold K A (M A))
  (EqDecision0 : base.RelDecision eq),
fin_maps.FinMap K M -> forall (A : Type) (f : option A -> option A) (m : M A) (i : K), base.lookup i (base.partial_alter f i m) = f (base.lookup i m)
fin_maps.lookup_omap :
forall (K : Type) (M : Type -> Type) (H : base.FMap M) (H0 : forall A : Type, base.Lookup K A (M A)) (H1 : forall A : Type, base.Empty (M A)) (H2 : forall A : Type, base.PartialAlter K A (M A)) (H3 : base.OMap M) (H4 : base.Merge M) (H5 : forall A : Type, fin_maps.MapFold K A (M A))
  (EqDecision0 : base.RelDecision eq),
fin_maps.FinMap K M -> forall (A B : Type) (f : A -> option B) (m : M A) (i : K), base.lookup i (base.omap f m) = base.mbind f (base.lookup i m)
fin_maps.lookup_merge :
forall (K : Type) (M : Type -> Type) (H : base.FMap M) (H0 : forall A : Type, base.Lookup K A (M A)) (H1 : forall A : Type, base.Empty (M A)) (H2 : forall A : Type, base.PartialAlter K A (M A)) (H3 : base.OMap M) (H4 : base.Merge M) (H5 : forall A : Type, fin_maps.MapFold K A (M A))
  (EqDecision0 : base.RelDecision eq),
fin_maps.FinMap K M -> forall (A B C : Type) (f : option A -> option B -> option C) (m1 : M A) (m2 : M B) (i : K), base.lookup i (base.merge f m1 m2) = fin_maps.diag_None f (base.lookup i m1) (base.lookup i m2)
fin_maps.lookup_fmap :
forall (K : Type) (M : Type -> Type) (H : base.FMap M) (H0 : forall A : Type, base.Lookup K A (M A)) (H1 : forall A : Type, base.Empty (M A)) (H2 : forall A : Type, base.PartialAlter K A (M A)) (H3 : base.OMap M) (H4 : base.Merge M) (H5 : forall A : Type, fin_maps.MapFold K A (M A))
  (EqDecision0 : base.RelDecision eq),
fin_maps.FinMap K M -> forall (A B : Type) (f : A -> B) (m : M A) (i : K), base.lookup i (base.fmap f m) = base.fmap f (base.lookup i m)
fin_maps.lookup_empty :
forall (K : Type) (M : Type -> Type) (H : base.FMap M) (H0 : forall A : Type, base.Lookup K A (M A)) (H1 : forall A : Type, base.Empty (M A)) (H2 : forall A : Type, base.PartialAlter K A (M A)) (H3 : base.OMap M) (H4 : base.Merge M) (H5 : forall A : Type, fin_maps.MapFold K A (M A))
  (EqDecision0 : base.RelDecision eq),
fin_maps.FinMap K M -> forall (A : Type) (i : K), base.lookup i (base.empty : M A) = None
rv64d.lookup_TLB :
forall sv_width : BinNums.Z,
Values.mword
  (if BinInt.Z.eqb (BinNums.Zpos (BinNums.xO (BinNums.xO (BinNums.xO (BinNums.xO (BinNums.xO (BinNums.xO BinNums.xH))))))) (BinNums.Zpos (BinNums.xO (BinNums.xO (BinNums.xO (BinNums.xO (BinNums.xO BinNums.xH))))))
   then BinNums.Zpos (BinNums.xI (BinNums.xO (BinNums.xO BinNums.xH)))
   else BinNums.Zpos (BinNums.xO (BinNums.xO (BinNums.xO (BinNums.xO BinNums.xH))))) ->
Values.mword (BinInt.Z.sub sv_width (BinNums.Zpos (BinNums.xO (BinNums.xO (BinNums.xI BinNums.xH))))) -> rv64d_types.M (option (BinNums.Z * rv64d_types.TLB_Entry))
base.lookup :
forall K A M : Type, base.Lookup K A M -> K -> M -> option A
rv64d.long_csr_write_callback :
String.string -> String.string -> Values.mword (BinNums.Zpos (BinNums.xO (BinNums.xO (BinNums.xO (BinNums.xO (BinNums.xO (BinNums.xO BinNums.xH))))))) -> rv64d_types.M unit
MachineWord.MachineWord.logical_shift_right :
forall n : BinNums.N, MachineWord.MachineWord.word n -> BinNums.N -> MachineWord.MachineWord.word n
MachineWord.MachineWord.logical_shift_left :
forall n : BinNums.N, MachineWord.MachineWord.word n -> BinNums.N -> MachineWord.MachineWord.word n
LogDefs.log_slot_bno :
BinNums.Z -> nat -> BinNums.Z
LogDefs.log_region_set :
BinNums.Z -> gmap.gset BinNums.Z
LogDefs.log_hdr_bno :
BinNums.Z -> BinNums.Z
TsoMemPa.log_byte :
gmap.gmap rv64d_types.Arch.pa (definitions.bv (BinNums.Npos (BinNums.xO (BinNums.xO (BinNums.xO BinNums.xH))))) -> list TsoMemPa.pwmsg -> nat -> rv64d_types.Arch.pa -> option (definitions.bv (BinNums.Npos (BinNums.xO (BinNums.xO (BinNums.xO BinNums.xH)))))
rv64d.log2_xlen :
BinNums.Z
BinInt.Z.log2_up :
BinNums.Z -> BinNums.Z
BinInt.Z.log2 :
BinNums.Z -> BinNums.Z
xv6iris_extras.load_reservation :
forall n : BinNums.Z, Values.mword n -> BinNums.Z -> rv64d_types.M unit
rv64d.load_page_fault_writes_xtval :
bool
rv64d.load_guest_page_fault_writes_xtval :
bool
rv64d.load_access_fault_writes_xtval :
bool
BinInt.Z.lnot :
BinNums.Z -> BinNums.Z
Values.list_update :
forall A : Type, list A -> nat -> A -> list A
base.list_to_set :
forall A C : Type, base.Singleton A C -> base.Empty C -> base.Union C -> list A -> C
fin_maps.list_to_map :
forall K A M : Type, base.Insert K A M -> base.Empty M -> list (K * A) -> M
list_rect :
forall (A : Type) (P : list A -> Type), P nil -> (forall (a : A) (l : list A), P l -> P (a :: l)%list) -> forall l : list A, P l
list_rec :
forall (A : Type) (P : list A -> Set), P nil -> (forall (a : A) (l : list A), P l -> P (a :: l)%list) -> forall l : list A, P l
list_monad.list_omap :
base.OMap list
list_basics.list_lookup_total :
forall A : Type, base.Inhabited A -> base.LookupTotal nat A (list A)
list_basics.list_lookup :
forall A : Type, base.Lookup nat A (list A)
list_ind :
forall (A : Type) (P : list A -> Prop), P nil -> (forall (a : A) (l : list A), P l -> P (a :: l)%list) -> forall l : list A, P l
list_monad.list_fmap :
base.FMap list
list_basics.list_eq_nil_dec :
forall (A : Type) (l : list A), base.Decision (l = nil)
list_basics.list_eq_dec :
forall A : Type, base.RelDecision eq -> base.RelDecision eq
List.list_eq_dec :
forall A : Type, (forall x y : A, {x = y} + {x <> y}) -> forall l l' : list A, {l = l'} + {l <> l'}
countable.list_countable :
forall (A : Type) (EqDecision0 : base.RelDecision eq), countable.Countable A -> countable.Countable (list A)
rv64d_types.list_PMA_Region_s :
rv64d_types.regstate -> rv64d_types.register_list_PMA_Region -> list rv64d_types.PMA_Region
FsStateLink.link_toks_elem :
BinNums.Z -> gmultiset.gmultiset Xv6Cameras.ity -> cmra.ucmra_car Xv6Cameras.fsLinkUR
FsStateLink.link_tok_elem :
BinNums.Z -> Xv6Cameras.ity -> cmra.ucmra_car Xv6Cameras.fsLinkUR
FsStateLink.link_reps :
nat -> Xv6Cameras.ity -> gmultiset.gmultiset Xv6Cameras.ity
FsState.link_elem_ok :
gmap.gmap BinNums.Z FsNode.fs_node -> FsState.link_choice -> Prop
FsStateInode.link_elem_node :
BinNums.Z -> FsNode.fs_node -> Xv6Cameras.ity -> (FsTree.fname -> Xv6Cameras.ity) -> cmra.ucmra_car Xv6Cameras.fsLinkUR
FsState.link_elem :
gmap.gmap BinNums.Z FsNode.fs_node -> FsState.link_choice -> cmra.ucmra_car Xv6Cameras.fsLinkUR
FsState.link_choice :
Type
FsStateLink.link_auth_elem :
BinNums.Z -> nat -> Xv6Cameras.ity -> cmra.ucmra_car Xv6Cameras.fsLinkUR
rv64d.lift_sstatus :
Values.mword (BinNums.Zpos (BinNums.xO (BinNums.xO (BinNums.xO (BinNums.xO (BinNums.xO (BinNums.xO BinNums.xH))))))) ->
Values.mword (BinNums.Zpos (BinNums.xO (BinNums.xO (BinNums.xO (BinNums.xO (BinNums.xO (BinNums.xO BinNums.xH))))))) -> Values.mword (BinNums.Zpos (BinNums.xO (BinNums.xO (BinNums.xO (BinNums.xO (BinNums.xO (BinNums.xO BinNums.xH)))))))
rv64d.lift_sip :
Values.mword (BinNums.Zpos (BinNums.xO (BinNums.xO (BinNums.xO (BinNums.xO (BinNums.xO (BinNums.xO BinNums.xH))))))) ->
Values.mword (BinNums.Zpos (BinNums.xO (BinNums.xO (BinNums.xO (BinNums.xO (BinNums.xO (BinNums.xO BinNums.xH))))))) ->
Values.mword (BinNums.Zpos (BinNums.xO (BinNums.xO (BinNums.xO (BinNums.xO (BinNums.xO (BinNums.xO BinNums.xH))))))) -> Values.mword (BinNums.Zpos (BinNums.xO (BinNums.xO (BinNums.xO (BinNums.xO (BinNums.xO (BinNums.xO BinNums.xH)))))))
rv64d.lift_sie :
Values.mword (BinNums.Zpos (BinNums.xO (BinNums.xO (BinNums.xO (BinNums.xO (BinNums.xO (BinNums.xO BinNums.xH))))))) ->
Values.mword (BinNums.Zpos (BinNums.xO (BinNums.xO (BinNums.xO (BinNums.xO (BinNums.xO (BinNums.xO BinNums.xH))))))) ->
Values.mword (BinNums.Zpos (BinNums.xO (BinNums.xO (BinNums.xO (BinNums.xO (BinNums.xO (BinNums.xO BinNums.xH))))))) -> Values.mword (BinNums.Zpos (BinNums.xO (BinNums.xO (BinNums.xO (BinNums.xO (BinNums.xO (BinNums.xO BinNums.xH)))))))
rv64d_types.Defs.liftR :
forall A R E : Type, rv64d_types.Defs.monad E A -> rv64d_types.Defs.monadR R E A
rv64d_types.level_range :
BinNums.Z -> Type
Values.length_mword :
forall n : BinNums.Z, Values.mword n -> BinNums.Z
Values.length_list :
forall A : Type, list A -> BinNums.Z
String.length :
String.string -> nat
length :
forall A : Type, list A -> nat
base.leibniz_equiv :
forall (A : Type) (H : base.Equiv A), base.LeibnizEquiv A -> forall x y : A, base.equiv x y -> x = y
rv64d.legalize_xepc :
Values.mword (BinNums.Zpos (BinNums.xO (BinNums.xO (BinNums.xO (BinNums.xO (BinNums.xO (BinNums.xO BinNums.xH))))))) -> rv64d_types.M (Values.mword (BinNums.Zpos (BinNums.xO (BinNums.xO (BinNums.xO (BinNums.xO (BinNums.xO (BinNums.xO BinNums.xH))))))))
rv64d.legalize_xenvcfg_cbie :
Values.mword (BinNums.Zpos (BinNums.xO BinNums.xH)) -> rv64d_types.M (Values.mword (BinNums.Zpos (BinNums.xO BinNums.xH)))
rv64d.legalize_tvec :
Values.mword (BinNums.Zpos (BinNums.xO (BinNums.xO (BinNums.xO (BinNums.xO (BinNums.xO (BinNums.xO BinNums.xH))))))) ->
Values.mword (BinNums.Zpos (BinNums.xO (BinNums.xO (BinNums.xO (BinNums.xO (BinNums.xO (BinNums.xO BinNums.xH))))))) -> bool -> BinNums.Z -> bool -> BinNums.Z -> rv64d_types.M (Values.mword (BinNums.Zpos (BinNums.xO (BinNums.xO (BinNums.xO (BinNums.xO (BinNums.xO (BinNums.xO BinNums.xH))))))))
rv64d.legalize_sstatus :
Values.mword (BinNums.Zpos (BinNums.xO (BinNums.xO (BinNums.xO (BinNums.xO (BinNums.xO (BinNums.xO BinNums.xH))))))) ->
Values.mword (BinNums.Zpos (BinNums.xO (BinNums.xO (BinNums.xO (BinNums.xO (BinNums.xO (BinNums.xO BinNums.xH))))))) -> rv64d_types.M (Values.mword (BinNums.Zpos (BinNums.xO (BinNums.xO (BinNums.xO (BinNums.xO (BinNums.xO (BinNums.xO BinNums.xH))))))))
rv64d.legalize_sstateen3 :
Values.mword (BinNums.Zpos (BinNums.xO (BinNums.xO (BinNums.xO (BinNums.xO (BinNums.xO BinNums.xH)))))) ->
Values.mword (BinNums.Zpos (BinNums.xO (BinNums.xO (BinNums.xO (BinNums.xO (BinNums.xO BinNums.xH)))))) -> Values.mword (BinNums.Zpos (BinNums.xO (BinNums.xO (BinNums.xO (BinNums.xO (BinNums.xO BinNums.xH))))))
rv64d.legalize_sstateen2 :
Values.mword (BinNums.Zpos (BinNums.xO (BinNums.xO (BinNums.xO (BinNums.xO (BinNums.xO BinNums.xH)))))) ->
Values.mword (BinNums.Zpos (BinNums.xO (BinNums.xO (BinNums.xO (BinNums.xO (BinNums.xO BinNums.xH)))))) -> Values.mword (BinNums.Zpos (BinNums.xO (BinNums.xO (BinNums.xO (BinNums.xO (BinNums.xO BinNums.xH))))))
rv64d.legalize_sstateen1 :
Values.mword (BinNums.Zpos (BinNums.xO (BinNums.xO (BinNums.xO (BinNums.xO (BinNums.xO BinNums.xH)))))) ->
Values.mword (BinNums.Zpos (BinNums.xO (BinNums.xO (BinNums.xO (BinNums.xO (BinNums.xO BinNums.xH)))))) -> Values.mword (BinNums.Zpos (BinNums.xO (BinNums.xO (BinNums.xO (BinNums.xO (BinNums.xO BinNums.xH))))))
rv64d.legalize_sstateen0 :
Values.mword (BinNums.Zpos (BinNums.xO (BinNums.xO (BinNums.xO (BinNums.xO (BinNums.xO BinNums.xH)))))) ->
Values.mword (BinNums.Zpos (BinNums.xO (BinNums.xO (BinNums.xO (BinNums.xO (BinNums.xO BinNums.xH)))))) -> rv64d_types.M (Values.mword (BinNums.Zpos (BinNums.xO (BinNums.xO (BinNums.xO (BinNums.xO (BinNums.xO BinNums.xH)))))))
rv64d.legalize_srmcfg :
Values.mword (BinNums.Zpos (BinNums.xO (BinNums.xO (BinNums.xO (BinNums.xO (BinNums.xO (BinNums.xO BinNums.xH))))))) ->
Values.mword (BinNums.Zpos (BinNums.xO (BinNums.xO (BinNums.xO (BinNums.xO (BinNums.xO (BinNums.xO BinNums.xH))))))) -> Values.mword (BinNums.Zpos (BinNums.xO (BinNums.xO (BinNums.xO (BinNums.xO (BinNums.xO (BinNums.xO BinNums.xH)))))))
rv64d.legalize_smcntrpmf :
Values.mword (BinNums.Zpos (BinNums.xO (BinNums.xO (BinNums.xO (BinNums.xO (BinNums.xO (BinNums.xO BinNums.xH))))))) ->
Values.mword (BinNums.Zpos (BinNums.xO (BinNums.xO (BinNums.xO (BinNums.xO (BinNums.xO (BinNums.xO BinNums.xH))))))) -> rv64d_types.M (Values.mword (BinNums.Zpos (BinNums.xO (BinNums.xO (BinNums.xO (BinNums.xO (BinNums.xO (BinNums.xO BinNums.xH))))))))
rv64d.legalize_sip :
Values.mword (BinNums.Zpos (BinNums.xO (BinNums.xO (BinNums.xO (BinNums.xO (BinNums.xO (BinNums.xO BinNums.xH))))))) ->
Values.mword (BinNums.Zpos (BinNums.xO (BinNums.xO (BinNums.xO (BinNums.xO (BinNums.xO (BinNums.xO BinNums.xH))))))) ->
Values.mword (BinNums.Zpos (BinNums.xO (BinNums.xO (BinNums.xO (BinNums.xO (BinNums.xO (BinNums.xO BinNums.xH))))))) -> Values.mword (BinNums.Zpos (BinNums.xO (BinNums.xO (BinNums.xO (BinNums.xO (BinNums.xO (BinNums.xO BinNums.xH)))))))
rv64d.legalize_sie :
Values.mword (BinNums.Zpos (BinNums.xO (BinNums.xO (BinNums.xO (BinNums.xO (BinNums.xO (BinNums.xO BinNums.xH))))))) ->
Values.mword (BinNums.Zpos (BinNums.xO (BinNums.xO (BinNums.xO (BinNums.xO (BinNums.xO (BinNums.xO BinNums.xH))))))) ->
Values.mword (BinNums.Zpos (BinNums.xO (BinNums.xO (BinNums.xO (BinNums.xO (BinNums.xO (BinNums.xO BinNums.xH))))))) -> Values.mword (BinNums.Zpos (BinNums.xO (BinNums.xO (BinNums.xO (BinNums.xO (BinNums.xO (BinNums.xO BinNums.xH)))))))
rv64d.legalize_senvcfg :
Values.mword (BinNums.Zpos (BinNums.xO (BinNums.xO (BinNums.xO (BinNums.xO (BinNums.xO (BinNums.xO BinNums.xH))))))) ->
Values.mword (BinNums.Zpos (BinNums.xO (BinNums.xO (BinNums.xO (BinNums.xO (BinNums.xO (BinNums.xO BinNums.xH))))))) -> rv64d_types.M (Values.mword (BinNums.Zpos (BinNums.xO (BinNums.xO (BinNums.xO (BinNums.xO (BinNums.xO (BinNums.xO BinNums.xH))))))))
rv64d.legalize_scounteren :
Values.mword (BinNums.Zpos (BinNums.xO (BinNums.xO (BinNums.xO (BinNums.xO (BinNums.xO BinNums.xH)))))) ->
Values.mword (BinNums.Zpos (BinNums.xO (BinNums.xO (BinNums.xO (BinNums.xO (BinNums.xO (BinNums.xO BinNums.xH))))))) -> Values.mword (BinNums.Zpos (BinNums.xO (BinNums.xO (BinNums.xO (BinNums.xO (BinNums.xO BinNums.xH))))))
rv64d.legalize_satp :
rv64d_types.Architecture ->
Values.mword (BinNums.Zpos (BinNums.xO (BinNums.xO (BinNums.xO (BinNums.xO (BinNums.xO (BinNums.xO BinNums.xH))))))) ->
Values.mword (BinNums.Zpos (BinNums.xO (BinNums.xO (BinNums.xO (BinNums.xO (BinNums.xO (BinNums.xO BinNums.xH))))))) -> rv64d_types.M (Values.mword (BinNums.Zpos (BinNums.xO (BinNums.xO (BinNums.xO (BinNums.xO (BinNums.xO (BinNums.xO BinNums.xH))))))))
rv64d.legalize_mstatus :
Values.mword (BinNums.Zpos (BinNums.xO (BinNums.xO (BinNums.xO (BinNums.xO (BinNums.xO (BinNums.xO BinNums.xH))))))) ->
Values.mword (BinNums.Zpos (BinNums.xO (BinNums.xO (BinNums.xO (BinNums.xO (BinNums.xO (BinNums.xO BinNums.xH))))))) -> rv64d_types.M (Values.mword (BinNums.Zpos (BinNums.xO (BinNums.xO (BinNums.xO (BinNums.xO (BinNums.xO (BinNums.xO BinNums.xH))))))))
rv64d.legalize_mstateen3 :
Values.mword (BinNums.Zpos (BinNums.xO (BinNums.xO (BinNums.xO (BinNums.xO (BinNums.xO (BinNums.xO BinNums.xH))))))) ->
Values.mword (BinNums.Zpos (BinNums.xO (BinNums.xO (BinNums.xO (BinNums.xO (BinNums.xO (BinNums.xO BinNums.xH))))))) -> Values.mword (BinNums.Zpos (BinNums.xO (BinNums.xO (BinNums.xO (BinNums.xO (BinNums.xO (BinNums.xO BinNums.xH)))))))
rv64d.legalize_mstateen2 :
Values.mword (BinNums.Zpos (BinNums.xO (BinNums.xO (BinNums.xO (BinNums.xO (BinNums.xO (BinNums.xO BinNums.xH))))))) ->
Values.mword (BinNums.Zpos (BinNums.xO (BinNums.xO (BinNums.xO (BinNums.xO (BinNums.xO (BinNums.xO BinNums.xH))))))) -> Values.mword (BinNums.Zpos (BinNums.xO (BinNums.xO (BinNums.xO (BinNums.xO (BinNums.xO (BinNums.xO BinNums.xH)))))))
rv64d.legalize_mstateen1 :
Values.mword (BinNums.Zpos (BinNums.xO (BinNums.xO (BinNums.xO (BinNums.xO (BinNums.xO (BinNums.xO BinNums.xH))))))) ->
Values.mword (BinNums.Zpos (BinNums.xO (BinNums.xO (BinNums.xO (BinNums.xO (BinNums.xO (BinNums.xO BinNums.xH))))))) -> Values.mword (BinNums.Zpos (BinNums.xO (BinNums.xO (BinNums.xO (BinNums.xO (BinNums.xO (BinNums.xO BinNums.xH)))))))
rv64d.legalize_mstateen0 :
Values.mword (BinNums.Zpos (BinNums.xO (BinNums.xO (BinNums.xO (BinNums.xO (BinNums.xO (BinNums.xO BinNums.xH))))))) ->
Values.mword (BinNums.Zpos (BinNums.xO (BinNums.xO (BinNums.xO (BinNums.xO (BinNums.xO (BinNums.xO BinNums.xH))))))) -> rv64d_types.M (Values.mword (BinNums.Zpos (BinNums.xO (BinNums.xO (BinNums.xO (BinNums.xO (BinNums.xO (BinNums.xO BinNums.xH))))))))
rv64d.legalize_mseccfg :
Values.mword (BinNums.Zpos (BinNums.xO (BinNums.xO (BinNums.xO (BinNums.xO (BinNums.xO (BinNums.xO BinNums.xH))))))) ->
Values.mword (BinNums.Zpos (BinNums.xO (BinNums.xO (BinNums.xO (BinNums.xO (BinNums.xO (BinNums.xO BinNums.xH))))))) -> rv64d_types.M (Values.mword (BinNums.Zpos (BinNums.xO (BinNums.xO (BinNums.xO (BinNums.xO (BinNums.xO (BinNums.xO BinNums.xH))))))))
rv64d.legalize_misa :
Values.mword (BinNums.Zpos (BinNums.xO (BinNums.xO (BinNums.xO (BinNums.xO (BinNums.xO (BinNums.xO BinNums.xH))))))) ->
Values.mword (BinNums.Zpos (BinNums.xO (BinNums.xO (BinNums.xO (BinNums.xO (BinNums.xO (BinNums.xO BinNums.xH))))))) -> rv64d_types.M (Values.mword (BinNums.Zpos (BinNums.xO (BinNums.xO (BinNums.xO (BinNums.xO (BinNums.xO (BinNums.xO BinNums.xH))))))))
rv64d.legalize_mip :
Values.mword (BinNums.Zpos (BinNums.xO (BinNums.xO (BinNums.xO (BinNums.xO (BinNums.xO (BinNums.xO BinNums.xH))))))) ->
Values.mword (BinNums.Zpos (BinNums.xO (BinNums.xO (BinNums.xO (BinNums.xO (BinNums.xO (BinNums.xO BinNums.xH))))))) -> rv64d_types.M (Values.mword (BinNums.Zpos (BinNums.xO (BinNums.xO (BinNums.xO (BinNums.xO (BinNums.xO (BinNums.xO BinNums.xH))))))))
rv64d.legalize_mie :
Values.mword (BinNums.Zpos (BinNums.xO (BinNums.xO (BinNums.xO (BinNums.xO (BinNums.xO (BinNums.xO BinNums.xH))))))) ->
Values.mword (BinNums.Zpos (BinNums.xO (BinNums.xO (BinNums.xO (BinNums.xO (BinNums.xO (BinNums.xO BinNums.xH))))))) -> rv64d_types.M (Values.mword (BinNums.Zpos (BinNums.xO (BinNums.xO (BinNums.xO (BinNums.xO (BinNums.xO (BinNums.xO BinNums.xH))))))))
rv64d.legalize_mideleg :
Values.mword (BinNums.Zpos (BinNums.xO (BinNums.xO (BinNums.xO (BinNums.xO (BinNums.xO (BinNums.xO BinNums.xH))))))) ->
Values.mword (BinNums.Zpos (BinNums.xO (BinNums.xO (BinNums.xO (BinNums.xO (BinNums.xO (BinNums.xO BinNums.xH))))))) -> rv64d_types.M (Values.mword (BinNums.Zpos (BinNums.xO (BinNums.xO (BinNums.xO (BinNums.xO (BinNums.xO (BinNums.xO BinNums.xH))))))))
rv64d.legalize_menvcfg :
Values.mword (BinNums.Zpos (BinNums.xO (BinNums.xO (BinNums.xO (BinNums.xO (BinNums.xO (BinNums.xO BinNums.xH))))))) ->
Values.mword (BinNums.Zpos (BinNums.xO (BinNums.xO (BinNums.xO (BinNums.xO (BinNums.xO (BinNums.xO BinNums.xH))))))) -> rv64d_types.M (Values.mword (BinNums.Zpos (BinNums.xO (BinNums.xO (BinNums.xO (BinNums.xO (BinNums.xO (BinNums.xO BinNums.xH))))))))
rv64d.legalize_medeleg :
Values.mword (BinNums.Zpos (BinNums.xO (BinNums.xO (BinNums.xO (BinNums.xO (BinNums.xO (BinNums.xO BinNums.xH))))))) ->
Values.mword (BinNums.Zpos (BinNums.xO (BinNums.xO (BinNums.xO (BinNums.xO (BinNums.xO (BinNums.xO BinNums.xH))))))) -> Values.mword (BinNums.Zpos (BinNums.xO (BinNums.xO (BinNums.xO (BinNums.xO (BinNums.xO (BinNums.xO BinNums.xH)))))))
rv64d.legalize_mcountinhibit :
Values.mword (BinNums.Zpos (BinNums.xO (BinNums.xO (BinNums.xO (BinNums.xO (BinNums.xO BinNums.xH)))))) ->
Values.mword (BinNums.Zpos (BinNums.xO (BinNums.xO (BinNums.xO (BinNums.xO (BinNums.xO (BinNums.xO BinNums.xH))))))) -> Values.mword (BinNums.Zpos (BinNums.xO (BinNums.xO (BinNums.xO (BinNums.xO (BinNums.xO BinNums.xH))))))
rv64d.legalize_mcounteren :
Values.mword (BinNums.Zpos (BinNums.xO (BinNums.xO (BinNums.xO (BinNums.xO (BinNums.xO BinNums.xH)))))) ->
Values.mword (BinNums.Zpos (BinNums.xO (BinNums.xO (BinNums.xO (BinNums.xO (BinNums.xO (BinNums.xO BinNums.xH))))))) -> Values.mword (BinNums.Zpos (BinNums.xO (BinNums.xO (BinNums.xO (BinNums.xO (BinNums.xO BinNums.xH))))))
rv64d.legalize_hstateen3 :
Values.mword (BinNums.Zpos (BinNums.xO (BinNums.xO (BinNums.xO (BinNums.xO (BinNums.xO (BinNums.xO BinNums.xH))))))) ->
Values.mword (BinNums.Zpos (BinNums.xO (BinNums.xO (BinNums.xO (BinNums.xO (BinNums.xO (BinNums.xO BinNums.xH))))))) -> rv64d_types.M (Values.mword (BinNums.Zpos (BinNums.xO (BinNums.xO (BinNums.xO (BinNums.xO (BinNums.xO (BinNums.xO BinNums.xH))))))))
rv64d.legalize_hstateen2 :
Values.mword (BinNums.Zpos (BinNums.xO (BinNums.xO (BinNums.xO (BinNums.xO (BinNums.xO (BinNums.xO BinNums.xH))))))) ->
Values.mword (BinNums.Zpos (BinNums.xO (BinNums.xO (BinNums.xO (BinNums.xO (BinNums.xO (BinNums.xO BinNums.xH))))))) -> rv64d_types.M (Values.mword (BinNums.Zpos (BinNums.xO (BinNums.xO (BinNums.xO (BinNums.xO (BinNums.xO (BinNums.xO BinNums.xH))))))))
rv64d.legalize_hstateen1 :
Values.mword (BinNums.Zpos (BinNums.xO (BinNums.xO (BinNums.xO (BinNums.xO (BinNums.xO (BinNums.xO BinNums.xH))))))) ->
Values.mword (BinNums.Zpos (BinNums.xO (BinNums.xO (BinNums.xO (BinNums.xO (BinNums.xO (BinNums.xO BinNums.xH))))))) -> rv64d_types.M (Values.mword (BinNums.Zpos (BinNums.xO (BinNums.xO (BinNums.xO (BinNums.xO (BinNums.xO (BinNums.xO BinNums.xH))))))))
rv64d.legalize_hstateen0 :
Values.mword (BinNums.Zpos (BinNums.xO (BinNums.xO (BinNums.xO (BinNums.xO (BinNums.xO (BinNums.xO BinNums.xH))))))) ->
Values.mword (BinNums.Zpos (BinNums.xO (BinNums.xO (BinNums.xO (BinNums.xO (BinNums.xO (BinNums.xO BinNums.xH))))))) -> rv64d_types.M (Values.mword (BinNums.Zpos (BinNums.xO (BinNums.xO (BinNums.xO (BinNums.xO (BinNums.xO (BinNums.xO BinNums.xH))))))))
rv64d.legalize_hpmevent :
Values.mword (BinNums.Zpos (BinNums.xO (BinNums.xO (BinNums.xO (BinNums.xO (BinNums.xO (BinNums.xO BinNums.xH))))))) -> rv64d_types.M (Values.mword (BinNums.Zpos (BinNums.xO (BinNums.xO (BinNums.xO (BinNums.xO (BinNums.xO (BinNums.xO BinNums.xH))))))))
rv64d.legalize_extStatus :
rv64d_types.ExtContextPolicy -> Values.mword (BinNums.Zpos (BinNums.xO BinNums.xH)) -> Values.mword (BinNums.Zpos (BinNums.xO BinNums.xH))
base.left_id :
forall (A : Type) (R : Relation_Definitions.relation A) (i : A) (f : A -> A -> A), base.LeftId R i f -> forall x : A, R (f i x) x
BinInt.Z.leb_spec0 :
forall x y : BinNums.Z, reflect (BinInt.Z.le x y) (BinInt.Z.leb x y)
BinNat.N.leb_spec0 :
forall x y : BinNums.N, reflect (BinNat.N.le x y) (BinNat.N.leb x y)
BinInt.Z.leb :
BinNums.Z -> BinNums.Z -> bool
BinPos.Pos.leb :
BinNums.positive -> BinNums.positive -> bool
NatDef.N.leb :
BinNums.N -> BinNums.N -> bool
PeanoNat.Nat.leb :
nat -> nat -> bool
LogDefs.le_word :
list (definitions.bv (BinNums.Npos (BinNums.xO (BinNums.xO (BinNums.xO BinNums.xH))))) -> nat -> BinNums.Z
BinInt.Z.le_lteq :
forall n m : BinNums.Z, BinInt.Z.le n m <-> BinInt.Z.lt n m \/ n = m
BinPos.Pos.le_lteq :
forall n m : BinNums.positive, BinPos.Pos.le n m <-> BinPos.Pos.lt n m \/ n = m
PeanoNat.Nat.le_lteq :
forall n m : nat, n <= m <-> n < m \/ n = m
BinNat.N.le_lteq :
forall n m : BinNums.N, BinNat.N.le n m <-> BinNat.N.lt n m \/ n = m
BinInt.Z.Private_OrderTac.IsTotal.le_lteq :
forall n m : BinNums.Z, BinInt.Z.le n m <-> BinInt.Z.lt n m \/ n = m
PeanoNat.Nat.Private_OrderTac.IsTotal.le_lteq :
forall n m : nat, n <= m <-> n < m \/ n = m
BinNat.N.Private_OrderTac.IsTotal.le_lteq :
forall n m : BinNums.N, BinNat.N.le n m <-> BinNat.N.lt n m \/ n = m
BinInt.Z.Private_OrderTac.Tac.le_lt_trans :
forall x y z : BinNums.Z, BinInt.Z.le x y -> BinInt.Z.lt y z -> BinInt.Z.lt x z
PeanoNat.Nat.Private_OrderTac.Tac.le_lt_trans :
forall x y z : nat, x <= y -> y < z -> x < z
BinNat.N.Private_OrderTac.Tac.le_lt_trans :
forall x y z : BinNums.N, BinNat.N.le x y -> BinNat.N.lt y z -> BinNat.N.lt x z
BinPos.Pos.Private_Tac.le_lt_trans :
forall x y z : BinNums.positive, BinPos.Pos.le x y -> BinPos.Pos.lt y z -> BinPos.Pos.lt x z
PeanoNat.Nat.Private_Tac.le_lt_trans :
forall x y z : nat, x <= y -> y < z -> x < z
Compare_dec.le_lt_dec :
forall n m : nat, {n <= m} + {m < n}
le_ind :
forall (n : nat) (P : nat -> Prop), P n -> (forall m : nat, n <= m -> P m -> P (S m)) -> forall n0 : nat, n <= n0 -> P n0
Compare_dec.le_gt_dec :
forall n m : nat, {n <= m} + {n > m}
BinInt.Z.Private_OrderTac.Tac.le_eq :
forall x y z : BinNums.Z, BinInt.Z.le x y -> y = z -> BinInt.Z.le x z
PeanoNat.Nat.Private_Tac.le_eq :
forall x y z : nat, x <= y -> y = z -> x <= z
numbers.Nat.le_dec :
base.RelDecision PeanoNat.Nat.le
Compare_dec.le_dec :
forall n m : nat, {n <= m} + {~ n <= m}
BinInt.Z.le :
BinNums.Z -> BinNums.Z -> Prop
numbers.Qp.le :
numbers.Qp -> numbers.Qp -> Prop
BinPos.Pos.le :
BinNums.positive -> BinNums.positive -> Prop
BinNat.N.le :
BinNums.N -> BinNums.N -> Prop
PosDef.Pos.ldiff :
BinNums.positive -> BinNums.positive -> BinNums.N
NatDef.N.ldiff :
BinNums.N -> BinNums.N -> BinNums.N
FsState.lc_v :
FsState.link_choice -> BinNums.Z -> Xv6Cameras.ity
FsState.lc_tyf :
FsState.link_choice -> BinNums.Z -> FsTree.fname -> Xv6Cameras.ity
FsState.lc_D :
FsState.link_choice -> BinNums.Z -> gmap.gset FsTree.fname
rv64d_types.landing_pad_label :
Type
rv64d.landing_pad_bits_backwards :
rv64d_types.landing_pad_expectation -> Values.mword (BinNums.Zpos BinNums.xH)
BinInt.Z.land :
BinNums.Z -> BinNums.Z -> BinNums.Z
BinPos.Pos.land :
BinNums.positive -> BinNums.positive -> BinNums.N
NatDef.N.land :
BinNums.N -> BinNums.N -> BinNums.N
KernelData.kernel_data_chunk9 :
list (BinNums.Z * definitions.bv (BinNums.Npos (BinNums.xO (BinNums.xO (BinNums.xO BinNums.xH)))))
KernelData.kernel_data_chunk8 :
list (BinNums.Z * definitions.bv (BinNums.Npos (BinNums.xO (BinNums.xO (BinNums.xO BinNums.xH)))))
KernelData.kernel_data_chunk7 :
list (BinNums.Z * definitions.bv (BinNums.Npos (BinNums.xO (BinNums.xO (BinNums.xO BinNums.xH)))))
KernelData.kernel_data_chunk6 :
list (BinNums.Z * definitions.bv (BinNums.Npos (BinNums.xO (BinNums.xO (BinNums.xO BinNums.xH)))))
KernelData.kernel_data_chunk5 :
list (BinNums.Z * definitions.bv (BinNums.Npos (BinNums.xO (BinNums.xO (BinNums.xO BinNums.xH)))))
KernelData.kernel_data_chunk4 :
list (BinNums.Z * definitions.bv (BinNums.Npos (BinNums.xO (BinNums.xO (BinNums.xO BinNums.xH)))))
KernelData.kernel_data_chunk3 :
list (BinNums.Z * definitions.bv (BinNums.Npos (BinNums.xO (BinNums.xO (BinNums.xO BinNums.xH)))))
KernelData.kernel_data_chunk2 :
list (BinNums.Z * definitions.bv (BinNums.Npos (BinNums.xO (BinNums.xO (BinNums.xO BinNums.xH)))))
KernelData.kernel_data_chunk17 :
list (BinNums.Z * definitions.bv (BinNums.Npos (BinNums.xO (BinNums.xO (BinNums.xO BinNums.xH)))))
KernelData.kernel_data_chunk16 :
list (BinNums.Z * definitions.bv (BinNums.Npos (BinNums.xO (BinNums.xO (BinNums.xO BinNums.xH)))))
KernelData.kernel_data_chunk15 :
list (BinNums.Z * definitions.bv (BinNums.Npos (BinNums.xO (BinNums.xO (BinNums.xO BinNums.xH)))))
KernelData.kernel_data_chunk14 :
list (BinNums.Z * definitions.bv (BinNums.Npos (BinNums.xO (BinNums.xO (BinNums.xO BinNums.xH)))))
KernelData.kernel_data_chunk13 :
list (BinNums.Z * definitions.bv (BinNums.Npos (BinNums.xO (BinNums.xO (BinNums.xO BinNums.xH)))))
KernelData.kernel_data_chunk12 :
list (BinNums.Z * definitions.bv (BinNums.Npos (BinNums.xO (BinNums.xO (BinNums.xO BinNums.xH)))))
KernelData.kernel_data_chunk11 :
list (BinNums.Z * definitions.bv (BinNums.Npos (BinNums.xO (BinNums.xO (BinNums.xO BinNums.xH)))))
KernelData.kernel_data_chunk10 :
list (BinNums.Z * definitions.bv (BinNums.Npos (BinNums.xO (BinNums.xO (BinNums.xO BinNums.xH)))))
KernelData.kernel_data_chunk1 :
list (BinNums.Z * definitions.bv (BinNums.Npos (BinNums.xO (BinNums.xO (BinNums.xO BinNums.xH)))))
KernelData.kernel_data_chunk0 :
list (BinNums.Z * definitions.bv (BinNums.Npos (BinNums.xO (BinNums.xO (BinNums.xO BinNums.xH)))))
KernelData.kernel_data :
gmap.gmap BinNums.Z (definitions.bv (BinNums.Npos (BinNums.xO (BinNums.xO (BinNums.xO BinNums.xH)))))
KernelInstrs.kernel_bytes_chunk9 :
list (BinNums.Z * definitions.bv (BinNums.Npos (BinNums.xO (BinNums.xO (BinNums.xO BinNums.xH)))))
KernelInstrs.kernel_bytes_chunk8 :
list (BinNums.Z * definitions.bv (BinNums.Npos (BinNums.xO (BinNums.xO (BinNums.xO BinNums.xH)))))
KernelInstrs.kernel_bytes_chunk7 :
list (BinNums.Z * definitions.bv (BinNums.Npos (BinNums.xO (BinNums.xO (BinNums.xO BinNums.xH)))))
KernelInstrs.kernel_bytes_chunk6 :
list (BinNums.Z * definitions.bv (BinNums.Npos (BinNums.xO (BinNums.xO (BinNums.xO BinNums.xH)))))
KernelInstrs.kernel_bytes_chunk5 :
list (BinNums.Z * definitions.bv (BinNums.Npos (BinNums.xO (BinNums.xO (BinNums.xO BinNums.xH)))))
KernelInstrs.kernel_bytes_chunk4 :
list (BinNums.Z * definitions.bv (BinNums.Npos (BinNums.xO (BinNums.xO (BinNums.xO BinNums.xH)))))
KernelInstrs.kernel_bytes_chunk3 :
list (BinNums.Z * definitions.bv (BinNums.Npos (BinNums.xO (BinNums.xO (BinNums.xO BinNums.xH)))))
KernelInstrs.kernel_bytes_chunk23 :
list (BinNums.Z * definitions.bv (BinNums.Npos (BinNums.xO (BinNums.xO (BinNums.xO BinNums.xH)))))
KernelInstrs.kernel_bytes_chunk22 :
list (BinNums.Z * definitions.bv (BinNums.Npos (BinNums.xO (BinNums.xO (BinNums.xO BinNums.xH)))))
KernelInstrs.kernel_bytes_chunk21 :
list (BinNums.Z * definitions.bv (BinNums.Npos (BinNums.xO (BinNums.xO (BinNums.xO BinNums.xH)))))
KernelInstrs.kernel_bytes_chunk20 :
list (BinNums.Z * definitions.bv (BinNums.Npos (BinNums.xO (BinNums.xO (BinNums.xO BinNums.xH)))))
KernelInstrs.kernel_bytes_chunk2 :
list (BinNums.Z * definitions.bv (BinNums.Npos (BinNums.xO (BinNums.xO (BinNums.xO BinNums.xH)))))
KernelInstrs.kernel_bytes_chunk19 :
list (BinNums.Z * definitions.bv (BinNums.Npos (BinNums.xO (BinNums.xO (BinNums.xO BinNums.xH)))))
KernelInstrs.kernel_bytes_chunk18 :
list (BinNums.Z * definitions.bv (BinNums.Npos (BinNums.xO (BinNums.xO (BinNums.xO BinNums.xH)))))
KernelInstrs.kernel_bytes_chunk17 :
list (BinNums.Z * definitions.bv (BinNums.Npos (BinNums.xO (BinNums.xO (BinNums.xO BinNums.xH)))))
KernelInstrs.kernel_bytes_chunk16 :
list (BinNums.Z * definitions.bv (BinNums.Npos (BinNums.xO (BinNums.xO (BinNums.xO BinNums.xH)))))
KernelInstrs.kernel_bytes_chunk15 :
list (BinNums.Z * definitions.bv (BinNums.Npos (BinNums.xO (BinNums.xO (BinNums.xO BinNums.xH)))))
KernelInstrs.kernel_bytes_chunk14 :
list (BinNums.Z * definitions.bv (BinNums.Npos (BinNums.xO (BinNums.xO (BinNums.xO BinNums.xH)))))
KernelInstrs.kernel_bytes_chunk13 :
list (BinNums.Z * definitions.bv (BinNums.Npos (BinNums.xO (BinNums.xO (BinNums.xO BinNums.xH)))))
KernelInstrs.kernel_bytes_chunk12 :
list (BinNums.Z * definitions.bv (BinNums.Npos (BinNums.xO (BinNums.xO (BinNums.xO BinNums.xH)))))
KernelInstrs.kernel_bytes_chunk11 :
list (BinNums.Z * definitions.bv (BinNums.Npos (BinNums.xO (BinNums.xO (BinNums.xO BinNums.xH)))))
KernelInstrs.kernel_bytes_chunk10 :
list (BinNums.Z * definitions.bv (BinNums.Npos (BinNums.xO (BinNums.xO (BinNums.xO BinNums.xH)))))
KernelInstrs.kernel_bytes_chunk1 :
list (BinNums.Z * definitions.bv (BinNums.Npos (BinNums.xO (BinNums.xO (BinNums.xO BinNums.xH)))))
KernelInstrs.kernel_bytes_chunk0 :
list (BinNums.Z * definitions.bv (BinNums.Npos (BinNums.xO (BinNums.xO (BinNums.xO BinNums.xH)))))
KernelInstrs.kernel_bytes :
gmap.gmap BinNums.Z (definitions.bv (BinNums.Npos (BinNums.xO (BinNums.xO (BinNums.xO BinNums.xH)))))
rv64d.jump_to :
Values.mword (BinNums.Zpos (BinNums.xO (BinNums.xO (BinNums.xO (BinNums.xO (BinNums.xO (BinNums.xO BinNums.xH))))))) -> rv64d_types.M rv64d_types.ExecutionResult
Env.jump :
forall D : Type, BinNums.positive -> Env.Env D -> BinNums.positive -> D
BinList.jump :
forall A : Type, BinNums.positive -> list A -> list A
rv64d.itype_mnemonic_forwards :
rv64d_types.iop -> String.string
Xv6Cameras.ity_rect :
forall P : Xv6Cameras.ity -> Type, P Xv6Cameras.TFile -> (forall p : BinNums.Z, P (Xv6Cameras.TDir p)) -> forall i : Xv6Cameras.ity, P i
Xv6Cameras.ity_rec :
forall P : Xv6Cameras.ity -> Set, P Xv6Cameras.TFile -> (forall p : BinNums.Z, P (Xv6Cameras.TDir p)) -> forall i : Xv6Cameras.ity, P i
Xv6Cameras.ity_eq_dec :
base.RelDecision eq
Xv6Cameras.ity_countable :
countable.Countable Xv6Cameras.ity
BinPos.Pos.iter_op :
forall A : Type, (A -> A -> A) -> BinNums.positive -> A -> A
BinPos.Pos.iter :
forall A : Type, (A -> A) -> A -> BinNums.positive -> A
Uint63Axioms.is_zero :
PrimInt63.int -> bool
rv64d.is_vector_access :
rv64d_types.MemoryAccessType rv64d_types.mem_payload -> bool
is_true :
bool -> Prop
rv64d.is_supported_pmm :
rv64d_types.PM_Ext -> rv64d_types.PointerMaskingMode -> bool
rv64d.is_store_conditional :
forall a : Type, rv64d_types.MemoryAccessType a -> bool
rv64d.is_stimecmp_accessible :
rv64d_types.Privilege -> rv64d_types.M bool
rv64d.is_sstateen_accessible :
unit -> rv64d_types.M bool
rv64d.is_ssp_accessible :
rv64d_types.Privilege -> rv64d_types.M bool
rv64d.is_shadow_stack_access :
rv64d_types.MemoryAccessType rv64d_types.mem_payload -> rv64d_types.M bool
rv64d.is_prefetch_access :
forall a : Type, rv64d_types.MemoryAccessType a -> bool
ZMicromega.is_pol_Z0 :
RingMicromega.PolC BinNums.Z -> bool
rv64d.is_pmm_applicable :
rv64d_types.MemoryAccessType rv64d_types.mem_payload -> rv64d_types.Privilege -> rv64d_types.M bool
rv64d.is_mstateen_accessible :
unit -> rv64d_types.M bool
rv64d.is_mag_applicable_access :
rv64d_types.MemoryAccessType rv64d_types.mem_payload -> BinNums.Z -> rv64d_types.M bool
rv64d.is_lpad_instruction :
rv64d_types.instruction -> bool
rv64d.is_load_store :
forall a : Type, rv64d_types.MemoryAccessType a -> bool
rv64d.is_landing_pad_expected :
unit -> rv64d_types.M bool
rv64d.is_hstateen_accessible :
unit -> rv64d_types.M bool
rv64d.is_fiom_active :
unit -> rv64d_types.M bool
Uint63Axioms.is_even :
PrimInt63.int -> bool
Tauto.is_cnf_tt :
forall Term' Annot : Type, Tauto.cnf Term' Annot -> bool
Tauto.is_cnf_ff :
forall Term' Annot : Type, Tauto.cnf Term' Annot -> bool
Tauto.is_bool :
forall (Term Annot : Type) (TX : Tauto.kind -> Type) (AF : Type) (k : Tauto.kind), Tauto.TFormula Term Annot TX AF k -> option bool
rv64d.is_amo_access :
rv64d_types.MemoryAccessType rv64d_types.mem_payload -> bool
rv64d.is_aligned_vaddr :
rv64d_types.virtaddr -> BinNums.Z -> bool
rv64d.is_aligned_paddr :
rv64d_types.physaddr -> BinNums.Z -> bool
option.is_Some :
forall A : Type, option A -> Prop
rv64d.is_CSR_exception_virtual :
Values.mword (BinNums.Zpos (BinNums.xO (BinNums.xO (BinNums.xI BinNums.xH)))) -> rv64d_types.Privilege -> rv64d_types.CSRAccessType -> rv64d_types.M bool
rv64d.is_CSR_accessible :
Values.mword (BinNums.Zpos (BinNums.xO (BinNums.xO (BinNums.xI BinNums.xH)))) -> rv64d_types.Privilege -> rv64d_types.CSRAccessType -> rv64d_types.M bool
rv64d.isRVC :
Values.mword (BinNums.Zpos (BinNums.xO (BinNums.xO (BinNums.xO (BinNums.xO BinNums.xH))))) -> bool
ClassicalDedekindReals.isLowerCut :
(QArith_base.Q -> bool) -> Prop
RelationClasses.irreflexivity :
forall (A : Type) (R : Relation_Definitions.relation A), RelationClasses.Irreflexive R -> RelationClasses.Reflexive (RelationClasses.complement R)
base.intersection_with :
forall A M : Type, base.IntersectionWith A M -> (A -> A -> option A) -> M -> M -> M
base.intersection :
forall A : Type, base.Intersection A -> A -> A -> A
rv64d.interruptType_to_str :
rv64d_types.InterruptType -> String.string
rv64d.interruptType_bits_forwards :
rv64d_types.InterruptType -> Values.mword (BinNums.Zpos (BinNums.xO (BinNums.xI BinNums.xH)))
BinInt.Z.Private_OrderTac.Tac.interp_ord :
OrdersTac.ord -> BinNums.Z -> BinNums.Z -> Prop
PeanoNat.Nat.Private_OrderTac.Tac.interp_ord :
OrdersTac.ord -> nat -> nat -> Prop
BinNat.N.Private_OrderTac.Tac.interp_ord :
OrdersTac.ord -> BinNums.N -> BinNums.N -> Prop
BinPos.Pos.Private_Tac.interp_ord :
OrdersTac.ord -> BinNums.positive -> BinNums.positive -> Prop
PeanoNat.Nat.Private_Tac.interp_ord :
OrdersTac.ord -> nat -> nat -> Prop
Ring_polynom.interp_PElist :
forall R : Type, R -> R -> (R -> R -> R) -> (R -> R -> R) -> (R -> R -> R) -> (R -> R) -> (R -> R -> Prop) -> forall C : Type, (C -> R) -> forall Cpow : Type, (BinNums.N -> Cpow) -> (R -> Cpow -> R) -> list R -> list (Ring_polynom.PExpr C * Ring_polynom.PExpr C) -> Prop
rv64d.internal_error :
forall a : Type, String.string -> BinNums.Z -> String.string -> rv64d_types.M a
EqdepFacts.internal_eq_sym_involutive :
forall (A : Type) (x y : A) (H : x = y), EqdepFacts.internal_eq_sym_internal (EqdepFacts.internal_eq_sym_internal H) = H
EqdepFacts.internal_eq_sym_internal :
forall (A : Type) (x y : A), x = y -> y = x
EqdepFacts.internal_eq_rew_r_dep :
forall (A : Type) (x y : A) (P : forall y0 : A, y0 = y -> Type), P y eq_refl -> forall H : x = y, P x H
Values.int_of_mword :
forall a : BinNums.Z, bool -> Values.mword a -> BinNums.Z
String.int_of :
String.string -> BinNums.Z -> nat -> option (BinNums.Z * BinNums.Z)
rv64d.instruction_to_str :
rv64d_types.instruction -> rv64d_types.M String.string
rv64d_types.instbits :
Type
base.insert :
forall K A M : Type, base.Insert K A M -> K -> A -> M -> M
QArith_base.inject_Z :
BinNums.Z -> QArith_base.Q
countable.inj_countable' :
forall (A : Type) (EqDecision0 : base.RelDecision eq), countable.Countable A -> forall (B : Type) (EqDecision1 : base.RelDecision eq) (f : B -> A) (g : A -> B), (forall x : B, g (f x) = x) -> countable.Countable B
countable.inj_countable :
forall (A : Type) (EqDecision0 : base.RelDecision eq), countable.Countable A -> forall (B : Type) (EqDecision1 : base.RelDecision eq) (f : B -> A) (g : A -> option B), (forall x : B, g (f x) = Some x) -> countable.Countable B
base.inj2 :
forall (A B C : Type) (R1 : Relation_Definitions.relation A) (R2 : Relation_Definitions.relation B) (S : Relation_Definitions.relation C) (f : A -> B -> C), base.Inj2 R1 R2 S f -> forall (x1 : A) (x2 : B) (y1 : A) (y2 : B), S (f x1 x2) (f y1 y2) -> R1 x1 y1 /\ R2 x2 y2
numbers.Pos2Nat.inj' :
base.Inj eq eq BinPos.Pos.to_nat
base.inj :
forall (A B : Type) (R : Relation_Definitions.relation A) (S : Relation_Definitions.relation B) (f : A -> B), base.Inj R S f -> forall x y : A, S (f x) (f y) -> R x y
ZifyClasses.inj :
forall S T : Type, ZifyClasses.InjTyp S T -> S -> T
ArchReset.init_model_at :
String.string -> rv64d_types.M unit -> rv64d_types.M unit
rv64d.init_ext_ptw :
rv64d_types.ext_ptw
rv64d.init_boot_requirements :
unit -> rv64d_types.M unit
base.inhabitant :
forall A : Type, base.Inhabited A -> A
BlockWords.ind_bytes :
list (definitions.bv (BinNums.Npos (BinNums.xO (BinNums.xO (BinNums.xO (BinNums.xO (BinNums.xO BinNums.xH))))))) -> list (definitions.bv (BinNums.Npos (BinNums.xO (BinNums.xO (BinNums.xO BinNums.xH)))))
cmra.includedN :
forall (SI : stepindex.sidx) (A : Type), ofe.Dist A -> cmra.Op A -> stepindex.sidx_car -> A -> A -> Prop
cmra.included :
forall A : Type, base.Equiv A -> cmra.Op A -> A -> A -> Prop
DevModel.in_virtio :
BinNums.Z -> bool
DevModel.in_uart :
BinNums.Z -> bool
DevModel.in_plic :
BinNums.Z -> bool
implb :
bool -> bool -> bool
RelationClasses.impl_Transitive_obligation_1 :
forall x y z : Prop, Basics.impl x y -> Basics.impl y z -> Basics.impl x z
RelationClasses.impl_Transitive :
RelationClasses.Transitive Basics.impl
RelationClasses.impl_Reflexive_obligation_1 :
forall x : Prop, Basics.impl x x
RelationClasses.impl_Reflexive :
RelationClasses.Reflexive Basics.impl
Basics.impl :
Prop -> Prop -> Prop
RiscvLang.img_end :
BinNums.Z
list_monad.imap :
forall A B : Type, (nat -> A -> B) -> list A -> list B
rv64d.illegal_instruction_writes_xtval :
bool
Bool.iff_reflect :
forall (P : Prop) (b : bool), P <-> b = true -> reflect P b
Morphisms_Prop.iff_iff_iff_impl_morphism_obligation_1 :
Morphisms.respectful iff (Morphisms.respectful iff iff) Basics.impl Basics.impl
Morphisms_Prop.iff_iff_iff_impl_morphism :
Morphisms.Proper (Morphisms.respectful iff (Morphisms.respectful iff iff)) Basics.impl
RelationClasses.iff_equivalence :
RelationClasses.Equivalence iff
RelationClasses.iff_Transitive :
RelationClasses.Transitive iff
RelationClasses.iff_Symmetric :
RelationClasses.Symmetric iff
RelationClasses.iff_Reflexive :
RelationClasses.Reflexive iff
iff :
Prop -> Prop -> Prop
MachineWord.MachineWord.idx_mul :
BinNums.N -> BinNums.N -> BinNums.N
MachineWord.MachineWord.idx_Z :
BinNums.N -> BinNums.Z
Ring_theory.id_phi_N :
BinNums.N -> BinNums.N
id :
ID
rv64d_types.Interface.iMon_mret_inst :
forall eOutcome : Type -> Type, base.MRet (rv64d_types.Interface.iMon eOutcome)
rv64d_types.Interface.iMon_bind :
forall (eOutcome : Type -> Type) (a b : Type), rv64d_types.Interface.iMon eOutcome a -> (a -> rv64d_types.Interface.iMon eOutcome b) -> rv64d_types.Interface.iMon eOutcome b
DevModel.hupd :
forall A : Type, (nat -> A) -> nat -> A -> nat -> A
rv64d.htif_tohost_size :
BinNums.Z
rv64d.htif_store :
rv64d_types.physaddr -> forall width : BinNums.Z, Values.mword (BinInt.Z.mul (BinNums.Zpos (BinNums.xO (BinNums.xO (BinNums.xO BinNums.xH)))) width) -> rv64d_types.M (Values.result bool (rv64d_types.physaddr * rv64d_types.ExceptionType))
rv64d.htif_load :
rv64d_types.MemoryAccessType rv64d_types.mem_payload -> rv64d_types.physaddr -> forall width : BinNums.Z, rv64d_types.M (Values.result (Values.mword (BinInt.Z.mul (BinNums.Zpos (BinNums.xO (BinNums.xO (BinNums.xO BinNums.xH)))) width)) (rv64d_types.physaddr * rv64d_types.ExceptionType))
rv64d.hpmidx_from_bits :
Values.mword (BinNums.Zpos (BinNums.xI (BinNums.xO BinNums.xH))) -> rv64d_types.M BinNums.Z
Tauto.hold :
forall k : Tauto.kind, Tauto.rtyp k -> Prop
String.hex_string_of_int :
String.string -> bool -> BinNums.Z -> String.string
String.hex_string_of_N :
bool -> nat -> BinNums.N -> String.string -> String.string
String.hex_str :
BinNums.Z -> String.string
PStringBytes.hex_digit_val :
BinNums.Z -> BinNums.Z
String.hex_char :
Ascii.ascii -> option BinNums.Z
rv64d.hex_bits_str :
forall n : BinNums.Z, Values.mword n -> String.string
rv64d.hex_bits_signed_forwards_matches :
forall n : BinNums.Z, Values.mword n -> bool
rv64d.hex_bits_signed_forwards :
forall n : BinNums.Z, Values.mword n -> BinNums.Z * String.string
rv64d.hex_bits_signed_9_forwards :
Values.mword (BinNums.Zpos (BinNums.xI (BinNums.xO (BinNums.xO BinNums.xH)))) -> rv64d_types.M String.string
rv64d.hex_bits_signed_6_forwards :
Values.mword (BinNums.Zpos (BinNums.xO (BinNums.xI BinNums.xH))) -> rv64d_types.M String.string
rv64d.hex_bits_signed_21_forwards :
Values.mword (BinNums.Zpos (BinNums.xI (BinNums.xO (BinNums.xI (BinNums.xO BinNums.xH))))) -> rv64d_types.M String.string
rv64d.hex_bits_signed_20_forwards :
Values.mword (BinNums.Zpos (BinNums.xO (BinNums.xO (BinNums.xI (BinNums.xO BinNums.xH))))) -> rv64d_types.M String.string
rv64d.hex_bits_signed_13_forwards :
Values.mword (BinNums.Zpos (BinNums.xI (BinNums.xO (BinNums.xI BinNums.xH)))) -> rv64d_types.M String.string
rv64d.hex_bits_signed_12_forwards :
Values.mword (BinNums.Zpos (BinNums.xO (BinNums.xO (BinNums.xI BinNums.xH)))) -> rv64d_types.M String.string
rv64d.hex_bits_signed_10_forwards :
Values.mword (BinNums.Zpos (BinNums.xO (BinNums.xI (BinNums.xO BinNums.xH)))) -> rv64d_types.M String.string
rv64d.hex_bits_forwards_matches :
forall n : BinNums.Z, Values.mword n -> bool
rv64d.hex_bits_forwards :
forall n : BinNums.Z, Values.mword n -> BinNums.Z * String.string
rv64d.hex_bits_backwards_matches :
BinNums.Z * String.string -> bool
rv64d.hex_bits_backwards :
forall n0 : BinNums.Z, BinNums.Z * String.string -> Values.mword n0
rv64d.hex_bits_9_forwards :
Values.mword (BinNums.Zpos (BinNums.xI (BinNums.xO (BinNums.xO BinNums.xH)))) -> rv64d_types.M String.string
rv64d.hex_bits_8_forwards :
Values.mword (BinNums.Zpos (BinNums.xO (BinNums.xO (BinNums.xO BinNums.xH)))) -> rv64d_types.M String.string
rv64d.hex_bits_7_forwards :
Values.mword (BinNums.Zpos (BinNums.xI (BinNums.xI BinNums.xH))) -> rv64d_types.M String.string
rv64d.hex_bits_6_forwards :
Values.mword (BinNums.Zpos (BinNums.xO (BinNums.xI BinNums.xH))) -> rv64d_types.M String.string
rv64d.hex_bits_5_forwards :
Values.mword (BinNums.Zpos (BinNums.xI (BinNums.xO BinNums.xH))) -> rv64d_types.M String.string
rv64d.hex_bits_32_forwards :
Values.mword (BinNums.Zpos (BinNums.xO (BinNums.xO (BinNums.xO (BinNums.xO (BinNums.xO BinNums.xH)))))) -> rv64d_types.M String.string
rv64d.hex_bits_2_forwards :
Values.mword (BinNums.Zpos (BinNums.xO BinNums.xH)) -> rv64d_types.M String.string
rv64d.hex_bits_20_forwards :
Values.mword (BinNums.Zpos (BinNums.xO (BinNums.xO (BinNums.xI (BinNums.xO BinNums.xH))))) -> rv64d_types.M String.string
rv64d.hex_bits_16_forwards :
Values.mword (BinNums.Zpos (BinNums.xO (BinNums.xO (BinNums.xO (BinNums.xO BinNums.xH))))) -> rv64d_types.M String.string
rv64d.hex_bits_12_forwards :
Values.mword (BinNums.Zpos (BinNums.xO (BinNums.xO (BinNums.xI BinNums.xH)))) -> rv64d_types.M String.string
rv64d.hex_bits_12_backwards_matches :
String.string -> bool
rv64d.hex_bits_12_backwards :
String.string -> rv64d_types.M (Values.mword (BinNums.Zpos (BinNums.xO (BinNums.xO (BinNums.xI BinNums.xH)))))
rv64d.hex_bits_10_forwards :
Values.mword (BinNums.Zpos (BinNums.xO (BinNums.xI (BinNums.xO BinNums.xH)))) -> rv64d_types.M String.string
FsCrash.hdr_wf :
(BinNums.Z -> list (definitions.bv (BinNums.Npos (BinNums.xO (BinNums.xO (BinNums.xO BinNums.xH)))))) -> gmap.gset BinNums.Z -> BinNums.Z -> Prop
LogDefs.hdr_dec :
list (definitions.bv (BinNums.Npos (BinNums.xO (BinNums.xO (BinNums.xO BinNums.xH))))) -> nat * list BinNums.Z
List.hd :
forall A : Type, A -> list A -> A
Env.hd :
forall D : Type, Env.Env D -> D
rv64d.have_nominal_privLevel :
Values.mword (BinNums.Zpos (BinNums.xO BinNums.xH)) -> rv64d_types.M bool
RiscvLang.hart_node_step :
nat -> RiscvLang.gstate -> RiscvLang.CPU -> rv64d_types.M unit -> RiscvLang.mexpr -> RiscvLang.gstate -> Prop
rv64d.hart_is_waiting :
rv64d_types.HartState -> bool
rv64d.hart_is_active :
rv64d_types.HartState -> bool
RiscvLang.hart_agent :
RiscvLang.CPU -> nat
rv64d.hartSupports_measure :
rv64d_types.extension -> BinNums.Z
rv64d.hartSupports :
rv64d_types.extension -> rv64d_types.M bool
rv64d.hardware_breakpoint_writes_xtval :
bool
rv64d.handle_interrupt :
rv64d_types.InterruptType -> rv64d_types.Privilege -> rv64d_types.M unit
rv64d.handle_exception :
Values.mword (BinNums.Zpos (BinNums.xO (BinNums.xO (BinNums.xO (BinNums.xO (BinNums.xO (BinNums.xO BinNums.xH))))))) -> rv64d_types.ExceptionType -> rv64d_types.M unit
DinodeEnc.half_bytes :
definitions.bv (BinNums.Npos (BinNums.xO (BinNums.xO (BinNums.xO (BinNums.xO BinNums.xH))))) -> list (definitions.bv (BinNums.Npos (BinNums.xO (BinNums.xO (BinNums.xO BinNums.xH)))))
rv64d_types.half :
Type
base.guard_or :
forall E : Type, E -> forall M : Type -> Type, base.MThrow E M -> base.MRet M -> forall P : Prop, base.Decision P -> M P
RiscvLang.gtv_insert :
base.Insert RiscvLang.CPU nat (RiscvLang.CPU -> nat)
RiscvLang.gtv :
RiscvLang.gstate -> RiscvLang.CPU -> nat
BinInt.Z.gtb :
BinNums.Z -> BinNums.Z -> bool
Arith_base.gt_S_le_stt :
forall n m : nat, S m > n -> n <= m
BinInt.Z.gt :
BinNums.Z -> BinNums.Z -> Prop
BinPos.Pos.gt :
BinNums.positive -> BinNums.positive -> Prop
gt :
nat -> nat -> Prop
gmap.gset_union :
forall (K : Type) (EqDecision0 : base.RelDecision eq) (H : countable.Countable K), base.Union (gmap.gset K)
gmap.gset_singleton :
forall (K : Type) (EqDecision0 : base.RelDecision eq) (H : countable.Countable K), base.Singleton K (gmap.gset K)
gmap.gset_intersection :
forall (K : Type) (EqDecision0 : base.RelDecision eq) (H : countable.Countable K), base.Intersection (gmap.gset K)
gmap.gset_eq_dec :
forall (K : Type) (EqDecision0 : base.RelDecision eq) (H : countable.Countable K), base.RelDecision eq
gmap.gset_empty :
forall (K : Type) (EqDecision0 : base.RelDecision eq) (H : countable.Countable K), base.Empty (gmap.gset K)
gmap.gset_elements :
forall (K : Type) (EqDecision0 : base.RelDecision eq) (H : countable.Countable K), base.Elements K (gmap.gset K)
gmap.gset_elem_of_dec :
forall (K : Type) (EqDecision0 : base.RelDecision eq) (H : countable.Countable K), base.RelDecision base.elem_of
gmap.gset_elem_of :
forall (K : Type) (EqDecision0 : base.RelDecision eq) (H : countable.Countable K), base.ElemOf K (gmap.gset K)
gmap.gset_dom :
forall (K : Type) (EqDecision0 : base.RelDecision eq) (H : countable.Countable K) (A : Type), base.Dom (gmap.gmap K A) (gmap.gset K)
gmap.gset_difference :
forall (K : Type) (EqDecision0 : base.RelDecision eq) (H : countable.Countable K), base.Difference (gmap.gset K)
gmap.gset :
forall (K : Type) (EqDecision0 : base.RelDecision eq), countable.Countable K -> Set
RiscvLang.gresv_insert :
base.Insert RiscvLang.CPU (option RiscvLang.resv) (RiscvLang.CPU -> option RiscvLang.resv)
RiscvLang.gresv :
RiscvLang.gstate -> RiscvLang.CPU -> option RiscvLang.resv
RiscvLang.gregs :
RiscvLang.gstate -> RiscvLang.CPU -> rv64d_types.regstate
RiscvLang.greg_insert :
base.Insert RiscvLang.CPU rv64d_types.regstate (RiscvLang.CPU -> rv64d_types.regstate)
RiscvLang.gpow :
RiscvLang.gstate -> bool
gmultiset.gmultiset_valid_instance :
forall (K : Type) (EqDecision0 : base.RelDecision eq) (H : countable.Countable K), cmra.Valid (gmultiset.gmultiset K)
gmultiset.gmultiset_unit_instance :
forall (K : Type) (EqDecision0 : base.RelDecision eq) (H : countable.Countable K), cmra.Unit (gmultiset.gmultiset K)
gmultiset.gmultiset_singleton :
forall (A : Type) (EqDecision0 : base.RelDecision eq) (H : countable.Countable A), base.SingletonMS A (gmultiset.gmultiset A)
gmultiset.gmultiset_scalar_mul :
forall (A : Type) (EqDecision0 : base.RelDecision eq) (H : countable.Countable A), base.ScalarMul nat (gmultiset.gmultiset A)
gmultiset.gmultiset_pcore_instance :
forall (K : Type) (EqDecision0 : base.RelDecision eq) (H : countable.Countable K), cmra.PCore (gmultiset.gmultiset K)
gmultiset.gmultiset_op_instance :
forall (K : Type) (EqDecision0 : base.RelDecision eq) (H : countable.Countable K), cmra.Op (gmultiset.gmultiset K)
gmultiset.gmultiset_equiv :
forall (A : Type) (EqDecision0 : base.RelDecision eq) (H : countable.Countable A), base.Equiv (gmultiset.gmultiset A)
gmultiset.gmultiset_empty :
forall (A : Type) (EqDecision0 : base.RelDecision eq) (H : countable.Countable A), base.Empty (gmultiset.gmultiset A)
gmultiset.gmultiset_disj_union :
forall (A : Type) (EqDecision0 : base.RelDecision eq) (H : countable.Countable A), base.DisjUnion (gmultiset.gmultiset A)
gmultiset.gmultiset_car :
forall (A : Type) (EqDecision0 : base.RelDecision eq) (H : countable.Countable A), gmultiset.gmultiset A -> gmap.gmap A BinNums.positive
gmultiset.gmultisetUR :
forall (K : Type) (EqDecision0 : base.RelDecision eq), countable.Countable K -> forall SI : stepindex.sidx, cmra.ucmra
gmultiset.gmultisetO :
forall (K : Type) (EqDecision0 : base.RelDecision eq), countable.Countable K -> forall SI : stepindex.sidx, ofe.ofe
RiscvLang.gmem :
RiscvLang.gstate -> gmap.gmap rv64d_types.Arch.pa (definitions.bv (BinNums.Npos (BinNums.xO (BinNums.xO (BinNums.xO BinNums.xH)))))
gmap.gmap_valid_instance :
forall (SI : stepindex.sidx) (K : Type) (EqDecision0 : base.RelDecision eq) (H : countable.Countable K) (A : cmra.cmra), cmra.Valid (gmap.gmap K (cmra.cmra_car A))
gmap.gmap_validN_instance :
forall (SI : stepindex.sidx) (K : Type) (EqDecision0 : base.RelDecision eq) (H : countable.Countable K) (A : cmra.cmra), cmra.ValidN (gmap.gmap K (cmra.cmra_car A))
gmap.gmap_unit_instance :
forall (SI : stepindex.sidx) (K : Type) (EqDecision0 : base.RelDecision eq) (H : countable.Countable K) (A : cmra.cmra), cmra.Unit (gmap.gmap K (cmra.cmra_car A))
gmap.gmap_pcore_instance :
forall (SI : stepindex.sidx) (K : Type) (EqDecision0 : base.RelDecision eq) (H : countable.Countable K) (A : cmra.cmra), cmra.PCore (gmap.gmap K (cmra.cmra_car A))
gmap.gmap_partial_alter_aux :
forall (A : Type) (P : BinNums.positive -> Prop), (forall i : BinNums.positive, P i -> gmap.gmap_dep_ne A P -> gmap.gmap_dep A P) -> (option A -> option A) -> forall i : BinNums.positive, P i -> gmap.gmap_dep A P -> gmap.gmap_dep A P
gmap.gmap_partial_alter :
forall (K : Type) (EqDecision0 : base.RelDecision eq) (H : countable.Countable K) (A : Type), base.PartialAlter K A (gmap.gmap K A)
gmap.gmap_op_instance :
forall (SI : stepindex.sidx) (K : Type) (EqDecision0 : base.RelDecision eq) (H : countable.Countable K) (A : cmra.cmra), cmra.Op (gmap.gmap K (cmra.cmra_car A))
gmap.gmap_omap :
forall (K : Type) (EqDecision0 : base.RelDecision eq) (H : countable.Countable K), base.OMap (gmap.gmap K)
gmap.gmap_merge_aux :
forall (A B C : Type) (P : BinNums.positive -> Prop), (gmap.gmap_dep_ne A P -> gmap.gmap_dep_ne B P -> gmap.gmap_dep C P) -> (option A -> option B -> option C) -> gmap.gmap_dep A P -> gmap.gmap_dep B P -> gmap.gmap_dep C P
gmap.gmap_merge :
forall (K : Type) (EqDecision0 : base.RelDecision eq) (H : countable.Countable K), base.Merge (gmap.gmap K)
gmap.gmap_lookup :
forall (K : Type) (EqDecision0 : base.RelDecision eq) (H : countable.Countable K) (A : Type), base.Lookup K A (gmap.gmap K A)
gmap.gmap_fold_aux :
forall (A B : Type) (P : BinNums.positive -> Prop), (BinNums.positive -> B -> gmap.gmap_dep_ne A P -> B) -> BinNums.positive -> B -> gmap.gmap_dep A P -> B
gmap.gmap_fold :
forall (K : Type) (EqDecision0 : base.RelDecision eq) (H : countable.Countable K) (A : Type), fin_maps.MapFold K A (gmap.gmap K A)
gmap.gmap_fmap :
forall (K : Type) (EqDecision0 : base.RelDecision eq) (H : countable.Countable K), base.FMap (gmap.gmap K)
gmap.gmap_eq_dec :
forall (K : Type) (EqDecision0 : base.RelDecision eq) (H : countable.Countable K) (A : Type), base.RelDecision eq -> base.RelDecision eq
gmap.gmap_dist :
forall (SI : stepindex.sidx) (K : Type) (EqDecision0 : base.RelDecision eq) (H : countable.Countable K) (A : ofe.ofe), ofe.Dist (gmap.gmap K (ofe.ofe_car A))
gmap.gmap_dep_partial_alter :
forall (A : Type) (P : BinNums.positive -> Prop), (option A -> option A) -> forall i : BinNums.positive, P i -> gmap.gmap_dep A P -> gmap.gmap_dep A P
gmap.gmap_dep_omap_aux :
forall (A B : Type) (P : BinNums.positive -> Prop), (gmap.gmap_dep_ne A P -> gmap.gmap_dep B P) -> gmap.gmap_dep A P -> gmap.gmap_dep B P
gmap.gmap_dep_omap :
forall (A B : Type) (P : BinNums.positive -> Prop), (A -> option B) -> gmap.gmap_dep A P -> gmap.gmap_dep B P
gmap.gmap_dep_ne_singleton :
forall (A : Type) (P : BinNums.positive -> Prop) (i : BinNums.positive), P i -> A -> gmap.gmap_dep_ne A P
gmap.gmap_dep_ne_partial_alter :
forall A : Type, (option A -> option A) -> forall (P : BinNums.positive -> Prop) (i : BinNums.positive), P i -> gmap.gmap_dep_ne A P -> gmap.gmap_dep A P
gmap.gmap_dep_ne_omap :
forall A B : Type, (A -> option B) -> forall P : BinNums.positive -> Prop, gmap.gmap_dep_ne A P -> gmap.gmap_dep B P
gmap.gmap_dep_ne_merge :
forall A B C : Type, (option A -> option B -> option C) -> forall P : BinNums.positive -> Prop, gmap.gmap_dep_ne A P -> gmap.gmap_dep_ne B P -> gmap.gmap_dep C P
gmap.gmap_dep_ne_lookup :
forall (A : Type) (P : BinNums.positive -> Prop), BinNums.positive -> gmap.gmap_dep_ne A P -> option A
gmap.gmap_dep_ne_ind :
forall (A : Type) (P : forall P : BinNums.positive -> Prop, gmap.gmap_dep_ne A P -> Prop),
(forall (P0 : BinNums.positive -> Prop) (g : gmap.gmap_dep_ne A (fun p : BinNums.positive => P0 (BinNums.xI p))), P (fun p : BinNums.positive => P0 (BinNums.xI p)) g -> P P0 (gmap.GNode001 g)) ->
(forall (P0 : BinNums.positive -> Prop) (p : P0 BinNums.xH) (a : A), P P0 (gmap.GNode010 p a)) ->
(forall (P0 : BinNums.positive -> Prop) (p : P0 BinNums.xH) (a : A) (g : gmap.gmap_dep_ne A (fun p0 : BinNums.positive => P0 (BinNums.xI p0))), P (fun p0 : BinNums.positive => P0 (BinNums.xI p0)) g -> P P0 (gmap.GNode011 p a g)) ->
(forall (P0 : BinNums.positive -> Prop) (g : gmap.gmap_dep_ne A (fun p : BinNums.positive => P0 (BinNums.xO p))), P (fun p : BinNums.positive => P0 (BinNums.xO p)) g -> P P0 (gmap.GNode100 g)) ->
(forall (P0 : BinNums.positive -> Prop) (g : gmap.gmap_dep_ne A (fun p : BinNums.positive => P0 (BinNums.xO p))),
 P (fun p : BinNums.positive => P0 (BinNums.xO p)) g -> forall g0 : gmap.gmap_dep_ne A (fun p : BinNums.positive => P0 (BinNums.xI p)), P (fun p : BinNums.positive => P0 (BinNums.xI p)) g0 -> P P0 (gmap.GNode101 g g0)) ->
(forall (P0 : BinNums.positive -> Prop) (g : gmap.gmap_dep_ne A (fun p : BinNums.positive => P0 (BinNums.xO p))), P (fun p : BinNums.positive => P0 (BinNums.xO p)) g -> forall (p : P0 BinNums.xH) (a : A), P P0 (gmap.GNode110 g p a)) ->
(forall (P0 : BinNums.positive -> Prop) (g : gmap.gmap_dep_ne A (fun p : BinNums.positive => P0 (BinNums.xO p))),
 P (fun p : BinNums.positive => P0 (BinNums.xO p)) g -> forall (p : P0 BinNums.xH) (a : A) (g0 : gmap.gmap_dep_ne A (fun p0 : BinNums.positive => P0 (BinNums.xI p0))), P (fun p0 : BinNums.positive => P0 (BinNums.xI p0)) g0 -> P P0 (gmap.GNode111 g p a g0)) ->
forall (P0 : BinNums.positive -> Prop) (g : gmap.gmap_dep_ne A P0), P P0 g
gmap.gmap_dep_ne_fold :
forall A B : Type, (BinNums.positive -> A -> B -> B) -> forall P : BinNums.positive -> Prop, BinNums.positive -> B -> gmap.gmap_dep_ne A P -> B
gmap.gmap_dep_ne_fmap :
forall A B : Type, (A -> B) -> forall P : BinNums.positive -> Prop, gmap.gmap_dep_ne A P -> gmap.gmap_dep_ne B P
gmap.gmap_dep_ne_eq_dec :
forall (A : Type) (P : BinNums.positive -> Prop), base.RelDecision eq -> (forall i : BinNums.positive, base.ProofIrrel (P i)) -> base.RelDecision eq
gmap.gmap_dep_ne_case :
forall (A : Type) (P : BinNums.positive -> Prop) (B : Type), gmap.gmap_dep_ne A P -> (gmap.gmap_dep A (fun p : BinNums.positive => P (BinNums.xO p)) -> option (P BinNums.xH * A) -> gmap.gmap_dep A (fun p : BinNums.positive => P (BinNums.xI p)) -> B) -> B
gmap.gmap_dep_merge :
forall (A B C : Type) (P : BinNums.positive -> Prop), (option A -> option B -> option C) -> gmap.gmap_dep A P -> gmap.gmap_dep B P -> gmap.gmap_dep C P
gmap.gmap_dep_lookup :
forall (A : Type) (P : BinNums.positive -> Prop), BinNums.positive -> gmap.gmap_dep A P -> option A
gmap.gmap_dep_fold :
forall (A B : Type) (P : BinNums.positive -> Prop), (BinNums.positive -> A -> B -> B) -> BinNums.positive -> B -> gmap.gmap_dep A P -> B
gmap.gmap_dep_fmap :
forall (A B : Type) (P : BinNums.positive -> Prop), (A -> B) -> gmap.gmap_dep A P -> gmap.gmap_dep B P
gmap.gmap_dep_eq_dec :
forall (A : Type) (P : BinNums.positive -> Prop), (forall i : BinNums.positive, base.ProofIrrel (P i)) -> base.RelDecision eq -> base.RelDecision eq
gmap.gmap_car :
forall (K : Type) (EqDecision0 : base.RelDecision eq) (H : countable.Countable K) (A : Type), gmap.gmap K A -> gmap.gmap_dep A (gmap.gmap_key K)
gmap.gmapUR :
forall (SI : stepindex.sidx) (K : Type) (EqDecision0 : base.RelDecision eq), countable.Countable K -> cmra.cmra -> cmra.ucmra
gmap.gmapO :
forall (SI : stepindex.sidx) (K : Type) (EqDecision0 : base.RelDecision eq), countable.Countable K -> ofe.ofe -> ofe.ofe
RiscvLang.glog :
RiscvLang.gstate -> list TsoMemPa.pwmsg
RiscvLang.gimg :
RiscvLang.gstate -> gmap.gmap rv64d_types.Arch.pa (definitions.bv (BinNums.Npos (BinNums.xO (BinNums.xO (BinNums.xO BinNums.xH)))))
RiscvLang.ggen :
RiscvLang.gstate -> nat
BinPos.Pos.ggcdn :
nat -> BinNums.positive -> BinNums.positive -> BinNums.positive * (BinNums.positive * BinNums.positive)
BinInt.Z.ggcd :
BinNums.Z -> BinNums.Z -> BinNums.Z * (BinNums.Z * BinNums.Z)
BinPos.Pos.ggcd :
BinNums.positive -> BinNums.positive -> BinNums.positive * (BinNums.positive * BinNums.positive)
rv64d.get_xepc :
rv64d_types.Privilege -> rv64d_types.M (Values.mword (BinNums.Zpos (BinNums.xO (BinNums.xO (BinNums.xO (BinNums.xO (BinNums.xO (BinNums.xO BinNums.xH))))))))
rv64d.get_xLPE :
rv64d_types.Privilege -> rv64d_types.M bool
Values.get_word :
forall n : BinNums.Z, Values.mword n -> MachineWord.MachineWord.word (MachineWord.MachineWord.Z_idx n)
rv64d.get_transformed_data_addr :
rv64d_types.regidx -> Values.mword (BinNums.Zpos (BinNums.xO (BinNums.xO (BinNums.xO (BinNums.xO (BinNums.xO (BinNums.xO BinNums.xH))))))) -> rv64d_types.MemoryAccessType rv64d_types.mem_payload -> BinNums.Z -> rv64d_types.M (rv64d_types.Ext_DataAddr_Check unit)
rv64d.get_stvec :
unit -> rv64d_types.M (Values.mword (BinNums.Zpos (BinNums.xO (BinNums.xO (BinNums.xO (BinNums.xO (BinNums.xO (BinNums.xO BinNums.xH))))))))
rv64d.get_sstateen_mask :
BinNums.Z -> rv64d_types.M (Values.mword (BinNums.Zpos (BinNums.xO (BinNums.xO (BinNums.xO (BinNums.xO (BinNums.xO (BinNums.xO BinNums.xH))))))))
Operators_mwords.get_slice_int' :
forall len : BinNums.Z, BinNums.Z -> BinNums.Z -> Values.mword len
Operators_mwords.get_slice_int :
forall len : BinNums.Z, BinNums.Z -> BinNums.Z -> Values.mword len
InitialRing.get_signZ :
BinNums.Z -> option BinNums.Z
rv64d.get_scountovf :
rv64d_types.Privilege -> rv64d_types.M (Values.mword (BinNums.Zpos (BinNums.xO (BinNums.xO (BinNums.xO (BinNums.xO (BinNums.xO BinNums.xH)))))))
rv64d.get_satp :
forall sv_width : BinNums.Z,
rv64d_types.M
  (Values.mword
     (if BinInt.Z.eqb sv_width (BinNums.Zpos (BinNums.xO (BinNums.xO (BinNums.xO (BinNums.xO (BinNums.xO BinNums.xH))))))
      then BinNums.Zpos (BinNums.xO (BinNums.xO (BinNums.xO (BinNums.xO (BinNums.xO BinNums.xH)))))
      else BinNums.Zpos (BinNums.xO (BinNums.xO (BinNums.xO (BinNums.xO (BinNums.xO (BinNums.xO BinNums.xH))))))))
rv64d.get_pmm :
rv64d_types.Privilege -> rv64d_types.M rv64d_types.PointerMaskingMode
rv64d.get_pmlen :
rv64d_types.MemoryAccessType rv64d_types.mem_payload -> rv64d_types.Privilege -> rv64d_types.M BinNums.Z
rv64d.get_next_pc :
unit -> rv64d_types.M (Values.mword (BinNums.Zpos (BinNums.xO (BinNums.xO (BinNums.xO (BinNums.xO (BinNums.xO (BinNums.xO BinNums.xH))))))))
rv64d.get_mtvec :
unit -> rv64d_types.M (Values.mword (BinNums.Zpos (BinNums.xO (BinNums.xO (BinNums.xO (BinNums.xO (BinNums.xO (BinNums.xO BinNums.xH))))))))
rv64d.get_mstateen :
BinNums.Z -> rv64d_types.M (Values.mword (BinNums.Zpos (BinNums.xO (BinNums.xO (BinNums.xO (BinNums.xO (BinNums.xO (BinNums.xO BinNums.xH))))))))
rv64d.get_hstateen_mask :
BinNums.Z -> rv64d_types.M (Values.mword (BinNums.Zpos (BinNums.xO (BinNums.xO (BinNums.xO (BinNums.xO (BinNums.xO (BinNums.xO BinNums.xH))))))))
rv64d.get_hstateen :
BinNums.Z -> rv64d_types.M (Values.mword (BinNums.Zpos (BinNums.xO (BinNums.xO (BinNums.xO (BinNums.xO (BinNums.xO (BinNums.xO BinNums.xH))))))))
rv64d.get_config_use_abi_names :
unit -> bool
rv64d.get_config_rvfi :
unit -> bool
rv64d.get_config_print_interrupt :
unit -> bool
rv64d.get_config_print_instr :
unit -> bool
rv64d.get_config_print_htif :
unit -> bool
rv64d.get_config_print_exception :
unit -> bool
rv64d.get_config_print_clint :
unit -> bool
rv64d.get_arch_pc :
unit -> rv64d_types.M (Values.mword (BinNums.Zpos (BinNums.xO (BinNums.xO (BinNums.xO (BinNums.xO (BinNums.xO (BinNums.xO BinNums.xH))))))))
Ring_polynom.get_PEopp :
forall C : Type, Ring_polynom.PExpr C -> option (Ring_polynom.PExpr C)
EnvRing.get_PEopp :
forall C : Type, EnvRing.PExpr C -> option (EnvRing.PExpr C)
rv64d.getPendingSet :
rv64d_types.Privilege -> rv64d_types.M (option (Values.mword (BinNums.Zpos (BinNums.xO (BinNums.xO (BinNums.xO (BinNums.xO (BinNums.xO (BinNums.xO BinNums.xH))))))) * rv64d_types.Privilege))
Instances.generic_neq :
forall T : Type, T -> T -> base.RelDecision eq -> bool
Instances.generic_eq :
forall T : Type, T -> T -> base.RelDecision eq -> bool
Instances.generic_dec :
forall (T : Type) (x y : T), base.RelDecision eq -> {x = y} + {x <> y}
InitialRing.gen_phiZ1 :
forall R : Type, R -> R -> (R -> R -> R) -> (R -> R -> R) -> (R -> R) -> BinNums.Z -> R
InitialRing.gen_phiZ :
forall R : Type, R -> R -> (R -> R -> R) -> (R -> R -> R) -> (R -> R) -> BinNums.Z -> R
InitialRing.gen_phiPOS1 :
forall R : Type, R -> (R -> R -> R) -> (R -> R -> R) -> BinNums.positive -> R
InitialRing.gen_phiPOS :
forall R : Type, R -> (R -> R -> R) -> (R -> R -> R) -> BinNums.positive -> R
ZMicromega.genCuttingPlane :
RingMicromega.NFormula BinNums.Z -> option (RingMicromega.PolC BinNums.Z * BinNums.Z * RingMicromega.Op1)
BinInt.Z.geb :
BinNums.Z -> BinNums.Z -> bool
BinInt.Z.ge :
BinNums.Z -> BinNums.Z -> Prop
BinPos.Pos.ge :
BinNums.positive -> BinNums.positive -> Prop
RiscvLang.gdev :
RiscvLang.gstate -> DevModel.dev_state
BinPos.Pos.gcdn :
nat -> BinNums.positive -> BinNums.positive -> BinNums.positive
BinInt.Z.gcd :
BinNums.Z -> BinNums.Z -> BinNums.Z
BinPos.Pos.gcd :
BinNums.positive -> BinNums.positive -> BinNums.positive
base.fst_proper :
forall (A : Type) (H : base.Equiv A) (B : Type) (H0 : base.Equiv B), Morphisms.Proper (Morphisms.respectful base.equiv base.equiv) fst
fst :
forall A B : Type, A * B -> A
FsState.fss_used :
FsState.fs_state_rec -> gmap.gset BinNums.Z
FsState.fss_sbb :
FsState.fs_state_rec -> list (definitions.bv (BinNums.Npos (BinNums.xO (BinNums.xO (BinNums.xO BinNums.xH)))))
FsState.fss_sb :
FsState.fs_state_rec -> FsImg.fs_sb
FsState.fss_inodes :
FsState.fs_state_rec -> gmap.gmap BinNums.Z FsNode.fs_node
FsImgRaw.fsimg_size :
BinNums.Z
FsImgCheck.fsimg_sb :
FsImg.fs_sb
FsImgRaw.fsimg_hex_chunk99 :
PrimString.string
FsImgRaw.fsimg_hex_chunk98 :
PrimString.string
FsImgRaw.fsimg_hex_chunk97 :
PrimString.string
FsImgRaw.fsimg_hex_chunk96 :
PrimString.string
FsImgRaw.fsimg_hex_chunk95 :
PrimString.string
FsImgRaw.fsimg_hex_chunk94 :
PrimString.string
FsImgRaw.fsimg_hex_chunk93 :
PrimString.string
FsImgRaw.fsimg_hex_chunk92 :
PrimString.string
FsImgRaw.fsimg_hex_chunk91 :
PrimString.string
FsImgRaw.fsimg_hex_chunk90 :
PrimString.string
FsImgRaw.fsimg_hex_chunk9 :
PrimString.string
FsImgRaw.fsimg_hex_chunk89 :
PrimString.string
FsImgRaw.fsimg_hex_chunk88 :
PrimString.string
FsImgRaw.fsimg_hex_chunk87 :
PrimString.string
FsImgRaw.fsimg_hex_chunk86 :
PrimString.string
FsImgRaw.fsimg_hex_chunk85 :
PrimString.string
FsImgRaw.fsimg_hex_chunk84 :
PrimString.string
FsImgRaw.fsimg_hex_chunk83 :
PrimString.string
FsImgRaw.fsimg_hex_chunk82 :
PrimString.string
FsImgRaw.fsimg_hex_chunk81 :
PrimString.string
FsImgRaw.fsimg_hex_chunk80 :
PrimString.string
FsImgRaw.fsimg_hex_chunk8 :
PrimString.string
FsImgRaw.fsimg_hex_chunk79 :
PrimString.string
FsImgRaw.fsimg_hex_chunk78 :
PrimString.string
FsImgRaw.fsimg_hex_chunk77 :
PrimString.string
FsImgRaw.fsimg_hex_chunk76 :
PrimString.string
FsImgRaw.fsimg_hex_chunk75 :
PrimString.string
FsImgRaw.fsimg_hex_chunk74 :
PrimString.string
FsImgRaw.fsimg_hex_chunk73 :
PrimString.string
FsImgRaw.fsimg_hex_chunk72 :
PrimString.string
FsImgRaw.fsimg_hex_chunk71 :
PrimString.string
FsImgRaw.fsimg_hex_chunk70 :
PrimString.string
FsImgRaw.fsimg_hex_chunk7 :
PrimString.string
FsImgRaw.fsimg_hex_chunk69 :
PrimString.string
FsImgRaw.fsimg_hex_chunk68 :
PrimString.string
FsImgRaw.fsimg_hex_chunk67 :
PrimString.string
FsImgRaw.fsimg_hex_chunk66 :
PrimString.string
FsImgRaw.fsimg_hex_chunk65 :
PrimString.string
FsImgRaw.fsimg_hex_chunk64 :
PrimString.string
FsImgRaw.fsimg_hex_chunk63 :
PrimString.string
FsImgRaw.fsimg_hex_chunk62 :
PrimString.string
FsImgRaw.fsimg_hex_chunk61 :
PrimString.string
FsImgRaw.fsimg_hex_chunk60 :
PrimString.string
FsImgRaw.fsimg_hex_chunk6 :
PrimString.string
FsImgRaw.fsimg_hex_chunk59 :
PrimString.string
FsImgRaw.fsimg_hex_chunk58 :
PrimString.string
FsImgRaw.fsimg_hex_chunk57 :
PrimString.string
FsImgRaw.fsimg_hex_chunk56 :
PrimString.string
FsImgRaw.fsimg_hex_chunk55 :
PrimString.string
FsImgRaw.fsimg_hex_chunk54 :
PrimString.string
FsImgRaw.fsimg_hex_chunk53 :
PrimString.string
FsImgRaw.fsimg_hex_chunk52 :
PrimString.string
FsImgRaw.fsimg_hex_chunk51 :
PrimString.string
FsImgRaw.fsimg_hex_chunk50 :
PrimString.string
FsImgRaw.fsimg_hex_chunk5 :
PrimString.string
FsImgRaw.fsimg_hex_chunk499 :
PrimString.string
FsImgRaw.fsimg_hex_chunk498 :
PrimString.string
FsImgRaw.fsimg_hex_chunk497 :
PrimString.string
FsImgRaw.fsimg_hex_chunk496 :
PrimString.string
FsImgRaw.fsimg_hex_chunk495 :
PrimString.string
FsImgRaw.fsimg_hex_chunk494 :
PrimString.string
FsImgRaw.fsimg_hex_chunk493 :
PrimString.string
FsImgRaw.fsimg_hex_chunk492 :
PrimString.string
FsImgRaw.fsimg_hex_chunk491 :
PrimString.string
FsImgRaw.fsimg_hex_chunk490 :
PrimString.string
FsImgRaw.fsimg_hex_chunk49 :
PrimString.string
FsImgRaw.fsimg_hex_chunk489 :
PrimString.string
FsImgRaw.fsimg_hex_chunk488 :
PrimString.string
FsImgRaw.fsimg_hex_chunk487 :
PrimString.string
FsImgRaw.fsimg_hex_chunk486 :
PrimString.string
FsImgRaw.fsimg_hex_chunk485 :
PrimString.string
FsImgRaw.fsimg_hex_chunk484 :
PrimString.string
FsImgRaw.fsimg_hex_chunk483 :
PrimString.string
FsImgRaw.fsimg_hex_chunk482 :
PrimString.string
FsImgRaw.fsimg_hex_chunk481 :
PrimString.string
FsImgRaw.fsimg_hex_chunk480 :
PrimString.string
FsImgRaw.fsimg_hex_chunk48 :
PrimString.string
FsImgRaw.fsimg_hex_chunk479 :
PrimString.string
FsImgRaw.fsimg_hex_chunk478 :
PrimString.string
FsImgRaw.fsimg_hex_chunk477 :
PrimString.string
FsImgRaw.fsimg_hex_chunk476 :
PrimString.string
FsImgRaw.fsimg_hex_chunk475 :
PrimString.string
FsImgRaw.fsimg_hex_chunk474 :
PrimString.string
FsImgRaw.fsimg_hex_chunk473 :
PrimString.string
FsImgRaw.fsimg_hex_chunk472 :
PrimString.string
FsImgRaw.fsimg_hex_chunk471 :
PrimString.string
FsImgRaw.fsimg_hex_chunk470 :
PrimString.string
FsImgRaw.fsimg_hex_chunk47 :
PrimString.string
FsImgRaw.fsimg_hex_chunk469 :
PrimString.string
FsImgRaw.fsimg_hex_chunk468 :
PrimString.string
FsImgRaw.fsimg_hex_chunk467 :
PrimString.string
FsImgRaw.fsimg_hex_chunk466 :
PrimString.string
FsImgRaw.fsimg_hex_chunk465 :
PrimString.string
FsImgRaw.fsimg_hex_chunk464 :
PrimString.string
FsImgRaw.fsimg_hex_chunk463 :
PrimString.string
FsImgRaw.fsimg_hex_chunk462 :
PrimString.string
FsImgRaw.fsimg_hex_chunk461 :
PrimString.string
FsImgRaw.fsimg_hex_chunk460 :
PrimString.string
FsImgRaw.fsimg_hex_chunk46 :
PrimString.string
FsImgRaw.fsimg_hex_chunk459 :
PrimString.string
FsImgRaw.fsimg_hex_chunk458 :
PrimString.string
FsImgRaw.fsimg_hex_chunk457 :
PrimString.string
FsImgRaw.fsimg_hex_chunk456 :
PrimString.string
FsImgRaw.fsimg_hex_chunk455 :
PrimString.string
FsImgRaw.fsimg_hex_chunk454 :
PrimString.string
FsImgRaw.fsimg_hex_chunk453 :
PrimString.string
FsImgRaw.fsimg_hex_chunk452 :
PrimString.string
FsImgRaw.fsimg_hex_chunk451 :
PrimString.string
FsImgRaw.fsimg_hex_chunk450 :
PrimString.string
FsImgRaw.fsimg_hex_chunk45 :
PrimString.string
FsImgRaw.fsimg_hex_chunk449 :
PrimString.string
FsImgRaw.fsimg_hex_chunk448 :
PrimString.string
FsImgRaw.fsimg_hex_chunk447 :
PrimString.string
FsImgRaw.fsimg_hex_chunk446 :
PrimString.string
FsImgRaw.fsimg_hex_chunk445 :
PrimString.string
FsImgRaw.fsimg_hex_chunk444 :
PrimString.string
FsImgRaw.fsimg_hex_chunk443 :
PrimString.string
FsImgRaw.fsimg_hex_chunk442 :
PrimString.string
FsImgRaw.fsimg_hex_chunk441 :
PrimString.string
FsImgRaw.fsimg_hex_chunk440 :
PrimString.string
FsImgRaw.fsimg_hex_chunk44 :
PrimString.string
FsImgRaw.fsimg_hex_chunk439 :
PrimString.string
FsImgRaw.fsimg_hex_chunk438 :
PrimString.string
FsImgRaw.fsimg_hex_chunk437 :
PrimString.string
FsImgRaw.fsimg_hex_chunk436 :
PrimString.string
FsImgRaw.fsimg_hex_chunk435 :
PrimString.string
FsImgRaw.fsimg_hex_chunk434 :
PrimString.string
FsImgRaw.fsimg_hex_chunk433 :
PrimString.string
FsImgRaw.fsimg_hex_chunk432 :
PrimString.string
FsImgRaw.fsimg_hex_chunk431 :
PrimString.string
FsImgRaw.fsimg_hex_chunk430 :
PrimString.string
FsImgRaw.fsimg_hex_chunk43 :
PrimString.string
FsImgRaw.fsimg_hex_chunk429 :
PrimString.string
FsImgRaw.fsimg_hex_chunk428 :
PrimString.string
FsImgRaw.fsimg_hex_chunk427 :
PrimString.string
FsImgRaw.fsimg_hex_chunk426 :
PrimString.string
FsImgRaw.fsimg_hex_chunk425 :
PrimString.string
FsImgRaw.fsimg_hex_chunk424 :
PrimString.string
FsImgRaw.fsimg_hex_chunk423 :
PrimString.string
FsImgRaw.fsimg_hex_chunk422 :
PrimString.string
FsImgRaw.fsimg_hex_chunk421 :
PrimString.string
FsImgRaw.fsimg_hex_chunk420 :
PrimString.string
FsImgRaw.fsimg_hex_chunk42 :
PrimString.string
FsImgRaw.fsimg_hex_chunk419 :
PrimString.string
FsImgRaw.fsimg_hex_chunk418 :
PrimString.string
FsImgRaw.fsimg_hex_chunk417 :
PrimString.string
FsImgRaw.fsimg_hex_chunk416 :
PrimString.string
FsImgRaw.fsimg_hex_chunk415 :
PrimString.string
FsImgRaw.fsimg_hex_chunk414 :
PrimString.string
FsImgRaw.fsimg_hex_chunk413 :
PrimString.string
FsImgRaw.fsimg_hex_chunk412 :
PrimString.string
FsImgRaw.fsimg_hex_chunk411 :
PrimString.string
FsImgRaw.fsimg_hex_chunk410 :
PrimString.string
FsImgRaw.fsimg_hex_chunk41 :
PrimString.string
FsImgRaw.fsimg_hex_chunk409 :
PrimString.string
FsImgRaw.fsimg_hex_chunk408 :
PrimString.string
FsImgRaw.fsimg_hex_chunk407 :
PrimString.string
FsImgRaw.fsimg_hex_chunk406 :
PrimString.string
FsImgRaw.fsimg_hex_chunk405 :
PrimString.string
FsImgRaw.fsimg_hex_chunk404 :
PrimString.string
FsImgRaw.fsimg_hex_chunk403 :
PrimString.string
FsImgRaw.fsimg_hex_chunk402 :
PrimString.string
FsImgRaw.fsimg_hex_chunk401 :
PrimString.string
FsImgRaw.fsimg_hex_chunk400 :
PrimString.string
FsImgRaw.fsimg_hex_chunk40 :
PrimString.string
FsImgRaw.fsimg_hex_chunk4 :
PrimString.string
FsImgRaw.fsimg_hex_chunk399 :
PrimString.string
FsImgRaw.fsimg_hex_chunk398 :
PrimString.string
FsImgRaw.fsimg_hex_chunk397 :
PrimString.string
FsImgRaw.fsimg_hex_chunk396 :
PrimString.string
FsImgRaw.fsimg_hex_chunk395 :
PrimString.string
FsImgRaw.fsimg_hex_chunk394 :
PrimString.string
FsImgRaw.fsimg_hex_chunk393 :
PrimString.string
FsImgRaw.fsimg_hex_chunk392 :
PrimString.string
FsImgRaw.fsimg_hex_chunk391 :
PrimString.string
FsImgRaw.fsimg_hex_chunk390 :
PrimString.string
FsImgRaw.fsimg_hex_chunk39 :
PrimString.string
FsImgRaw.fsimg_hex_chunk389 :
PrimString.string
FsImgRaw.fsimg_hex_chunk388 :
PrimString.string
FsImgRaw.fsimg_hex_chunk387 :
PrimString.string
FsImgRaw.fsimg_hex_chunk386 :
PrimString.string
FsImgRaw.fsimg_hex_chunk385 :
PrimString.string
FsImgRaw.fsimg_hex_chunk384 :
PrimString.string
FsImgRaw.fsimg_hex_chunk383 :
PrimString.string
FsImgRaw.fsimg_hex_chunk382 :
PrimString.string
FsImgRaw.fsimg_hex_chunk381 :
PrimString.string
FsImgRaw.fsimg_hex_chunk380 :
PrimString.string
FsImgRaw.fsimg_hex_chunk38 :
PrimString.string
FsImgRaw.fsimg_hex_chunk379 :
PrimString.string
FsImgRaw.fsimg_hex_chunk378 :
PrimString.string
FsImgRaw.fsimg_hex_chunk377 :
PrimString.string
FsImgRaw.fsimg_hex_chunk376 :
PrimString.string
FsImgRaw.fsimg_hex_chunk375 :
PrimString.string
FsImgRaw.fsimg_hex_chunk374 :
PrimString.string
FsImgRaw.fsimg_hex_chunk373 :
PrimString.string
FsImgRaw.fsimg_hex_chunk372 :
PrimString.string
FsImgRaw.fsimg_hex_chunk371 :
PrimString.string
FsImgRaw.fsimg_hex_chunk370 :
PrimString.string
FsImgRaw.fsimg_hex_chunk37 :
PrimString.string
FsImgRaw.fsimg_hex_chunk369 :
PrimString.string
FsImgRaw.fsimg_hex_chunk368 :
PrimString.string
FsImgRaw.fsimg_hex_chunk367 :
PrimString.string
FsImgRaw.fsimg_hex_chunk366 :
PrimString.string
FsImgRaw.fsimg_hex_chunk365 :
PrimString.string
FsImgRaw.fsimg_hex_chunk364 :
PrimString.string
FsImgRaw.fsimg_hex_chunk363 :
PrimString.string
FsImgRaw.fsimg_hex_chunk362 :
PrimString.string
FsImgRaw.fsimg_hex_chunk361 :
PrimString.string
FsImgRaw.fsimg_hex_chunk360 :
PrimString.string
FsImgRaw.fsimg_hex_chunk36 :
PrimString.string
FsImgRaw.fsimg_hex_chunk359 :
PrimString.string
FsImgRaw.fsimg_hex_chunk358 :
PrimString.string
FsImgRaw.fsimg_hex_chunk357 :
PrimString.string
FsImgRaw.fsimg_hex_chunk356 :
PrimString.string
FsImgRaw.fsimg_hex_chunk355 :
PrimString.string
FsImgRaw.fsimg_hex_chunk354 :
PrimString.string
FsImgRaw.fsimg_hex_chunk353 :
PrimString.string
FsImgRaw.fsimg_hex_chunk352 :
PrimString.string
FsImgRaw.fsimg_hex_chunk351 :
PrimString.string
FsImgRaw.fsimg_hex_chunk350 :
PrimString.string
FsImgRaw.fsimg_hex_chunk35 :
PrimString.string
FsImgRaw.fsimg_hex_chunk349 :
PrimString.string
FsImgRaw.fsimg_hex_chunk348 :
PrimString.string
FsImgRaw.fsimg_hex_chunk347 :
PrimString.string
FsImgRaw.fsimg_hex_chunk346 :
PrimString.string
FsImgRaw.fsimg_hex_chunk345 :
PrimString.string
FsImgRaw.fsimg_hex_chunk344 :
PrimString.string
FsImgRaw.fsimg_hex_chunk343 :
PrimString.string
FsImgRaw.fsimg_hex_chunk342 :
PrimString.string
FsImgRaw.fsimg_hex_chunk341 :
PrimString.string
FsImgRaw.fsimg_hex_chunk340 :
PrimString.string
FsImgRaw.fsimg_hex_chunk34 :
PrimString.string
FsImgRaw.fsimg_hex_chunk339 :
PrimString.string
FsImgRaw.fsimg_hex_chunk338 :
PrimString.string
FsImgRaw.fsimg_hex_chunk337 :
PrimString.string
FsImgRaw.fsimg_hex_chunk336 :
PrimString.string
FsImgRaw.fsimg_hex_chunk335 :
PrimString.string
FsImgRaw.fsimg_hex_chunk334 :
PrimString.string
FsImgRaw.fsimg_hex_chunk333 :
PrimString.string
FsImgRaw.fsimg_hex_chunk332 :
PrimString.string
FsImgRaw.fsimg_hex_chunk331 :
PrimString.string
FsImgRaw.fsimg_hex_chunk330 :
PrimString.string
FsImgRaw.fsimg_hex_chunk33 :
PrimString.string
FsImgRaw.fsimg_hex_chunk329 :
PrimString.string
FsImgRaw.fsimg_hex_chunk328 :
PrimString.string
FsImgRaw.fsimg_hex_chunk327 :
PrimString.string
FsImgRaw.fsimg_hex_chunk326 :
PrimString.string
FsImgRaw.fsimg_hex_chunk325 :
PrimString.string
FsImgRaw.fsimg_hex_chunk324 :
PrimString.string
FsImgRaw.fsimg_hex_chunk323 :
PrimString.string
FsImgRaw.fsimg_hex_chunk322 :
PrimString.string
FsImgRaw.fsimg_hex_chunk321 :
PrimString.string
FsImgRaw.fsimg_hex_chunk320 :
PrimString.string
FsImgRaw.fsimg_hex_chunk32 :
PrimString.string
FsImgRaw.fsimg_hex_chunk319 :
PrimString.string
FsImgRaw.fsimg_hex_chunk318 :
PrimString.string
FsImgRaw.fsimg_hex_chunk317 :
PrimString.string
FsImgRaw.fsimg_hex_chunk316 :
PrimString.string
FsImgRaw.fsimg_hex_chunk315 :
PrimString.string
FsImgRaw.fsimg_hex_chunk314 :
PrimString.string
FsImgRaw.fsimg_hex_chunk313 :
PrimString.string
FsImgRaw.fsimg_hex_chunk312 :
PrimString.string
FsImgRaw.fsimg_hex_chunk311 :
PrimString.string
FsImgRaw.fsimg_hex_chunk310 :
PrimString.string
FsImgRaw.fsimg_hex_chunk31 :
PrimString.string
FsImgRaw.fsimg_hex_chunk309 :
PrimString.string
FsImgRaw.fsimg_hex_chunk308 :
PrimString.string
FsImgRaw.fsimg_hex_chunk307 :
PrimString.string
FsImgRaw.fsimg_hex_chunk306 :
PrimString.string
FsImgRaw.fsimg_hex_chunk305 :
PrimString.string
FsImgRaw.fsimg_hex_chunk304 :
PrimString.string
FsImgRaw.fsimg_hex_chunk303 :
PrimString.string
FsImgRaw.fsimg_hex_chunk302 :
PrimString.string
FsImgRaw.fsimg_hex_chunk301 :
PrimString.string
FsImgRaw.fsimg_hex_chunk300 :
PrimString.string
FsImgRaw.fsimg_hex_chunk30 :
PrimString.string
FsImgRaw.fsimg_hex_chunk3 :
PrimString.string
FsImgRaw.fsimg_hex_chunk299 :
PrimString.string
FsImgRaw.fsimg_hex_chunk298 :
PrimString.string
FsImgRaw.fsimg_hex_chunk297 :
PrimString.string
FsImgRaw.fsimg_hex_chunk296 :
PrimString.string
FsImgRaw.fsimg_hex_chunk295 :
PrimString.string
FsImgRaw.fsimg_hex_chunk294 :
PrimString.string
FsImgRaw.fsimg_hex_chunk293 :
PrimString.string
FsImgRaw.fsimg_hex_chunk292 :
PrimString.string
FsImgRaw.fsimg_hex_chunk291 :
PrimString.string
FsImgRaw.fsimg_hex_chunk290 :
PrimString.string
FsImgRaw.fsimg_hex_chunk29 :
PrimString.string
FsImgRaw.fsimg_hex_chunk289 :
PrimString.string
FsImgRaw.fsimg_hex_chunk288 :
PrimString.string
FsImgRaw.fsimg_hex_chunk287 :
PrimString.string
FsImgRaw.fsimg_hex_chunk286 :
PrimString.string
FsImgRaw.fsimg_hex_chunk285 :
PrimString.string
FsImgRaw.fsimg_hex_chunk284 :
PrimString.string
FsImgRaw.fsimg_hex_chunk283 :
PrimString.string
FsImgRaw.fsimg_hex_chunk282 :
PrimString.string
FsImgRaw.fsimg_hex_chunk281 :
PrimString.string
FsImgRaw.fsimg_hex_chunk280 :
PrimString.string
FsImgRaw.fsimg_hex_chunk28 :
PrimString.string
FsImgRaw.fsimg_hex_chunk279 :
PrimString.string
FsImgRaw.fsimg_hex_chunk278 :
PrimString.string
FsImgRaw.fsimg_hex_chunk277 :
PrimString.string
FsImgRaw.fsimg_hex_chunk276 :
PrimString.string
FsImgRaw.fsimg_hex_chunk275 :
PrimString.string
FsImgRaw.fsimg_hex_chunk274 :
PrimString.string
FsImgRaw.fsimg_hex_chunk273 :
PrimString.string
FsImgRaw.fsimg_hex_chunk272 :
PrimString.string
FsImgRaw.fsimg_hex_chunk271 :
PrimString.string
FsImgRaw.fsimg_hex_chunk270 :
PrimString.string
FsImgRaw.fsimg_hex_chunk27 :
PrimString.string
FsImgRaw.fsimg_hex_chunk269 :
PrimString.string
FsImgRaw.fsimg_hex_chunk268 :
PrimString.string
FsImgRaw.fsimg_hex_chunk267 :
PrimString.string
FsImgRaw.fsimg_hex_chunk266 :
PrimString.string
FsImgRaw.fsimg_hex_chunk265 :
PrimString.string
FsImgRaw.fsimg_hex_chunk264 :
PrimString.string
FsImgRaw.fsimg_hex_chunk263 :
PrimString.string
FsImgRaw.fsimg_hex_chunk262 :
PrimString.string
FsImgRaw.fsimg_hex_chunk261 :
PrimString.string
FsImgRaw.fsimg_hex_chunk260 :
PrimString.string
FsImgRaw.fsimg_hex_chunk26 :
PrimString.string
FsImgRaw.fsimg_hex_chunk259 :
PrimString.string
FsImgRaw.fsimg_hex_chunk258 :
PrimString.string
FsImgRaw.fsimg_hex_chunk257 :
PrimString.string
FsImgRaw.fsimg_hex_chunk256 :
PrimString.string
FsImgRaw.fsimg_hex_chunk255 :
PrimString.string
FsImgRaw.fsimg_hex_chunk254 :
PrimString.string
FsImgRaw.fsimg_hex_chunk253 :
PrimString.string
FsImgRaw.fsimg_hex_chunk252 :
PrimString.string
FsImgRaw.fsimg_hex_chunk251 :
PrimString.string
FsImgRaw.fsimg_hex_chunk250 :
PrimString.string
FsImgRaw.fsimg_hex_chunk25 :
PrimString.string
FsImgRaw.fsimg_hex_chunk249 :
PrimString.string
FsImgRaw.fsimg_hex_chunk248 :
PrimString.string
FsImgRaw.fsimg_hex_chunk247 :
PrimString.string
FsImgRaw.fsimg_hex_chunk246 :
PrimString.string
FsImgRaw.fsimg_hex_chunk245 :
PrimString.string
FsImgRaw.fsimg_hex_chunk244 :
PrimString.string
FsImgRaw.fsimg_hex_chunk243 :
PrimString.string
FsImgRaw.fsimg_hex_chunk242 :
PrimString.string
FsImgRaw.fsimg_hex_chunk241 :
PrimString.string
FsImgRaw.fsimg_hex_chunk240 :
PrimString.string
FsImgRaw.fsimg_hex_chunk24 :
PrimString.string
FsImgRaw.fsimg_hex_chunk239 :
PrimString.string
FsImgRaw.fsimg_hex_chunk238 :
PrimString.string
FsImgRaw.fsimg_hex_chunk237 :
PrimString.string
FsImgRaw.fsimg_hex_chunk236 :
PrimString.string
FsImgRaw.fsimg_hex_chunk235 :
PrimString.string
FsImgRaw.fsimg_hex_chunk234 :
PrimString.string
FsImgRaw.fsimg_hex_chunk233 :
PrimString.string
FsImgRaw.fsimg_hex_chunk232 :
PrimString.string
FsImgRaw.fsimg_hex_chunk231 :
PrimString.string
FsImgRaw.fsimg_hex_chunk230 :
PrimString.string
FsImgRaw.fsimg_hex_chunk23 :
PrimString.string
FsImgRaw.fsimg_hex_chunk229 :
PrimString.string
FsImgRaw.fsimg_hex_chunk228 :
PrimString.string
FsImgRaw.fsimg_hex_chunk227 :
PrimString.string
FsImgRaw.fsimg_hex_chunk226 :
PrimString.string
FsImgRaw.fsimg_hex_chunk225 :
PrimString.string
FsImgRaw.fsimg_hex_chunk224 :
PrimString.string
FsImgRaw.fsimg_hex_chunk223 :
PrimString.string
FsImgRaw.fsimg_hex_chunk222 :
PrimString.string
FsImgRaw.fsimg_hex_chunk221 :
PrimString.string
FsImgRaw.fsimg_hex_chunk220 :
PrimString.string
FsImgRaw.fsimg_hex_chunk22 :
PrimString.string
FsImgRaw.fsimg_hex_chunk219 :
PrimString.string
FsImgRaw.fsimg_hex_chunk218 :
PrimString.string
FsImgRaw.fsimg_hex_chunk217 :
PrimString.string
FsImgRaw.fsimg_hex_chunk216 :
PrimString.string
FsImgRaw.fsimg_hex_chunk215 :
PrimString.string
FsImgRaw.fsimg_hex_chunk214 :
PrimString.string
FsImgRaw.fsimg_hex_chunk213 :
PrimString.string
FsImgRaw.fsimg_hex_chunk212 :
PrimString.string
FsImgRaw.fsimg_hex_chunk211 :
PrimString.string
FsImgRaw.fsimg_hex_chunk210 :
PrimString.string
FsImgRaw.fsimg_hex_chunk21 :
PrimString.string
FsImgRaw.fsimg_hex_chunk209 :
PrimString.string
FsImgRaw.fsimg_hex_chunk208 :
PrimString.string
FsImgRaw.fsimg_hex_chunk207 :
PrimString.string
FsImgRaw.fsimg_hex_chunk206 :
PrimString.string
FsImgRaw.fsimg_hex_chunk205 :
PrimString.string
FsImgRaw.fsimg_hex_chunk204 :
PrimString.string
FsImgRaw.fsimg_hex_chunk203 :
PrimString.string
FsImgRaw.fsimg_hex_chunk202 :
PrimString.string
FsImgRaw.fsimg_hex_chunk201 :
PrimString.string
FsImgRaw.fsimg_hex_chunk200 :
PrimString.string
FsImgRaw.fsimg_hex_chunk20 :
PrimString.string
FsImgRaw.fsimg_hex_chunk2 :
PrimString.string
FsImgRaw.fsimg_hex_chunk199 :
PrimString.string
FsImgRaw.fsimg_hex_chunk198 :
PrimString.string
FsImgRaw.fsimg_hex_chunk197 :
PrimString.string
FsImgRaw.fsimg_hex_chunk196 :
PrimString.string
FsImgRaw.fsimg_hex_chunk195 :
PrimString.string
FsImgRaw.fsimg_hex_chunk194 :
PrimString.string
FsImgRaw.fsimg_hex_chunk193 :
PrimString.string
FsImgRaw.fsimg_hex_chunk192 :
PrimString.string
FsImgRaw.fsimg_hex_chunk191 :
PrimString.string
FsImgRaw.fsimg_hex_chunk190 :
PrimString.string
FsImgRaw.fsimg_hex_chunk19 :
PrimString.string
FsImgRaw.fsimg_hex_chunk189 :
PrimString.string
FsImgRaw.fsimg_hex_chunk188 :
PrimString.string
FsImgRaw.fsimg_hex_chunk187 :
PrimString.string
FsImgRaw.fsimg_hex_chunk186 :
PrimString.string
FsImgRaw.fsimg_hex_chunk185 :
PrimString.string
FsImgRaw.fsimg_hex_chunk184 :
PrimString.string
FsImgRaw.fsimg_hex_chunk183 :
PrimString.string
FsImgRaw.fsimg_hex_chunk182 :
PrimString.string
FsImgRaw.fsimg_hex_chunk181 :
PrimString.string
FsImgRaw.fsimg_hex_chunk180 :
PrimString.string
FsImgRaw.fsimg_hex_chunk18 :
PrimString.string
FsImgRaw.fsimg_hex_chunk179 :
PrimString.string
FsImgRaw.fsimg_hex_chunk178 :
PrimString.string
FsImgRaw.fsimg_hex_chunk177 :
PrimString.string
FsImgRaw.fsimg_hex_chunk176 :
PrimString.string
FsImgRaw.fsimg_hex_chunk175 :
PrimString.string
FsImgRaw.fsimg_hex_chunk174 :
PrimString.string
FsImgRaw.fsimg_hex_chunk173 :
PrimString.string
FsImgRaw.fsimg_hex_chunk172 :
PrimString.string
FsImgRaw.fsimg_hex_chunk171 :
PrimString.string
FsImgRaw.fsimg_hex_chunk170 :
PrimString.string
FsImgRaw.fsimg_hex_chunk17 :
PrimString.string
FsImgRaw.fsimg_hex_chunk169 :
PrimString.string
FsImgRaw.fsimg_hex_chunk168 :
PrimString.string
FsImgRaw.fsimg_hex_chunk167 :
PrimString.string
FsImgRaw.fsimg_hex_chunk166 :
PrimString.string
FsImgRaw.fsimg_hex_chunk165 :
PrimString.string
FsImgRaw.fsimg_hex_chunk164 :
PrimString.string
FsImgRaw.fsimg_hex_chunk163 :
PrimString.string
FsImgRaw.fsimg_hex_chunk162 :
PrimString.string
FsImgRaw.fsimg_hex_chunk161 :
PrimString.string
FsImgRaw.fsimg_hex_chunk160 :
PrimString.string
FsImgRaw.fsimg_hex_chunk16 :
PrimString.string
FsImgRaw.fsimg_hex_chunk159 :
PrimString.string
FsImgRaw.fsimg_hex_chunk158 :
PrimString.string
FsImgRaw.fsimg_hex_chunk157 :
PrimString.string
FsImgRaw.fsimg_hex_chunk156 :
PrimString.string
FsImgRaw.fsimg_hex_chunk155 :
PrimString.string
FsImgRaw.fsimg_hex_chunk154 :
PrimString.string
FsImgRaw.fsimg_hex_chunk153 :
PrimString.string
FsImgRaw.fsimg_hex_chunk152 :
PrimString.string
FsImgRaw.fsimg_hex_chunk151 :
PrimString.string
FsImgRaw.fsimg_hex_chunk150 :
PrimString.string
FsImgRaw.fsimg_hex_chunk15 :
PrimString.string
FsImgRaw.fsimg_hex_chunk149 :
PrimString.string
FsImgRaw.fsimg_hex_chunk148 :
PrimString.string
FsImgRaw.fsimg_hex_chunk147 :
PrimString.string
FsImgRaw.fsimg_hex_chunk146 :
PrimString.string
FsImgRaw.fsimg_hex_chunk145 :
PrimString.string
FsImgRaw.fsimg_hex_chunk144 :
PrimString.string
FsImgRaw.fsimg_hex_chunk143 :
PrimString.string
FsImgRaw.fsimg_hex_chunk142 :
PrimString.string
FsImgRaw.fsimg_hex_chunk141 :
PrimString.string
FsImgRaw.fsimg_hex_chunk140 :
PrimString.string
FsImgRaw.fsimg_hex_chunk14 :
PrimString.string
FsImgRaw.fsimg_hex_chunk139 :
PrimString.string
FsImgRaw.fsimg_hex_chunk138 :
PrimString.string
FsImgRaw.fsimg_hex_chunk137 :
PrimString.string
FsImgRaw.fsimg_hex_chunk136 :
PrimString.string
FsImgRaw.fsimg_hex_chunk135 :
PrimString.string
FsImgRaw.fsimg_hex_chunk134 :
PrimString.string
FsImgRaw.fsimg_hex_chunk133 :
PrimString.string
FsImgRaw.fsimg_hex_chunk132 :
PrimString.string
FsImgRaw.fsimg_hex_chunk131 :
PrimString.string
FsImgRaw.fsimg_hex_chunk130 :
PrimString.string
FsImgRaw.fsimg_hex_chunk13 :
PrimString.string
FsImgRaw.fsimg_hex_chunk129 :
PrimString.string
FsImgRaw.fsimg_hex_chunk128 :
PrimString.string
FsImgRaw.fsimg_hex_chunk127 :
PrimString.string
FsImgRaw.fsimg_hex_chunk126 :
PrimString.string
FsImgRaw.fsimg_hex_chunk125 :
PrimString.string
FsImgRaw.fsimg_hex_chunk124 :
PrimString.string
FsImgRaw.fsimg_hex_chunk123 :
PrimString.string
FsImgRaw.fsimg_hex_chunk122 :
PrimString.string
FsImgRaw.fsimg_hex_chunk121 :
PrimString.string
FsImgRaw.fsimg_hex_chunk120 :
PrimString.string
FsImgRaw.fsimg_hex_chunk12 :
PrimString.string
FsImgRaw.fsimg_hex_chunk119 :
PrimString.string
FsImgRaw.fsimg_hex_chunk118 :
PrimString.string
FsImgRaw.fsimg_hex_chunk117 :
PrimString.string
FsImgRaw.fsimg_hex_chunk116 :
PrimString.string
FsImgRaw.fsimg_hex_chunk115 :
PrimString.string
FsImgRaw.fsimg_hex_chunk114 :
PrimString.string
FsImgRaw.fsimg_hex_chunk113 :
PrimString.string
FsImgRaw.fsimg_hex_chunk112 :
PrimString.string
FsImgRaw.fsimg_hex_chunk111 :
PrimString.string
FsImgRaw.fsimg_hex_chunk110 :
PrimString.string
FsImgRaw.fsimg_hex_chunk11 :
PrimString.string
FsImgRaw.fsimg_hex_chunk109 :
PrimString.string
FsImgRaw.fsimg_hex_chunk108 :
PrimString.string
FsImgRaw.fsimg_hex_chunk107 :
PrimString.string
FsImgRaw.fsimg_hex_chunk106 :
PrimString.string
FsImgRaw.fsimg_hex_chunk105 :
PrimString.string
FsImgRaw.fsimg_hex_chunk104 :
PrimString.string
FsImgRaw.fsimg_hex_chunk103 :
PrimString.string
FsImgRaw.fsimg_hex_chunk102 :
PrimString.string
FsImgRaw.fsimg_hex_chunk101 :
PrimString.string
FsImgRaw.fsimg_hex_chunk100 :
PrimString.string
FsImgRaw.fsimg_hex_chunk10 :
PrimString.string
FsImgRaw.fsimg_hex_chunk1 :
PrimString.string
FsImgRaw.fsimg_hex_chunk0 :
PrimString.string
FsImgRaw.fsimg_hex :
PrimString.string
FsImgDisk.fsimg_dk :
BinNums.Z -> definitions.bv (BinNums.Npos (BinNums.xO (BinNums.xO (BinNums.xO BinNums.xH))))
fsimg_cov :
gmap.gset BinNums.Z
LogDefs.fs_restrict :
(BinNums.Z -> list (definitions.bv (BinNums.Npos (BinNums.xO (BinNums.xO (BinNums.xO BinNums.xH)))))) -> gmap.gset BinNums.Z -> gmap.gmap BinNums.Z (list (definitions.bv (BinNums.Npos (BinNums.xO (BinNums.xO (BinNums.xO BinNums.xH))))))
FsCrash.fs_recovery :
(BinNums.Z -> list (definitions.bv (BinNums.Npos (BinNums.xO (BinNums.xO (BinNums.xO BinNums.xH)))))) -> gmap.gmap BinNums.Z (list (definitions.bv (BinNums.Npos (BinNums.xO (BinNums.xO (BinNums.xO BinNums.xH)))))) -> gmap.gset BinNums.Z -> BinNums.Z -> Prop
FsImg.fs_parse_sb :
(BinNums.Z -> list (definitions.bv (BinNums.Npos (BinNums.xO (BinNums.xO (BinNums.xO BinNums.xH)))))) -> option FsImg.fs_sb
FsImg.fs_le_at :
list (definitions.bv (BinNums.Npos (BinNums.xO (BinNums.xO (BinNums.xO BinNums.xH))))) -> nat -> nat -> BinNums.Z
LogDefs.fs_install_step :
(BinNums.Z -> list (definitions.bv (BinNums.Npos (BinNums.xO (BinNums.xO (BinNums.xO BinNums.xH)))))) ->
BinNums.Z -> list BinNums.Z -> nat -> gmap.gmap BinNums.Z (list (definitions.bv (BinNums.Npos (BinNums.xO (BinNums.xO (BinNums.xO BinNums.xH)))))) -> gmap.gmap BinNums.Z (list (definitions.bv (BinNums.Npos (BinNums.xO (BinNums.xO (BinNums.xO BinNums.xH))))))
LogDefs.fs_install :
(BinNums.Z -> list (definitions.bv (BinNums.Npos (BinNums.xO (BinNums.xO (BinNums.xO BinNums.xH)))))) ->
BinNums.Z -> list BinNums.Z -> gmap.gmap BinNums.Z (list (definitions.bv (BinNums.Npos (BinNums.xO (BinNums.xO (BinNums.xO BinNums.xH)))))) -> gmap.gmap BinNums.Z (list (definitions.bv (BinNums.Npos (BinNums.xO (BinNums.xO (BinNums.xO BinNums.xH))))))
LogDefs.fs_home_set :
gmap.gset BinNums.Z -> BinNums.Z -> gmap.gset BinNums.Z
FsCrash.fs_extent :
gmap.gset BinNums.Z -> BinNums.Z -> nat -> Prop
FsImg.fs_data_start :
FsImg.fs_sb -> BinNums.Z
fs_boot_pure :
gmap.gset BinNums.Z -> BinNums.Z -> (BinNums.Z -> definitions.bv (BinNums.Npos (BinNums.xO (BinNums.xO (BinNums.xO BinNums.xH))))) -> Prop
FsCrash.fs_blocks :
(BinNums.Z -> definitions.bv (BinNums.Npos (BinNums.xO (BinNums.xO (BinNums.xO BinNums.xH))))) -> BinNums.Z -> list (definitions.bv (BinNums.Npos (BinNums.xO (BinNums.xO (BinNums.xO BinNums.xH)))))
Xv6Cameras.fsLinkUR :
cmra.ucmra
Xv6Cameras.fsLinkElemUR :
cmra.ucmra
option.from_option :
forall A B : Type, (A -> B) -> B -> option A -> B
Values.foreach_Z_up' :
forall Vars : Type, BinNums.Z -> BinNums.Z -> BinNums.Z -> BinNums.Z -> nat -> Vars -> (BinNums.Z -> Vars -> Vars) -> Vars
Values.foreach_Z_up :
forall Vars : Type, BinNums.Z -> BinNums.Z -> BinNums.Z -> Vars -> (BinNums.Z -> Vars -> Vars) -> Vars
Values.foreach_Z_down' :
forall Vars : Type, BinNums.Z -> BinNums.Z -> BinNums.Z -> BinNums.Z -> nat -> Vars -> (BinNums.Z -> Vars -> Vars) -> Vars
Values.foreach_Z_down :
forall Vars : Type, BinNums.Z -> BinNums.Z -> BinNums.Z -> Vars -> (BinNums.Z -> Vars -> Vars) -> Vars
rv64d_types.Defs.foreach_ZM_up' :
forall E Vars : Type, BinNums.Z -> BinNums.Z -> BinNums.Z -> nat -> Vars -> (BinNums.Z -> Vars -> rv64d_types.Defs.monad E Vars) -> rv64d_types.Defs.monad E Vars
rv64d_types.Defs.foreach_ZM_up :
forall E Vars : Type, BinNums.Z -> BinNums.Z -> BinNums.Z -> Vars -> (BinNums.Z -> Vars -> rv64d_types.Defs.monad E Vars) -> rv64d_types.Defs.monad E Vars
RiscvLang.footprint :
rv64d_types.Arch.pa -> BinNums.N -> gmap.gset rv64d_types.Arch.pa
List.fold_right :
forall A B : Type, (B -> A -> A) -> A -> list B -> A
List.fold_left :
forall A B : Type, (A -> B -> A) -> list B -> A -> A
FsTree.fname_eq_dec :
base.RelDecision eq
FsTree.fname_countable :
countable.Countable FsTree.fname
FsTree.fname :
Set
FsStateInode.fn_type :
FsNode.fs_node -> BinNums.Z
FsDurSnap.fn_slot_inj :
FsNode.fs_node -> Prop
FsDurSnap.fn_slot :
FsNode.fs_node -> nat -> BinNums.Z
FsStateInode.fn_size :
FsNode.fs_node -> BinNums.Z
FsNode.fn_rec :
FsNode.fs_node -> DinodeEnc.dinode
FsDurSnap.fn_owns :
FsNode.fs_node -> BinNums.Z -> Prop
FsStateInode.fn_orphan :
FsNode.fs_node -> bool
FsStateInode.fn_nrec :
FsNode.fs_node -> nat
FsStateInode.fn_nlink :
FsNode.fs_node -> nat
FsStateInode.fn_naddr :
FsNode.fs_node -> nat -> BinNums.Z
FsStateInode.fn_mult :
FsNode.fs_node -> nat
FsStateInode.fn_ity_ok :
FsNode.fs_node -> Xv6Cameras.ity -> Prop
FsStateInode.fn_is_dir :
FsNode.fs_node -> bool
FsStateInode.fn_indb :
FsNode.fs_node -> BinNums.Z
FsNode.fn_ent :
FsNode.fs_node -> list (definitions.bv (BinNums.Npos (BinNums.xO (BinNums.xO (BinNums.xO (BinNums.xO (BinNums.xO BinNums.xH)))))))
FsStateInode.fn_dd :
FsNode.fs_node -> option BinNums.Z
FsStateInode.fn_data :
FsNode.fs_node -> nat -> list (definitions.bv (BinNums.Npos (BinNums.xO (BinNums.xO (BinNums.xO BinNums.xH)))))
FsNode.fn_blk :
FsNode.fs_node -> gmap.gmap nat (list (definitions.bv (BinNums.Npos (BinNums.xO (BinNums.xO (BinNums.xO BinNums.xH))))))
FsStateInode.fn_bare :
FsNode.fs_node -> Prop
base.fmap :
forall M : Type -> Type, base.FMap M -> forall A B : Type, (A -> B) -> M A -> M B
rv64d.flush_TLB_Entry :
rv64d_types.TLB_Entry ->
option
  (Values.mword
     (if BinInt.Z.eqb (BinNums.Zpos (BinNums.xO (BinNums.xO (BinNums.xO (BinNums.xO (BinNums.xO (BinNums.xO BinNums.xH))))))) (BinNums.Zpos (BinNums.xO (BinNums.xO (BinNums.xO (BinNums.xO (BinNums.xO BinNums.xH))))))
      then BinNums.Zpos (BinNums.xI (BinNums.xO (BinNums.xO BinNums.xH)))
      else BinNums.Zpos (BinNums.xO (BinNums.xO (BinNums.xO (BinNums.xO BinNums.xH)))))) ->
option (Values.mword (BinNums.Zpos (BinNums.xO (BinNums.xO (BinNums.xO (BinNums.xO (BinNums.xO (BinNums.xO BinNums.xH)))))))) -> bool
rv64d.flush_TLB :
option
  (Values.mword
     (if BinInt.Z.eqb (BinNums.Zpos (BinNums.xO (BinNums.xO (BinNums.xO (BinNums.xO (BinNums.xO (BinNums.xO BinNums.xH))))))) (BinNums.Zpos (BinNums.xO (BinNums.xO (BinNums.xO (BinNums.xO (BinNums.xO BinNums.xH))))))
      then BinNums.Zpos (BinNums.xI (BinNums.xO (BinNums.xO BinNums.xH)))
      else BinNums.Zpos (BinNums.xO (BinNums.xO (BinNums.xO (BinNums.xO BinNums.xH)))))) ->
option (Values.mword (BinNums.Zpos (BinNums.xO (BinNums.xO (BinNums.xO (BinNums.xO (BinNums.xO (BinNums.xO BinNums.xH)))))))) -> rv64d_types.M unit
Basics.flip :
forall A B C : Type, (A -> B -> C) -> B -> A -> C
rv64d.flen :
BinNums.Z
ListDef.firstn :
forall A : Type, nat -> list A -> list A
rv64d.findPendingInterrupt :
Values.mword (BinNums.Zpos (BinNums.xO (BinNums.xO (BinNums.xO (BinNums.xO (BinNums.xO (BinNums.xO BinNums.xH))))))) -> option rv64d_types.InterruptType
VarMap.find :
forall A : Type, A -> VarMap.t A -> BinNums.positive -> A
fin.fin_to_nat :
forall n : nat, Fin.t n -> nat
finite.fin_finite :
forall n : nat, finite.Finite (Fin.t n)
finite.fin_enum :
forall n : nat, list (Fin.t n)
fin.fin_dec :
forall n : nat, base.RelDecision eq
base.filter :
forall A B : Type, base.Filter A B -> forall P : A -> Prop, (forall x : A, base.Decision (P x)) -> B -> B
InodeDefs.file_byte :
(nat -> list (definitions.bv (BinNums.Npos (BinNums.xO (BinNums.xO (BinNums.xO BinNums.xH)))))) -> nat -> definitions.bv (BinNums.Npos (BinNums.xO (BinNums.xO (BinNums.xO BinNums.xH))))
rv64d.fetch_page_fault_writes_xtval :
bool
rv64d.fetch_guest_page_fault_writes_xtval :
bool
rv64d.fetch_bytes :
Values.mword (BinNums.Zpos (BinNums.xO (BinNums.xO (BinNums.xO (BinNums.xO (BinNums.xO (BinNums.xO BinNums.xH))))))) ->
Values.mword (BinNums.Zpos (BinNums.xO (BinNums.xO (BinNums.xO (BinNums.xO (BinNums.xO (BinNums.xO BinNums.xH))))))) -> forall width : BinNums.Z, rv64d_types.M (rv64d_types.FetchBytes_Result width)
rv64d.fetch_access_fault_writes_xtval :
bool
rv64d.fetch :
unit -> rv64d_types.M rv64d_types.FetchResult
TsoMemPa.fence_post :
nat -> list TsoMemPa.pwmsg -> bool -> nat -> nat
RiscvLang.fence_drains :
rv64d_types.barrier_kind -> bool
rv64d.fence_bits_forwards :
Values.mword (BinNums.Zpos (BinNums.xO (BinNums.xO BinNums.xH))) -> String.string
rv64d.feature_enabled_for_priv_bool :
rv64d_types.Privilege -> Values.mword (BinNums.Zpos BinNums.xH) -> Values.mword (BinNums.Zpos BinNums.xH) -> Values.mword (BinNums.Zpos BinNums.xH) -> rv64d_types.M bool
rv64d.feature_enabled_for_priv :
rv64d_types.Privilege -> Values.mword (BinNums.Zpos BinNums.xH) -> Values.mword (BinNums.Zpos BinNums.xH) -> Values.mword (BinNums.Zpos BinNums.xH) -> rv64d_types.M rv64d_types.FeatureEnabledResult
rv64d_types.Arch.fault :
Type
rv64d_types.Defs.fail :
forall A E : Type, String.string -> rv64d_types.Defs.monad E A
f_equal_nat :
forall (B : Type) (f : nat -> B) (x y : nat), x = y -> f x = f y
f_equal :
forall (A B : Type) (f : A -> B) (x y : A), x = y -> f x = f y
Operators_mwords.extz_vec :
forall a b : BinNums.Z, BinNums.Z -> Values.mword a -> Values.mword b
Operators_mwords.exts_vec :
forall a b : BinNums.Z, BinNums.Z -> Values.mword a -> Values.mword b
Znumtheory.extgcd_rec :
forall a b r1 u1 v1 r2 u2 v2 : BinNums.Z,
(True -> BinInt.Z.le BinNums.Z0 r1 /\ BinInt.Z.le BinNums.Z0 r2 /\ r1 = BinInt.Z.add (BinInt.Z.mul u1 a) (BinInt.Z.mul v1 b) /\ r2 = BinInt.Z.add (BinInt.Z.mul u2 a) (BinInt.Z.mul v2 b) /\ BinInt.Z.gcd r1 r2 = BinInt.Z.gcd a b) ->
{'(u, v, d) : BinNums.Z * BinNums.Z * BinNums.Z | True -> BinInt.Z.add (BinInt.Z.mul u a) (BinInt.Z.mul v b) = d /\ d = BinInt.Z.gcd a b}
Znumtheory.extgcd :
BinNums.Z -> BinNums.Z -> BinNums.Z * BinNums.Z * BinNums.Z
rv64d.external_interrupts_pending :
unit -> rv64d_types.M (Values.mword (BinNums.Zpos (BinNums.xO (BinNums.xO (BinNums.xO (BinNums.xO (BinNums.xO (BinNums.xO BinNums.xH))))))))
rv64d.extend_value :
forall n : BinNums.Z, bool -> Values.mword n -> Values.mword (BinNums.Zpos (BinNums.xO (BinNums.xO (BinNums.xO (BinNums.xO (BinNums.xO (BinNums.xO BinNums.xH)))))))
rv64d.ext_veto_disable_C :
unit -> bool
rv64d.ext_translate_exception :
unit -> unit
rv64d.ext_reset :
unit -> unit
rv64d_types.ext_ptw_fail :
Type
rv64d_types.ext_ptw_error :
Type
rv64d_types.ext_ptw :
Type
rv64d.ext_handle_fetch_check_error :
unit -> unit
rv64d.ext_handle_data_check_error :
unit -> unit
rv64d.ext_handle_control_check_error :
unit -> unit
rv64d.ext_get_ptw_error :
rv64d_types.pte_check_failure -> rv64d_types.PTW_Error
rv64d.ext_fetch_hook :
rv64d_types.FetchResult -> rv64d_types.FetchResult
rv64d.ext_fetch_check_pc :
Values.mword (BinNums.Zpos (BinNums.xO (BinNums.xO (BinNums.xO (BinNums.xO (BinNums.xO (BinNums.xO BinNums.xH))))))) -> Values.mword (BinNums.Zpos (BinNums.xO (BinNums.xO (BinNums.xO (BinNums.xO (BinNums.xO (BinNums.xO BinNums.xH))))))) -> option unit
rv64d_types.ext_fetch_addr_error :
Type
rv64d.ext_fail_xret_priv :
unit -> unit
rv64d_types.ext_exception :
Type
rv64d.ext_exc_type_to_str :
unit -> String.string
rv64d.ext_exc_type_bits_forwards :
unit -> Values.mword (BinNums.Zpos (BinNums.xO (BinNums.xI BinNums.xH)))
rv64d_types.ext_exc_type :
Type
rv64d.ext_decode_compressed :
Values.mword (BinNums.Zpos (BinNums.xO (BinNums.xO (BinNums.xO (BinNums.xO BinNums.xH))))) -> rv64d_types.M rv64d_types.instruction
rv64d.ext_decode :
Values.mword (BinNums.Zpos (BinNums.xO (BinNums.xO (BinNums.xO (BinNums.xO (BinNums.xO BinNums.xH)))))) -> rv64d_types.M rv64d_types.instruction
rv64d.ext_data_get_addr :
rv64d_types.regidx -> Values.mword (BinNums.Zpos (BinNums.xO (BinNums.xO (BinNums.xO (BinNums.xO (BinNums.xO (BinNums.xO BinNums.xH))))))) -> rv64d_types.MemoryAccessType rv64d_types.mem_payload -> BinNums.Z -> rv64d_types.M (rv64d_types.Ext_DataAddr_Check unit)
rv64d_types.ext_data_addr_error :
Type
rv64d.ext_control_check_pc :
Values.mword (BinNums.Zpos (BinNums.xO (BinNums.xO (BinNums.xO (BinNums.xO (BinNums.xO (BinNums.xO BinNums.xH))))))) -> option unit
rv64d_types.ext_control_addr_error :
Type
rv64d.ext_check_xret_priv :
rv64d_types.Privilege -> bool
rv64d.ext_check_CSR_fail :
unit -> unit
rv64d.ext_check_CSR :
Values.mword (BinNums.Zpos (BinNums.xO (BinNums.xO (BinNums.xI BinNums.xH)))) -> rv64d_types.Privilege -> rv64d_types.CSRAccessType -> bool
rv64d.ext_bits_of_PTE :
forall pte_size : BinNums.Z, Values.mword pte_size -> Values.mword (BinNums.Zpos (BinNums.xO (BinNums.xI (BinNums.xO BinNums.xH))))
rv64d.extStatus_map_forwards :
rv64d_types.ExtStatus -> Values.mword (BinNums.Zpos (BinNums.xO BinNums.xH))
rv64d.extStatus_map_backwards :
Values.mword (BinNums.Zpos (BinNums.xO BinNums.xH)) -> rv64d_types.ExtStatus
language.expr :
language.language -> Type
rv64d_types.Defs.exit :
forall A E : Type, unit -> rv64d_types.Defs.monad E A
List.existsb :
forall A : Type, (A -> bool) -> list A -> bool
rv64d.execute_ZIMOP_MOP_RR :
Values.mword (BinNums.Zpos (BinNums.xI BinNums.xH)) -> rv64d_types.regidx -> rv64d_types.regidx -> rv64d_types.regidx -> rv64d_types.M rv64d_types.ExecutionResult
rv64d.execute_ZIMOP_MOP_R :
Values.mword (BinNums.Zpos (BinNums.xI (BinNums.xO BinNums.xH))) -> rv64d_types.regidx -> rv64d_types.regidx -> rv64d_types.M rv64d_types.ExecutionResult
rv64d.execute_ZICOND_RTYPE :
rv64d_types.regidx -> rv64d_types.regidx -> rv64d_types.regidx -> rv64d_types.zicondop -> rv64d_types.M rv64d_types.ExecutionResult
rv64d.execute_ZICBOZ :
rv64d_types.regidx -> rv64d_types.M rv64d_types.ExecutionResult
rv64d.execute_ZICBOP :
rv64d_types.cbop_zicbop -> rv64d_types.regidx -> Values.mword (BinNums.Zpos (BinNums.xO (BinNums.xO (BinNums.xI BinNums.xH)))) -> rv64d_types.M rv64d_types.ExecutionResult
rv64d.execute_ZICBOM :
rv64d_types.cbop_zicbom -> rv64d_types.regidx -> rv64d_types.M rv64d_types.ExecutionResult
rv64d.execute_ZCMOP :
Values.mword (BinNums.Zpos (BinNums.xI BinNums.xH)) -> rv64d_types.ExecutionResult
rv64d.execute_ZBS_RTYPE :
rv64d_types.regidx -> rv64d_types.regidx -> rv64d_types.regidx -> rv64d_types.brop_zbs -> rv64d_types.M rv64d_types.ExecutionResult
rv64d.execute_ZBS_IOP :
Values.mword (BinNums.Zpos (BinNums.xO (BinNums.xI BinNums.xH))) -> rv64d_types.regidx -> rv64d_types.regidx -> rv64d_types.biop_zbs -> rv64d_types.M rv64d_types.ExecutionResult
rv64d.execute_ZBB_RTYPEW :
rv64d_types.regidx -> rv64d_types.regidx -> rv64d_types.regidx -> rv64d_types.bropw_zbb -> rv64d_types.M rv64d_types.ExecutionResult
rv64d.execute_ZBB_RTYPE :
rv64d_types.regidx -> rv64d_types.regidx -> rv64d_types.regidx -> rv64d_types.brop_zbb -> rv64d_types.M rv64d_types.ExecutionResult
rv64d.execute_ZBB_EXTOP :
rv64d_types.regidx -> rv64d_types.regidx -> rv64d_types.extop_zbb -> rv64d_types.M rv64d_types.ExecutionResult
rv64d.execute_ZBA_RTYPEUW :
rv64d_types.regidx -> rv64d_types.regidx -> rv64d_types.regidx -> Values.mword (BinNums.Zpos (BinNums.xO BinNums.xH)) -> rv64d_types.M rv64d_types.ExecutionResult
rv64d.execute_ZBA_RTYPE :
rv64d_types.regidx -> rv64d_types.regidx -> rv64d_types.regidx -> Values.mword (BinNums.Zpos (BinNums.xO BinNums.xH)) -> rv64d_types.M rv64d_types.ExecutionResult
rv64d.execute_WRS :
rv64d_types.wrsop -> rv64d_types.ExecutionResult
rv64d.execute_WFI :
unit -> rv64d_types.M rv64d_types.ExecutionResult
rv64d.execute_UTYPE :
Values.mword (BinNums.Zpos (BinNums.xO (BinNums.xO (BinNums.xI (BinNums.xO BinNums.xH))))) -> rv64d_types.regidx -> rv64d_types.uop -> rv64d_types.M rv64d_types.ExecutionResult
rv64d.execute_STORECON :
bool -> bool -> rv64d_types.regidx -> rv64d_types.regidx -> BinNums.Z -> rv64d_types.regidx -> rv64d_types.M rv64d_types.ExecutionResult
rv64d.execute_STORE :
Values.mword (BinNums.Zpos (BinNums.xO (BinNums.xO (BinNums.xI BinNums.xH)))) -> rv64d_types.regidx -> rv64d_types.regidx -> BinNums.Z -> rv64d_types.M rv64d_types.ExecutionResult
rv64d.execute_SSRDP :
rv64d_types.regidx -> rv64d_types.M rv64d_types.ExecutionResult
rv64d.execute_SSPUSH :
rv64d_types.regidx -> rv64d_types.M rv64d_types.ExecutionResult
rv64d.execute_SSPOPCHK :
rv64d_types.regidx -> rv64d_types.M rv64d_types.ExecutionResult
rv64d.execute_SSAMOSWAP :
bool -> bool -> rv64d_types.regidx -> rv64d_types.regidx -> BinNums.Z -> rv64d_types.regidx -> rv64d_types.M rv64d_types.ExecutionResult
rv64d.execute_SRET :
unit -> rv64d_types.M rv64d_types.ExecutionResult
rv64d.execute_SLLIUW :
Values.mword (BinNums.Zpos (BinNums.xO (BinNums.xI BinNums.xH))) -> rv64d_types.regidx -> rv64d_types.regidx -> rv64d_types.M rv64d_types.ExecutionResult
rv64d.execute_SINVAL_VMA :
rv64d_types.regidx -> rv64d_types.regidx -> rv64d_types.ExecutionResult
rv64d.execute_SHIFTIWOP :
Values.mword (BinNums.Zpos (BinNums.xI (BinNums.xO BinNums.xH))) -> rv64d_types.regidx -> rv64d_types.regidx -> rv64d_types.sopw -> rv64d_types.M rv64d_types.ExecutionResult
rv64d.execute_SHIFTIOP :
Values.mword (BinNums.Zpos (BinNums.xO (BinNums.xI BinNums.xH))) -> rv64d_types.regidx -> rv64d_types.regidx -> rv64d_types.sop -> rv64d_types.M rv64d_types.ExecutionResult
rv64d.execute_SFENCE_W_INVAL :
unit -> rv64d_types.M rv64d_types.ExecutionResult
rv64d.execute_SFENCE_VMA :
rv64d_types.regidx -> rv64d_types.regidx -> rv64d_types.M rv64d_types.ExecutionResult
rv64d.execute_SFENCE_INVAL_IR :
unit -> rv64d_types.M rv64d_types.ExecutionResult
rv64d.execute_RTYPEW :
rv64d_types.regidx -> rv64d_types.regidx -> rv64d_types.regidx -> rv64d_types.ropw -> rv64d_types.M rv64d_types.ExecutionResult
rv64d.execute_RTYPE :
rv64d_types.regidx -> rv64d_types.regidx -> rv64d_types.regidx -> rv64d_types.rop -> rv64d_types.M rv64d_types.ExecutionResult
rv64d.execute_RORIW :
Values.mword (BinNums.Zpos (BinNums.xI (BinNums.xO BinNums.xH))) -> rv64d_types.regidx -> rv64d_types.regidx -> rv64d_types.M rv64d_types.ExecutionResult
rv64d.execute_RORI :
Values.mword (BinNums.Zpos (BinNums.xO (BinNums.xI BinNums.xH))) -> rv64d_types.regidx -> rv64d_types.regidx -> rv64d_types.M rv64d_types.ExecutionResult
rv64d.execute_REV8 :
rv64d_types.regidx -> rv64d_types.regidx -> rv64d_types.M rv64d_types.ExecutionResult
rv64d.execute_REMW :
rv64d_types.regidx -> rv64d_types.regidx -> rv64d_types.regidx -> bool -> rv64d_types.M rv64d_types.ExecutionResult
rv64d.execute_REM :
rv64d_types.regidx -> rv64d_types.regidx -> rv64d_types.regidx -> bool -> rv64d_types.M rv64d_types.ExecutionResult
rv64d.execute_PAUSE :
unit -> rv64d_types.ExecutionResult
rv64d.execute_ORCB :
rv64d_types.regidx -> rv64d_types.regidx -> rv64d_types.M rv64d_types.ExecutionResult
rv64d.execute_NTL :
rv64d_types.ntl_type -> rv64d_types.ExecutionResult
rv64d.execute_MULW :
rv64d_types.regidx -> rv64d_types.regidx -> rv64d_types.regidx -> rv64d_types.M rv64d_types.ExecutionResult
rv64d.execute_MUL :
rv64d_types.regidx -> rv64d_types.regidx -> rv64d_types.regidx -> rv64d_types.mul_op -> rv64d_types.M rv64d_types.ExecutionResult
rv64d.execute_MRET :
unit -> rv64d_types.M rv64d_types.ExecutionResult
rv64d.execute_LPAD :
Values.mword (BinNums.Zpos (BinNums.xO (BinNums.xO (BinNums.xI (BinNums.xO BinNums.xH))))) -> rv64d_types.M rv64d_types.ExecutionResult
rv64d.execute_LOADRES :
bool -> bool -> rv64d_types.regidx -> BinNums.Z -> rv64d_types.regidx -> rv64d_types.M rv64d_types.ExecutionResult
rv64d.execute_LOAD :
Values.mword (BinNums.Zpos (BinNums.xO (BinNums.xO (BinNums.xI BinNums.xH)))) -> rv64d_types.regidx -> rv64d_types.regidx -> bool -> BinNums.Z -> rv64d_types.M rv64d_types.ExecutionResult
rv64d.execute_JALR :
Values.mword (BinNums.Zpos (BinNums.xO (BinNums.xO (BinNums.xI BinNums.xH)))) -> rv64d_types.regidx -> rv64d_types.regidx -> rv64d_types.M rv64d_types.ExecutionResult
rv64d.execute_JAL :
Values.mword (BinNums.Zpos (BinNums.xI (BinNums.xO (BinNums.xI (BinNums.xO BinNums.xH))))) -> rv64d_types.regidx -> rv64d_types.M rv64d_types.ExecutionResult
rv64d.execute_ITYPE :
Values.mword (BinNums.Zpos (BinNums.xO (BinNums.xO (BinNums.xI BinNums.xH)))) -> rv64d_types.regidx -> rv64d_types.regidx -> rv64d_types.iop -> rv64d_types.M rv64d_types.ExecutionResult
rv64d.execute_ILLEGAL :
Values.mword (BinNums.Zpos (BinNums.xO (BinNums.xO (BinNums.xO (BinNums.xO (BinNums.xO BinNums.xH)))))) -> rv64d_types.ExecutionResult
rv64d.execute_FENCE_TSO :
unit -> rv64d_types.M rv64d_types.ExecutionResult
rv64d.execute_FENCEI :
Values.mword (BinNums.Zpos (BinNums.xO (BinNums.xO (BinNums.xI BinNums.xH)))) -> rv64d_types.regidx -> rv64d_types.regidx -> rv64d_types.M rv64d_types.ExecutionResult
rv64d.execute_FENCE :
Values.mword (BinNums.Zpos (BinNums.xO (BinNums.xO BinNums.xH))) -> Values.mword (BinNums.Zpos (BinNums.xO (BinNums.xO BinNums.xH))) -> Values.mword (BinNums.Zpos (BinNums.xO (BinNums.xO BinNums.xH))) -> rv64d_types.regidx -> rv64d_types.regidx -> rv64d_types.M rv64d_types.ExecutionResult
rv64d.execute_ECALL :
unit -> rv64d_types.M rv64d_types.ExecutionResult
rv64d.execute_EBREAK :
unit -> rv64d_types.M rv64d_types.ExecutionResult
rv64d.execute_DIVW :
rv64d_types.regidx -> rv64d_types.regidx -> rv64d_types.regidx -> bool -> rv64d_types.M rv64d_types.ExecutionResult
rv64d.execute_DIV :
rv64d_types.regidx -> rv64d_types.regidx -> rv64d_types.regidx -> bool -> rv64d_types.M rv64d_types.ExecutionResult
rv64d.execute_C_ZEXT_W :
rv64d_types.cregidx -> rv64d_types.ExecutionResult
rv64d.execute_C_ZEXT_H :
rv64d_types.cregidx -> rv64d_types.ExecutionResult
rv64d.execute_C_ZEXT_B :
rv64d_types.cregidx -> rv64d_types.M rv64d_types.ExecutionResult
rv64d.execute_C_XOR :
rv64d_types.cregidx -> rv64d_types.cregidx -> rv64d_types.ExecutionResult
rv64d.execute_C_SWSP :
Values.mword (BinNums.Zpos (BinNums.xO (BinNums.xI BinNums.xH))) -> rv64d_types.regidx -> rv64d_types.ExecutionResult
rv64d.execute_C_SW :
Values.mword (BinNums.Zpos (BinNums.xI (BinNums.xO BinNums.xH))) -> rv64d_types.cregidx -> rv64d_types.cregidx -> rv64d_types.ExecutionResult
rv64d.execute_C_SUBW :
rv64d_types.cregidx -> rv64d_types.cregidx -> rv64d_types.ExecutionResult
rv64d.execute_C_SUB :
rv64d_types.cregidx -> rv64d_types.cregidx -> rv64d_types.ExecutionResult
rv64d.execute_C_SSPUSH :
unit -> rv64d_types.ExecutionResult
rv64d.execute_C_SSPOPCHK :
unit -> rv64d_types.ExecutionResult
rv64d.execute_C_SRLI :
Values.mword (BinNums.Zpos (BinNums.xO (BinNums.xI BinNums.xH))) -> rv64d_types.cregidx -> rv64d_types.ExecutionResult
rv64d.execute_C_SRAI :
Values.mword (BinNums.Zpos (BinNums.xO (BinNums.xI BinNums.xH))) -> rv64d_types.cregidx -> rv64d_types.ExecutionResult
rv64d.execute_C_SLLI :
Values.mword (BinNums.Zpos (BinNums.xO (BinNums.xI BinNums.xH))) -> rv64d_types.regidx -> rv64d_types.ExecutionResult
rv64d.execute_C_SH :
Values.mword (BinNums.Zpos (BinNums.xO BinNums.xH)) -> rv64d_types.cregidx -> rv64d_types.cregidx -> rv64d_types.ExecutionResult
rv64d.execute_C_SEXT_H :
rv64d_types.cregidx -> rv64d_types.ExecutionResult
rv64d.execute_C_SEXT_B :
rv64d_types.cregidx -> rv64d_types.ExecutionResult
rv64d.execute_C_SDSP :
Values.mword (BinNums.Zpos (BinNums.xO (BinNums.xI BinNums.xH))) -> rv64d_types.regidx -> rv64d_types.ExecutionResult
rv64d.execute_C_SD :
Values.mword (BinNums.Zpos (BinNums.xI (BinNums.xO BinNums.xH))) -> rv64d_types.cregidx -> rv64d_types.cregidx -> rv64d_types.ExecutionResult
rv64d.execute_C_SB :
Values.mword (BinNums.Zpos (BinNums.xO BinNums.xH)) -> rv64d_types.cregidx -> rv64d_types.cregidx -> rv64d_types.ExecutionResult
rv64d.execute_C_OR :
rv64d_types.cregidx -> rv64d_types.cregidx -> rv64d_types.ExecutionResult
rv64d.execute_C_NTL :
rv64d_types.ntl_type -> rv64d_types.ExecutionResult
rv64d.execute_C_NOT :
rv64d_types.cregidx -> rv64d_types.M rv64d_types.ExecutionResult
rv64d.execute_C_NOP :
Values.mword (BinNums.Zpos (BinNums.xO (BinNums.xI BinNums.xH))) -> rv64d_types.ExecutionResult
rv64d.execute_C_MV :
rv64d_types.regidx -> rv64d_types.regidx -> rv64d_types.ExecutionResult
rv64d.execute_C_MUL :
rv64d_types.cregidx -> rv64d_types.cregidx -> rv64d_types.ExecutionResult
rv64d.execute_C_LWSP :
Values.mword (BinNums.Zpos (BinNums.xO (BinNums.xI BinNums.xH))) -> rv64d_types.regidx -> rv64d_types.ExecutionResult
rv64d.execute_C_LW :
Values.mword (BinNums.Zpos (BinNums.xI (BinNums.xO BinNums.xH))) -> rv64d_types.cregidx -> rv64d_types.cregidx -> rv64d_types.ExecutionResult
rv64d.execute_C_LUI :
Values.mword (BinNums.Zpos (BinNums.xO (BinNums.xI BinNums.xH))) -> rv64d_types.regidx -> rv64d_types.ExecutionResult
rv64d.execute_C_LI :
Values.mword (BinNums.Zpos (BinNums.xO (BinNums.xI BinNums.xH))) -> rv64d_types.regidx -> rv64d_types.ExecutionResult
rv64d.execute_C_LHU :
Values.mword (BinNums.Zpos (BinNums.xO BinNums.xH)) -> rv64d_types.cregidx -> rv64d_types.cregidx -> rv64d_types.ExecutionResult
rv64d.execute_C_LH :
Values.mword (BinNums.Zpos (BinNums.xO BinNums.xH)) -> rv64d_types.cregidx -> rv64d_types.cregidx -> rv64d_types.ExecutionResult
rv64d.execute_C_LDSP :
Values.mword (BinNums.Zpos (BinNums.xO (BinNums.xI BinNums.xH))) -> rv64d_types.regidx -> rv64d_types.ExecutionResult
rv64d.execute_C_LD :
Values.mword (BinNums.Zpos (BinNums.xI (BinNums.xO BinNums.xH))) -> rv64d_types.cregidx -> rv64d_types.cregidx -> rv64d_types.ExecutionResult
rv64d.execute_C_LBU :
Values.mword (BinNums.Zpos (BinNums.xO BinNums.xH)) -> rv64d_types.cregidx -> rv64d_types.cregidx -> rv64d_types.ExecutionResult
rv64d.execute_C_JR :
rv64d_types.regidx -> rv64d_types.ExecutionResult
rv64d.execute_C_JALR :
rv64d_types.regidx -> rv64d_types.ExecutionResult
rv64d.execute_C_JAL :
Values.mword (BinNums.Zpos (BinNums.xI (BinNums.xI (BinNums.xO BinNums.xH)))) -> rv64d_types.ExecutionResult
rv64d.execute_C_J :
Values.mword (BinNums.Zpos (BinNums.xI (BinNums.xI (BinNums.xO BinNums.xH)))) -> rv64d_types.ExecutionResult
rv64d.execute_C_ILLEGAL :
Values.mword (BinNums.Zpos (BinNums.xO (BinNums.xO (BinNums.xO (BinNums.xO BinNums.xH))))) -> rv64d_types.ExecutionResult
rv64d.execute_C_EBREAK :
unit -> rv64d_types.ExecutionResult
rv64d.execute_C_BNEZ :
Values.mword (BinNums.Zpos (BinNums.xO (BinNums.xO (BinNums.xO BinNums.xH)))) -> rv64d_types.cregidx -> rv64d_types.ExecutionResult
rv64d.execute_C_BEQZ :
Values.mword (BinNums.Zpos (BinNums.xO (BinNums.xO (BinNums.xO BinNums.xH)))) -> rv64d_types.cregidx -> rv64d_types.ExecutionResult
rv64d.execute_C_ANDI :
Values.mword (BinNums.Zpos (BinNums.xO (BinNums.xI BinNums.xH))) -> rv64d_types.cregidx -> rv64d_types.ExecutionResult
rv64d.execute_C_AND :
rv64d_types.cregidx -> rv64d_types.cregidx -> rv64d_types.ExecutionResult
rv64d.execute_C_ADDW :
rv64d_types.cregidx -> rv64d_types.cregidx -> rv64d_types.ExecutionResult
rv64d.execute_C_ADDIW :
Values.mword (BinNums.Zpos (BinNums.xO (BinNums.xI BinNums.xH))) -> rv64d_types.regidx -> rv64d_types.ExecutionResult
rv64d.execute_C_ADDI4SPN :
rv64d_types.cregidx -> Values.mword (BinNums.Zpos (BinNums.xO (BinNums.xO (BinNums.xO BinNums.xH)))) -> rv64d_types.ExecutionResult
rv64d.execute_C_ADDI16SP :
Values.mword (BinNums.Zpos (BinNums.xO (BinNums.xI BinNums.xH))) -> rv64d_types.ExecutionResult
rv64d.execute_C_ADDI :
Values.mword (BinNums.Zpos (BinNums.xO (BinNums.xI BinNums.xH))) -> rv64d_types.regidx -> rv64d_types.ExecutionResult
rv64d.execute_C_ADD :
rv64d_types.regidx -> rv64d_types.regidx -> rv64d_types.ExecutionResult
rv64d.execute_CTZW :
rv64d_types.regidx -> rv64d_types.regidx -> rv64d_types.M rv64d_types.ExecutionResult
rv64d.execute_CTZ :
rv64d_types.regidx -> rv64d_types.regidx -> rv64d_types.M rv64d_types.ExecutionResult
rv64d.execute_CSRReg :
Values.mword (BinNums.Zpos (BinNums.xO (BinNums.xO (BinNums.xI BinNums.xH)))) -> rv64d_types.regidx -> rv64d_types.regidx -> rv64d_types.csrop -> rv64d_types.M rv64d_types.ExecutionResult
rv64d.execute_CSRImm :
Values.mword (BinNums.Zpos (BinNums.xO (BinNums.xO (BinNums.xI BinNums.xH)))) -> Values.mword (BinNums.Zpos (BinNums.xI (BinNums.xO BinNums.xH))) -> rv64d_types.regidx -> rv64d_types.csrop -> rv64d_types.M rv64d_types.ExecutionResult
rv64d.execute_CPOPW :
rv64d_types.regidx -> rv64d_types.regidx -> rv64d_types.M rv64d_types.ExecutionResult
rv64d.execute_CPOP :
rv64d_types.regidx -> rv64d_types.regidx -> rv64d_types.M rv64d_types.ExecutionResult
rv64d.execute_CLZW :
rv64d_types.regidx -> rv64d_types.regidx -> rv64d_types.M rv64d_types.ExecutionResult
rv64d.execute_CLZ :
rv64d_types.regidx -> rv64d_types.regidx -> rv64d_types.M rv64d_types.ExecutionResult
rv64d.execute_CLMULR :
rv64d_types.regidx -> rv64d_types.regidx -> rv64d_types.regidx -> rv64d_types.M rv64d_types.ExecutionResult
rv64d.execute_CLMULH :
rv64d_types.regidx -> rv64d_types.regidx -> rv64d_types.regidx -> rv64d_types.M rv64d_types.ExecutionResult
rv64d.execute_CLMUL :
rv64d_types.regidx -> rv64d_types.regidx -> rv64d_types.regidx -> rv64d_types.M rv64d_types.ExecutionResult
rv64d.execute_BTYPE :
Values.mword (BinNums.Zpos (BinNums.xI (BinNums.xO (BinNums.xI BinNums.xH)))) -> rv64d_types.regidx -> rv64d_types.regidx -> rv64d_types.bop -> rv64d_types.M rv64d_types.ExecutionResult
rv64d.execute_AMO :
rv64d_types.amoop -> bool -> bool -> rv64d_types.regidx -> rv64d_types.regidx -> BinNums.Z -> rv64d_types.regidx -> rv64d_types.M rv64d_types.ExecutionResult
rv64d.execute_ADDIW :
Values.mword (BinNums.Zpos (BinNums.xO (BinNums.xO (BinNums.xI BinNums.xH)))) -> rv64d_types.regidx -> rv64d_types.regidx -> rv64d_types.M rv64d_types.ExecutionResult
rv64d.execute :
rv64d_types.instruction -> rv64d_types.M rv64d_types.ExecutionResult
rv64d.exception_handler :
rv64d_types.Privilege ->
rv64d_types.sync_exception -> Values.mword (BinNums.Zpos (BinNums.xO (BinNums.xO (BinNums.xO (BinNums.xO (BinNums.xO (BinNums.xO BinNums.xH))))))) -> rv64d_types.M (Values.mword (BinNums.Zpos (BinNums.xO (BinNums.xO (BinNums.xO (BinNums.xO (BinNums.xO (BinNums.xO BinNums.xH))))))))
rv64d.exception_delegatee :
rv64d_types.ExceptionType -> rv64d_types.Privilege -> rv64d_types.M rv64d_types.Privilege
rv64d.exceptionType_to_str :
rv64d_types.ExceptionType -> String.string
rv64d.exceptionType_bits_forwards :
rv64d_types.ExceptionType -> Values.mword (BinNums.Zpos (BinNums.xO (BinNums.xI BinNums.xH)))
ex_ind :
forall (A : Type) (P : A -> Prop) (P0 : Prop), (forall x : A, P x -> P0) -> (exists y, P y) -> P0
Morphisms_Prop.ex_iff_morphism_obligation_1 :
forall A : Type, Morphisms.respectful (Morphisms.pointwise_relation A iff) iff (ex (A:=A)) (ex (A:=A))
Morphisms_Prop.ex_iff_morphism :
forall A : Type, Morphisms.Proper (Morphisms.respectful (Morphisms.pointwise_relation A iff) iff) (ex (A:=A))
BinInt.Z.even :
BinNums.Z -> bool
Tauto.eval_tt :
forall Env Term' Annot : Type, (Env -> Term' -> Prop) -> Env -> Term' * Annot -> Prop
ZMicromega.eval_pol :
RingMicromega.PolEnv BinNums.Z -> RingMicromega.PolC BinNums.Z -> BinNums.Z
RingMicromega.eval_pol :
forall R : Type, (R -> R -> R) -> (R -> R -> R) -> forall C : Type, (C -> R) -> RingMicromega.PolEnv R -> RingMicromega.PolC C -> R
RingMicromega.eval_pexpr :
forall R : Type, (R -> R -> R) -> (R -> R -> R) -> (R -> R -> R) -> (R -> R) -> forall C : Type, (C -> R) -> forall E : Type, (BinNums.N -> E) -> (R -> E -> R) -> RingMicromega.PolEnv R -> EnvRing.PExpr C -> R
Tauto.eval_opt_clause :
forall Env Term' Annot : Type, (Env -> Term' -> Prop) -> Env -> option (Tauto.clause Term' Annot) -> Prop
RingMicromega.eval_op2 :
forall R : Type, (R -> R -> Prop) -> (R -> R -> Prop) -> (R -> R -> Prop) -> RingMicromega.Op2 -> R -> R -> Prop
RingMicromega.eval_op1 :
forall R : Type, R -> (R -> R -> Prop) -> (R -> R -> Prop) -> (R -> R -> Prop) -> RingMicromega.Op1 -> R -> Prop
ZMicromega.eval_nformula :
RingMicromega.PolEnv BinNums.Z -> RingMicromega.NFormula BinNums.Z -> Prop
RingMicromega.eval_nformula :
forall R : Type, R -> (R -> R -> R) -> (R -> R -> R) -> (R -> R -> Prop) -> (R -> R -> Prop) -> (R -> R -> Prop) -> forall C : Type, (C -> R) -> RingMicromega.PolEnv R -> RingMicromega.NFormula C -> Prop
RingMicromega.eval_formula :
forall R : Type, (R -> R -> R) -> (R -> R -> R) -> (R -> R -> R) -> (R -> R) -> (R -> R -> Prop) -> (R -> R -> Prop) -> (R -> R -> Prop) -> forall C : Type, (C -> R) -> forall E : Type, (BinNums.N -> E) -> (R -> E -> R) -> RingMicromega.PolEnv R -> RingMicromega.Formula C -> Prop
Tauto.eval_f :
forall (TA : Type) (TX : Tauto.kind -> Type) (AA AF : Type), (forall k : Tauto.kind, TX k -> Tauto.rtyp k) -> (forall k : Tauto.kind, TA -> Tauto.rtyp k) -> forall k : Tauto.kind, Tauto.GFormula k -> Tauto.rtyp k
ZMicromega.eval_expr :
RingMicromega.PolEnv BinNums.Z -> EnvRing.PExpr BinNums.Z -> BinNums.Z
Tauto.eval_cnf :
forall Env Term' Annot : Type, (Env -> Term' -> Prop) -> Env -> Tauto.cnf Term' Annot -> Prop
Tauto.eval_clause :
forall Env Term' Annot : Type, (Env -> Term' -> Prop) -> Env -> Tauto.clause Term' Annot -> Prop
Tauto.eval_bf :
forall A : Type, (forall k : Tauto.kind, A -> Tauto.rtyp k) -> forall k : Tauto.kind, Tauto.BFormula A k -> Tauto.rtyp k
ZMicromega.eval_Psatz :
list (RingMicromega.NFormula BinNums.Z) -> ZMicromega.ZWitness -> option (RingMicromega.NFormula BinNums.Z)
RingMicromega.eval_Psatz :
forall C : Type, C -> C -> (C -> C -> C) -> (C -> C -> C) -> (C -> C -> bool) -> (C -> C -> bool) -> list (RingMicromega.NFormula C) -> RingMicromega.Psatz C -> option (RingMicromega.NFormula C)
language.erased_step :
forall Λ : language.language, language.cfg Λ -> language.cfg Λ -> Prop
RelationClasses.equivalence_rewrite_relation :
forall (A : Type) (eqA : Relation_Definitions.relation A), RelationClasses.Equivalence eqA -> RelationClasses.RewriteRelation eqA
SetoidTactics.equivalence_default :
forall (A : Type) (R : Relation_Definitions.relation A), RelationClasses.Equivalence R -> SetoidTactics.DefaultRelation (A:=A) R
base.equivL :
forall A : Type, base.Equiv A
base.equiv :
forall A : Type, base.Equiv A -> Relation_Definitions.relation A
BinInt.Z.eqf :
(BinNums.Z -> bool) -> (BinNums.Z -> bool) -> Prop
BinInt.Z.eqb :
BinNums.Z -> BinNums.Z -> bool
BinPos.Pos.eqb :
BinNums.positive -> BinNums.positive -> bool
BinNat.N.eqb :
BinNums.N -> BinNums.N -> bool
MachineWord.MachineWord.eqb :
forall n : BinNums.N, MachineWord.MachineWord.word n -> MachineWord.MachineWord.word n -> bool
PeanoNat.Nat.eqb :
nat -> nat -> bool
Bool.eqb :
bool -> bool -> bool
Values.eq_vec_dec :
forall (n : BinNums.Z) (x y : Values.mword n), {x = y} + {x <> y}
Operators_mwords.eq_vec :
forall n : BinNums.Z, Values.mword n -> Values.mword n -> bool
BinInt.Z.Private_OrderTac.Tac.eq_trans :
forall x y z : BinNums.Z, x = y -> y = z -> x = z
PeanoNat.Nat.Private_OrderTac.Tac.eq_trans :
forall x y z : nat, x = y -> y = z -> x = z
BinPos.Pos.Private_Tac.eq_trans :
forall x y z : BinNums.positive, x = y -> y = z -> x = z
eq_trans :
forall (A : Type) (x y z : A), x = y -> y = z -> x = z
eq_sym :
forall (A : Type) (x y : A), x = y -> y = x
BinInt.Z.eq_refl :
RelationClasses.Reflexive eq
eq_rect :
forall (A : Type) (x : A) (P : A -> Type), P x -> forall a : A, x = a -> P a
BinInt.Z.Private_OrderTac.Tac.eq_lt :
forall x y z : BinNums.Z, x = y -> BinInt.Z.lt y z -> BinInt.Z.lt x z
PeanoNat.Nat.Private_OrderTac.Tac.eq_lt :
forall x y z : nat, x = y -> y < z -> x < z
BinPos.Pos.Private_Tac.eq_lt :
forall x y z : BinNums.positive, x = y -> BinPos.Pos.lt y z -> BinPos.Pos.lt x z
PeanoNat.Nat.Private_Tac.eq_lt :
forall x y z : nat, x = y -> y < z -> x < z
BinInt.Z.Private_OrderTac.Tac.eq_le :
forall x y z : BinNums.Z, x = y -> BinInt.Z.le y z -> BinInt.Z.le x z
BinPos.Pos.Private_Tac.eq_le :
forall x y z : BinNums.positive, x = y -> BinPos.Pos.le y z -> BinPos.Pos.le x z
PeanoNat.Nat.Private_Tac.eq_le :
forall x y z : nat, x = y -> y <= z -> x <= z
eq_ind_r :
forall (A : Type) (x : A) (P : A -> Prop), P x -> forall y : A, y = x -> P y
eq_ind :
forall (A : Type) (x : A) (P : A -> Prop), P x -> forall a : A, x = a -> P a
RelationClasses.eq_equivalence :
forall A : Type, RelationClasses.Equivalence eq
BinInt.Z.eq_equiv :
RelationClasses.Equivalence eq
BinPos.Pos.eq_equiv :
RelationClasses.Equivalence eq
PeanoNat.Nat.eq_equiv :
RelationClasses.Equivalence eq
BinNat.N.eq_equiv :
RelationClasses.Equivalence eq
BinInt.Z.Private_OrderTac.IsTotal.eq_equiv :
RelationClasses.Equivalence eq
PeanoNat.Nat.Private_OrderTac.IsTotal.eq_equiv :
RelationClasses.Equivalence eq
BinNat.N.Private_OrderTac.IsTotal.eq_equiv :
RelationClasses.Equivalence eq
numbers.Z.eq_dec :
base.RelDecision eq
BinInt.Z.eq_dec :
forall x y : BinNums.Z, {x = y} + {x <> y}
strings.String.eq_dec :
base.RelDecision eq
numbers.Pos.eq_dec :
base.RelDecision eq
BinPos.Pos.eq_dec :
forall x y : BinNums.positive, {x = y} + {x <> y}
numbers.Nat.eq_dec :
base.RelDecision eq
PeanoNat.Nat.eq_dec :
forall n m : nat, {n = m} + {n <> m}
numbers.N.eq_dec :
base.RelDecision eq
BinNat.N.eq_dec :
forall n m : BinNums.N, {n = m} + {n <> m}
MachineWord.MachineWord.eq_dec :
forall (n : BinNums.N) (w v : MachineWord.MachineWord.word n), {w = v} + {w <> v}
strings.Ascii.eq_dec :
base.RelDecision eq
eq_add_S :
forall n m : nat, S n = S m -> n = m
RelationClasses.eq_Transitive :
forall A : Type, RelationClasses.Transitive eq
RelationClasses.eq_Symmetric :
forall A : Type, RelationClasses.Symmetric eq
RelationClasses.eq_Reflexive :
forall A : Type, RelationClasses.Reflexive eq
BinInt.Z.eq :
BinNums.Z -> BinNums.Z -> Prop
BinNat.N.eq :
BinNums.N -> BinNums.N -> Prop
finite.enum :
forall (A : Type) (EqDecision0 : base.RelDecision eq), finite.Finite A -> list A
FsStateInode.ent_ty_ok :
BinNums.Z -> option BinNums.Z -> bool -> FsTree.fname -> Xv6Cameras.ity -> Prop
FsStateInode.ent_tokenless :
BinNums.Z -> bool -> FsTree.fname -> BinNums.Z -> bool
FsStateInode.ent_elem :
BinNums.Z -> bool -> FsTree.fname -> BinNums.Z -> Xv6Cameras.ity -> cmra.ucmra_car Xv6Cameras.fsLinkUR
FsStateInode.ent_dset_ok :
FsNode.fs_node -> gmap.gset FsTree.fname -> Prop
countable.encode :
forall (A : Type) (EqDecision0 : base.RelDecision eq), countable.Countable A -> A -> BinNums.positive
rv64d.encdec_zicondop_forwards :
rv64d_types.zicondop -> Values.mword (BinNums.Zpos (BinNums.xI BinNums.xH))
rv64d.encdec_zicondop_backwards_matches :
Values.mword (BinNums.Zpos (BinNums.xI BinNums.xH)) -> bool
rv64d.encdec_zicondop_backwards :
Values.mword (BinNums.Zpos (BinNums.xI BinNums.xH)) -> rv64d_types.M rv64d_types.zicondop
rv64d.encdec_wrsop_forwards :
rv64d_types.wrsop -> Values.mword (BinNums.Zpos (BinNums.xO (BinNums.xO (BinNums.xI BinNums.xH))))
rv64d.encdec_wrsop_backwards_matches :
Values.mword (BinNums.Zpos (BinNums.xO (BinNums.xO (BinNums.xI BinNums.xH)))) -> bool
rv64d.encdec_wrsop_backwards :
Values.mword (BinNums.Zpos (BinNums.xO (BinNums.xO (BinNums.xI BinNums.xH)))) -> rv64d_types.M rv64d_types.wrsop
rv64d.encdec_uop_forwards :
rv64d_types.uop -> Values.mword (BinNums.Zpos (BinNums.xI (BinNums.xI BinNums.xH)))
rv64d.encdec_uop_backwards_matches :
Values.mword (BinNums.Zpos (BinNums.xI (BinNums.xI BinNums.xH))) -> bool
rv64d.encdec_uop_backwards :
Values.mword (BinNums.Zpos (BinNums.xI (BinNums.xI BinNums.xH))) -> rv64d_types.M rv64d_types.uop
rv64d.encdec_reg_forwards_matches :
rv64d_types.regidx -> bool
rv64d.encdec_reg_forwards :
rv64d_types.regidx -> Values.mword (BinNums.Zpos (BinNums.xI (BinNums.xO BinNums.xH)))
rv64d.encdec_reg_backwards_matches :
Values.mword (BinNums.Zpos (BinNums.xI (BinNums.xO BinNums.xH))) -> bool
rv64d.encdec_reg_backwards :
Values.mword (BinNums.Zpos (BinNums.xI (BinNums.xO BinNums.xH))) -> rv64d_types.M rv64d_types.regidx
rv64d.encdec_ntl_forwards :
rv64d_types.ntl_type -> Values.mword (BinNums.Zpos (BinNums.xI (BinNums.xO BinNums.xH)))
rv64d.encdec_ntl_backwards_matches :
Values.mword (BinNums.Zpos (BinNums.xI (BinNums.xO BinNums.xH))) -> bool
rv64d.encdec_ntl_backwards :
Values.mword (BinNums.Zpos (BinNums.xI (BinNums.xO BinNums.xH))) -> rv64d_types.M rv64d_types.ntl_type
rv64d.encdec_mul_op_forwards :
rv64d_types.mul_op -> rv64d_types.M (Values.mword (BinNums.Zpos (BinNums.xI BinNums.xH)))
rv64d.encdec_mul_op_backwards_matches :
Values.mword (BinNums.Zpos (BinNums.xI BinNums.xH)) -> bool
rv64d.encdec_mul_op_backwards :
Values.mword (BinNums.Zpos (BinNums.xI BinNums.xH)) -> rv64d_types.M rv64d_types.mul_op
rv64d.encdec_iop_forwards :
rv64d_types.iop -> Values.mword (BinNums.Zpos (BinNums.xI BinNums.xH))
rv64d.encdec_iop_backwards_matches :
Values.mword (BinNums.Zpos (BinNums.xI BinNums.xH)) -> bool
rv64d.encdec_iop_backwards :
Values.mword (BinNums.Zpos (BinNums.xI BinNums.xH)) -> rv64d_types.M rv64d_types.iop
rv64d.encdec_forwards :
rv64d_types.instruction -> rv64d_types.M (Values.mword (BinNums.Zpos (BinNums.xO (BinNums.xO (BinNums.xO (BinNums.xO (BinNums.xO BinNums.xH)))))))
rv64d.encdec_csrop_forwards :
rv64d_types.csrop -> Values.mword (BinNums.Zpos (BinNums.xO BinNums.xH))
rv64d.encdec_csrop_backwards_matches :
Values.mword (BinNums.Zpos (BinNums.xO BinNums.xH)) -> bool
rv64d.encdec_csrop_backwards :
Values.mword (BinNums.Zpos (BinNums.xO BinNums.xH)) -> rv64d_types.M rv64d_types.csrop
rv64d.encdec_creg_backwards_matches :
Values.mword (BinNums.Zpos (BinNums.xI BinNums.xH)) -> bool
rv64d.encdec_creg_backwards :
Values.mword (BinNums.Zpos (BinNums.xI BinNums.xH)) -> rv64d_types.cregidx
rv64d.encdec_compressed_backwards :
Values.mword (BinNums.Zpos (BinNums.xO (BinNums.xO (BinNums.xO (BinNums.xO BinNums.xH))))) -> rv64d_types.M rv64d_types.instruction
rv64d.encdec_cbop_zicbop_forwards :
rv64d_types.cbop_zicbop -> Values.mword (BinNums.Zpos (BinNums.xI (BinNums.xO BinNums.xH)))
rv64d.encdec_cbop_zicbop_backwards_matches :
Values.mword (BinNums.Zpos (BinNums.xI (BinNums.xO BinNums.xH))) -> bool
rv64d.encdec_cbop_zicbop_backwards :
Values.mword (BinNums.Zpos (BinNums.xI (BinNums.xO BinNums.xH))) -> rv64d_types.M rv64d_types.cbop_zicbop
rv64d.encdec_cbop_forwards :
rv64d_types.cbop_zicbom -> Values.mword (BinNums.Zpos (BinNums.xO (BinNums.xO (BinNums.xI BinNums.xH))))
rv64d.encdec_cbop_backwards_matches :
Values.mword (BinNums.Zpos (BinNums.xO (BinNums.xO (BinNums.xI BinNums.xH)))) -> bool
rv64d.encdec_cbop_backwards :
Values.mword (BinNums.Zpos (BinNums.xO (BinNums.xO (BinNums.xI BinNums.xH)))) -> rv64d_types.M rv64d_types.cbop_zicbom
rv64d.encdec_cbie_backwards :
Values.mword (BinNums.Zpos (BinNums.xO BinNums.xH)) -> rv64d_types.M rv64d_types.cbie
rv64d.encdec_bop_forwards :
rv64d_types.bop -> Values.mword (BinNums.Zpos (BinNums.xI BinNums.xH))
rv64d.encdec_bop_backwards_matches :
Values.mword (BinNums.Zpos (BinNums.xI BinNums.xH)) -> bool
rv64d.encdec_bop_backwards :
Values.mword (BinNums.Zpos (BinNums.xI BinNums.xH)) -> rv64d_types.M rv64d_types.bop
rv64d.encdec_backwards :
Values.mword (BinNums.Zpos (BinNums.xO (BinNums.xO (BinNums.xO (BinNums.xO (BinNums.xO BinNums.xH)))))) -> rv64d_types.M rv64d_types.instruction
rv64d.encdec_amoop_forwards :
rv64d_types.amoop -> Values.mword (BinNums.Zpos (BinNums.xI (BinNums.xO BinNums.xH)))
rv64d.encdec_amoop_backwards_matches :
Values.mword (BinNums.Zpos (BinNums.xI (BinNums.xO BinNums.xH))) -> bool
rv64d.encdec_amoop_backwards :
Values.mword (BinNums.Zpos (BinNums.xI (BinNums.xO BinNums.xH))) -> rv64d_types.M rv64d_types.amoop
base.empty :
forall A : Type, base.Empty A -> A
rv64d.elen_exp :
BinNums.Z
base.elements :
forall A C : Type, base.Elements A C -> C -> list A
base.elem_of_list_ind :
forall (A : Type) (P : A -> list A -> Prop), (forall (x : A) (l : list A), P x (x :: l)%list) -> (forall (x y : A) (l : list A), base.elem_of x l -> P x l -> P x (y :: l)%list) -> forall (y : A) (l : list A), base.elem_of_list y l -> P y l
base.elem_of :
forall A B : Type, base.ElemOf A B -> A -> B -> Prop
rv64d.effective_fence_set :
Values.mword (BinNums.Zpos (BinNums.xO (BinNums.xO BinNums.xH))) -> bool -> Values.mword (BinNums.Zpos (BinNums.xO (BinNums.xO BinNums.xH)))
rv64d.effectivePrivilege :
rv64d_types.MemoryAccessType rv64d_types.mem_payload -> Values.mword (BinNums.Zpos (BinNums.xO (BinNums.xO (BinNums.xO (BinNums.xO (BinNums.xO (BinNums.xO BinNums.xH))))))) -> rv64d_types.Privilege -> rv64d_types.M rv64d_types.Privilege
rv64d_types.Defs.early_return :
forall A R E : Type, R -> rv64d_types.Defs.monadR R E A
Tauto.e_rtyp :
forall k : Tauto.kind, Tauto.rtyp k -> Tauto.rtyp k
Tauto.eTT :
forall k : Tauto.kind, Tauto.rtyp k
Tauto.eOR :
forall k : Tauto.kind, Tauto.rtyp k -> Tauto.rtyp k -> Tauto.rtyp k
Tauto.eNOT :
forall k : Tauto.kind, Tauto.rtyp k -> Tauto.rtyp k
Tauto.eKind :
Tauto.kind -> Type
Tauto.eIMPL :
forall k : Tauto.kind, Tauto.rtyp k -> Tauto.rtyp k -> Tauto.rtyp k
Tauto.eIFF :
forall k : Tauto.kind, Tauto.rtyp k -> Tauto.rtyp k -> Tauto.rtyp k
Tauto.eFF :
forall k : Tauto.kind, Tauto.rtyp k
Tauto.eAND :
forall k : Tauto.kind, Tauto.rtyp k -> Tauto.rtyp k -> Tauto.rtyp k
DevModel.dvirtio :
DevModel.dev_state -> VirtioModel.virtio_state
numbers.Pos.dup :
BinNums.positive -> BinNums.positive
Values.dummy_vec :
forall T : Type, base.Inhabited T -> forall n : BinNums.Z, base.Inhabited (Values.vec T n)
Values.dummy_mword :
forall n : BinNums.Z, base.Inhabited (Values.mword n)
DevModel.duart :
DevModel.dev_state -> DevModel.uart_state
DevModel.dplic :
DevModel.dev_state -> DevModel.plic_state
BinPosDef.Pos.double_pred_mask :
BinNums.positive -> BinPosDef.Pos.mask
PosDef.Pos.double_mask :
PosDef.Pos.mask -> PosDef.Pos.mask
IntDef.Z.double :
BinNums.Z -> BinNums.Z
BinNatDef.N.double :
BinNums.N -> BinNums.N
DirView.dotdot_name :
list (definitions.bv (BinNums.Npos (BinNums.xO (BinNums.xO (BinNums.xO BinNums.xH)))))
DirView.dot_name :
list (definitions.bv (BinNums.Npos (BinNums.xO (BinNums.xO (BinNums.xO BinNums.xH)))))
base.dom :
forall M D : Type, base.Dom M D -> M -> D
rv64d.doCSR :
Values.mword (BinNums.Zpos (BinNums.xO (BinNums.xO (BinNums.xI BinNums.xH)))) ->
Values.mword (BinNums.Zpos (BinNums.xO (BinNums.xO (BinNums.xO (BinNums.xO (BinNums.xO (BinNums.xO BinNums.xH))))))) -> rv64d_types.regidx -> rv64d_types.csrop -> rv64d_types.CSRAccessType -> rv64d_types.M rv64d_types.ExecutionResult
PeanoNat.Nat.divmod :
nat -> nat -> nat -> nat -> nat * nat
BinInt.Z.divide_transitive :
RelationClasses.Transitive BinInt.Z.divide
BinInt.Z.divide :
BinNums.Z -> BinNums.Z -> Prop
BinPos.Pos.divide :
BinNums.positive -> BinNums.positive -> Prop
BinInt.Z.div_wd :
Morphisms.Proper (Morphisms.respectful BinInt.Z.eq (Morphisms.respectful BinInt.Z.eq BinInt.Z.eq)) BinInt.Z.div
Ring_theory.div_eucl_th :
forall (R : Type) (req : R -> R -> Prop) (C : Type) (cadd cmul : C -> C -> C) (phi : C -> R) (cdiv : C -> C -> C * C), Ring_theory.div_theory req cadd cmul phi cdiv -> forall a b : C, let (q, r) := cdiv a b in req (phi a) (phi (cadd (cmul b q) r))
BinInt.Z.div_eucl :
BinNums.Z -> BinNums.Z -> BinNums.Z * BinNums.Z
BinNat.N.div_eucl :
BinNums.N -> BinNums.N -> BinNums.N * BinNums.N
PosDef.Pos.div2_up :
BinNums.positive -> BinNums.positive
BinInt.Z.div2 :
BinNums.Z -> BinNums.Z
PosDef.Pos.div2 :
BinNums.positive -> BinNums.positive
BinNatDef.N.div2 :
BinNums.N -> BinNums.N
BinInt.Z.div :
BinNums.Z -> BinNums.Z -> BinNums.Z
PeanoNat.Nat.div :
nat -> nat -> nat
ofe.dist :
forall (SI : stepindex.sidx) (A : Type), ofe.Dist A -> stepindex.sidx_car -> Relation_Definitions.relation A
rv64d.dispatchInterrupt :
rv64d_types.Privilege -> rv64d_types.M (option (rv64d_types.InterruptType * rv64d_types.Privilege))
VirtioModel.disk_write :
(BinNums.Z -> definitions.bv (BinNums.Npos (BinNums.xO (BinNums.xO (BinNums.xO BinNums.xH))))) -> BinNums.Z -> list (definitions.bv (BinNums.Npos (BinNums.xO (BinNums.xO (BinNums.xO BinNums.xH))))) -> BinNums.Z -> definitions.bv (BinNums.Npos (BinNums.xO (BinNums.xO (BinNums.xO BinNums.xH))))
VirtioModel.disk_wr :
Type
VirtioModel.disk_read :
(BinNums.Z -> definitions.bv (BinNums.Npos (BinNums.xO (BinNums.xO (BinNums.xO BinNums.xH))))) -> BinNums.Z -> nat -> list (definitions.bv (BinNums.Npos (BinNums.xO (BinNums.xO (BinNums.xO BinNums.xH)))))
RiscvLang.disk_agent :
nat
base.disjoint :
forall A : Type, base.Disjoint A -> A -> A -> Prop
base.disj_union :
forall A : Type, base.DisjUnion A -> A -> A -> A
cmra.discrete_validN_instance :
forall (SI : stepindex.sidx) (A : Type), cmra.Valid A -> cmra.ValidN A
ofe.discrete_dist :
forall (SI : stepindex.sidx) (A : Type), base.Equiv A -> ofe.Dist A
rv64d.dirty_v_context :
unit -> rv64d_types.M unit
rv64d.dirty_fd_context_if_present :
unit -> rv64d_types.M unit
rv64d.dirty_fd_context :
unit -> rv64d_types.M unit
FsTree.dir_wins :
(nat -> list (definitions.bv (BinNums.Npos (BinNums.xO (BinNums.xO (BinNums.xO BinNums.xH)))))) -> nat -> bool
FsTree.dir_view :
(nat -> list (definitions.bv (BinNums.Npos (BinNums.xO (BinNums.xO (BinNums.xO BinNums.xH)))))) -> nat -> gmap.gmap FsTree.fname BinNums.Z
DirView.dir_orphan_clean :
DinodeEnc.dinode -> (nat -> list (definitions.bv (BinNums.Npos (BinNums.xO (BinNums.xO (BinNums.xO BinNums.xH)))))) -> Prop
DirView.dir_ok :
nat -> DinodeEnc.dinode -> (nat -> list (definitions.bv (BinNums.Npos (BinNums.xO (BinNums.xO (BinNums.xO BinNums.xH)))))) -> Prop
DirView.dir_nrec :
BinNums.Z -> nat
FsTree.dir_names_unique :
(nat -> list (definitions.bv (BinNums.Npos (BinNums.xO (BinNums.xO (BinNums.xO BinNums.xH)))))) -> nat -> Prop
DirView.dir_name :
(nat -> list (definitions.bv (BinNums.Npos (BinNums.xO (BinNums.xO (BinNums.xO BinNums.xH)))))) -> nat -> nat -> definitions.bv (BinNums.Npos (BinNums.xO (BinNums.xO (BinNums.xO BinNums.xH))))
DirView.dir_matchb :
(nat -> list (definitions.bv (BinNums.Npos (BinNums.xO (BinNums.xO (BinNums.xO BinNums.xH)))))) -> nat -> list (definitions.bv (BinNums.Npos (BinNums.xO (BinNums.xO (BinNums.xO BinNums.xH))))) -> bool
DirView.dir_liveb :
(nat -> list (definitions.bv (BinNums.Npos (BinNums.xO (BinNums.xO (BinNums.xO BinNums.xH)))))) -> nat -> bool
DirView.dir_live :
(nat -> list (definitions.bv (BinNums.Npos (BinNums.xO (BinNums.xO (BinNums.xO BinNums.xH)))))) -> nat -> Prop
DirView.dir_inums_ok :
(nat -> list (definitions.bv (BinNums.Npos (BinNums.xO (BinNums.xO (BinNums.xO BinNums.xH)))))) -> nat -> nat -> Prop
DirView.dir_inum :
(nat -> list (definitions.bv (BinNums.Npos (BinNums.xO (BinNums.xO (BinNums.xO BinNums.xH)))))) -> nat -> definitions.bv (BinNums.Npos (BinNums.xO (BinNums.xO (BinNums.xO (BinNums.xO BinNums.xH)))))
DirView.dir_freeb :
(nat -> list (definitions.bv (BinNums.Npos (BinNums.xO (BinNums.xO (BinNums.xO BinNums.xH)))))) -> nat -> bool
DirView.dir_first :
(nat -> list (definitions.bv (BinNums.Npos (BinNums.xO (BinNums.xO (BinNums.xO BinNums.xH)))))) -> nat -> list (definitions.bv (BinNums.Npos (BinNums.xO (BinNums.xO (BinNums.xO BinNums.xH))))) -> option nat
FsTree.dir_entry :
(nat -> list (definitions.bv (BinNums.Npos (BinNums.xO (BinNums.xO (BinNums.xO BinNums.xH)))))) -> nat -> option (FsTree.fname * BinNums.Z)
FsStateInode.dir_entries :
FsNode.fs_node -> gmap.gmap FsTree.fname BinNums.Z
DirView.dir_dots_only :
DinodeEnc.dinode -> (nat -> list (definitions.bv (BinNums.Npos (BinNums.xO (BinNums.xO (BinNums.xO BinNums.xH)))))) -> Prop
DirView.dir_dots_ix :
BinNums.Z -> DinodeEnc.dinode -> (nat -> list (definitions.bv (BinNums.Npos (BinNums.xO (BinNums.xO (BinNums.xO BinNums.xH)))))) -> Prop
FsTree.dir_bname :
(nat -> list (definitions.bv (BinNums.Npos (BinNums.xO (BinNums.xO (BinNums.xO BinNums.xH)))))) -> nat -> FsTree.fname
DinodeEnc.dinode_wf :
DinodeEnc.dinode -> Prop
DinodeEnc.dinode_bytes :
DinodeEnc.dinode -> list (definitions.bv (BinNums.Npos (BinNums.xO (BinNums.xO (BinNums.xO BinNums.xH)))))
base.difference_with :
forall A M : Type, base.DifferenceWith A M -> (A -> A -> option A) -> M -> M -> M
base.difference :
forall A : Type, base.Difference A -> A -> A -> A
gmap.diag_None' :
forall (A B C : Type) (P : Prop), (option A -> option B -> option C) -> option (P * A) -> option (P * B) -> option (P * C)
fin_maps.diag_None :
forall A B C : Type, (option A -> option B -> option C) -> option A -> option B -> option C
DinodeEnc.di_type :
DinodeEnc.dinode -> definitions.bv (BinNums.Npos (BinNums.xO (BinNums.xO (BinNums.xO (BinNums.xO BinNums.xH)))))
DinodeEnc.di_size :
DinodeEnc.dinode -> definitions.bv (BinNums.Npos (BinNums.xO (BinNums.xO (BinNums.xO (BinNums.xO (BinNums.xO BinNums.xH))))))
DinodeEnc.di_nlink :
DinodeEnc.dinode -> definitions.bv (BinNums.Npos (BinNums.xO (BinNums.xO (BinNums.xO (BinNums.xO BinNums.xH)))))
DinodeEnc.di_minor :
DinodeEnc.dinode -> definitions.bv (BinNums.Npos (BinNums.xO (BinNums.xO (BinNums.xO (BinNums.xO BinNums.xH)))))
DinodeEnc.di_major :
DinodeEnc.dinode -> definitions.bv (BinNums.Npos (BinNums.xO (BinNums.xO (BinNums.xO (BinNums.xO BinNums.xH)))))
DinodeEnc.di_addrs :
DinodeEnc.dinode -> list (definitions.bv (BinNums.Npos (BinNums.xO (BinNums.xO (BinNums.xO (BinNums.xO (BinNums.xO BinNums.xH)))))))
dfrac.dfrac_valid_instance :
cmra.Valid dfrac.dfrac
dfrac.dfrac_pcore_instance :
cmra.PCore dfrac.dfrac
dfrac.dfrac_op_instance :
cmra.Op dfrac.dfrac
dfrac.dfracR :
forall SI : stepindex.sidx, cmra.cmra
dfrac.dfracO :
forall SI : stepindex.sidx, ofe.ofe
DirView.dfirst :
(nat -> bool) -> nat -> option nat
DevModel.dev_write :
DevModel.dev_state -> rv64d_types.Arch.pa -> forall n : BinNums.N, definitions.bv (BinNat.N.mul (BinNums.Npos (BinNums.xO (BinNums.xO (BinNums.xO BinNums.xH)))) n) -> option DevModel.dev_state
DevModel.dev_seip :
DevModel.dev_state -> nat -> bool
DevModel.dev_read :
DevModel.dev_state -> rv64d_types.Arch.pa -> forall n : BinNums.N, option (definitions.bv (BinNat.N.mul (BinNums.Npos (BinNums.xO (BinNums.xO (BinNums.xO BinNums.xH)))) n) * DevModel.dev_state)
DevModel.dev_ncpu :
nat
DevModel.dev_meip :
DevModel.dev_state -> nat -> bool
DevModel.dev_irq_level :
DevModel.dev_state -> BinNums.N -> bool
DevModel.dev_bound :
BinNums.Z
DevModel.dev_addr :
rv64d_types.Arch.pa -> bool
DevModel.dev0_state :
DevModel.dev_state
VirtioModel.desc_at :
VirtioModel.virtio_cfg -> VirtioModel.vmem -> BinNums.Z -> VirtioModel.vq_desc
base.delete :
forall K M : Type, base.Delete K M -> K -> M -> M
rv64d.delegh_csrs_are_defined :
bool
rv64d.default_sv32_ext_pte :
rv64d_types.pte_ext_bits
SetoidTactics.default_relation :
forall (A : Type) (R : Relation_Definitions.relation A), SetoidTactics.DefaultRelation (A:=A) R -> Relation_Definitions.relation A
rv64d.default_meta :
rv64d_types.mem_meta
rv64d.def_spc_forwards :
unit -> String.string
Values.decode_encode_eq_dec :
forall (T : Type) (f : T -> BinNums.positive) (g : BinNums.positive -> option T), (forall x : T, g (f x) = Some x) -> forall x y : T, {x = y} + {x <> y}
countable.decode_encode :
forall (A : Type) (EqDecision0 : base.RelDecision eq) (Countable : countable.Countable A) (x : A), countable.decode (countable.encode x) = Some x
countable.decode :
forall (A : Type) (EqDecision0 : base.RelDecision eq), countable.Countable A -> BinNums.positive -> option A
base.decide_rel :
forall (A B : Type) (R : A -> B -> Prop), base.RelDecision R -> forall (x : A) (y : B), base.Decision (R x y)
base.decide :
forall P : Prop, base.Decision P -> {P} + {~ P}
Decidable.decidable :
Prop -> Prop
String.dec_str :
BinNums.Z -> String.string
rv64d.dec_bits_forwards_matches :
forall n : BinNums.Z, Values.mword n -> bool
rv64d.dec_bits_forwards :
forall n : BinNums.Z, Values.mword n -> BinNums.Z * String.string
rv64d.dec_bits_5_forwards :
Values.mword (BinNums.Zpos (BinNums.xI (BinNums.xO BinNums.xH))) -> rv64d_types.M String.string
rv64d.dec_bits_4_forwards :
Values.mword (BinNums.Zpos (BinNums.xO (BinNums.xO BinNums.xH))) -> rv64d_types.M String.string
rv64d.dec_bits_3_forwards :
Values.mword (BinNums.Zpos (BinNums.xI BinNums.xH)) -> rv64d_types.M String.string
DirentEnc.cut_nul :
list (definitions.bv (BinNums.Npos (BinNums.xO (BinNums.xO (BinNums.xO BinNums.xH))))) -> list (definitions.bv (BinNums.Npos (BinNums.xO (BinNums.xO (BinNums.xO BinNums.xH)))))
rv64d.currentlyEnabled_measure :
rv64d_types.extension -> BinNums.Z
rv64d.currentlyEnabled :
rv64d_types.extension -> rv64d_types.M bool
rv64d_types.csreg :
Type
rv64d.csr_name_write_callback :
String.string -> Values.mword (BinNums.Zpos (BinNums.xO (BinNums.xO (BinNums.xO (BinNums.xO (BinNums.xO (BinNums.xO BinNums.xH))))))) -> rv64d_types.M unit
rv64d.csr_name_map_forwards :
Values.mword (BinNums.Zpos (BinNums.xO (BinNums.xO (BinNums.xI BinNums.xH)))) -> rv64d_types.M String.string
rv64d.csr_name_map_backwards :
String.string -> rv64d_types.M (Values.mword (BinNums.Zpos (BinNums.xO (BinNums.xO (BinNums.xI BinNums.xH)))))
rv64d.csr_mnemonic_forwards :
rv64d_types.csrop -> String.string
rv64d.csr_id_write_callback :
Values.mword (BinNums.Zpos (BinNums.xO (BinNums.xO (BinNums.xI BinNums.xH)))) -> Values.mword (BinNums.Zpos (BinNums.xO (BinNums.xO (BinNums.xO (BinNums.xO (BinNums.xO (BinNums.xO BinNums.xH))))))) -> rv64d_types.M unit
rv64d.csr_id_read_callback :
Values.mword (BinNums.Zpos (BinNums.xO (BinNums.xO (BinNums.xI BinNums.xH)))) -> Values.mword (BinNums.Zpos (BinNums.xO (BinNums.xO (BinNums.xO (BinNums.xO (BinNums.xO (BinNums.xO BinNums.xH))))))) -> rv64d_types.M unit
rv64d.csr_full_write_callback :
String.string -> Values.mword (BinNums.Zpos (BinNums.xO (BinNums.xO (BinNums.xI BinNums.xH)))) -> Values.mword (BinNums.Zpos (BinNums.xO (BinNums.xO (BinNums.xO (BinNums.xO (BinNums.xO (BinNums.xO BinNums.xH))))))) -> unit
rv64d.csr_full_read_callback :
String.string -> Values.mword (BinNums.Zpos (BinNums.xO (BinNums.xO (BinNums.xI BinNums.xH)))) -> Values.mword (BinNums.Zpos (BinNums.xO (BinNums.xO (BinNums.xO (BinNums.xO (BinNums.xO (BinNums.xO BinNums.xH))))))) -> unit
rv64d.csr_access_type :
rv64d_types.csrop -> bool -> bool -> rv64d_types.CSRAccessType
rv64d.csrPriv :
Values.mword (BinNums.Zpos (BinNums.xO (BinNums.xO (BinNums.xI BinNums.xH)))) -> Values.mword (BinNums.Zpos (BinNums.xO BinNums.xH))
rv64d.csrAccess :
Values.mword (BinNums.Zpos (BinNums.xO (BinNums.xO (BinNums.xI BinNums.xH)))) -> Values.mword (BinNums.Zpos (BinNums.xO BinNums.xH))
rv64d.creg_name_forwards :
rv64d_types.cregidx -> rv64d_types.M String.string
rv64d.creg2reg_idx :
rv64d_types.cregidx -> rv64d_types.regidx
rv64d.counter_priv_filter_bit :
Values.mword (BinNums.Zpos (BinNums.xO (BinNums.xO (BinNums.xO (BinNums.xO (BinNums.xO (BinNums.xO BinNums.xH))))))) -> rv64d_types.Privilege -> Values.mword (BinNums.Zpos BinNums.xH)
rv64d.counter_enabled :
BinNums.Z -> rv64d_types.Privilege -> rv64d_types.M bool
Operators_mwords.count_trailing_zeros :
forall N : BinNums.Z, Values.mword N -> BinNums.Z
rv64d.count_ones :
forall n : BinNums.Z, Values.mword n -> rv64d_types.M BinNums.Z
Operators_mwords.count_leading_zeros :
forall N : BinNums.Z, Values.mword N -> BinNums.Z
cmra.core_id :
forall (SI : stepindex.sidx) (A : cmra.cmra) (x : cmra.cmra_car A), cmra.CoreId x -> base.equiv (cmra.pcore x) (Some x)
cmra.core :
forall A : Type, cmra.PCore A -> A -> A
rv64d.config_is_valid :
unit -> rv64d_types.M bool
Operators_mwords.concat_vec :
forall a b : BinNums.Z, Values.mword a -> Values.mword b -> Values.mword (BinInt.Z.add a b)
MachineWord.MachineWord.concat :
forall m n : BinNums.N, MachineWord.MachineWord.word m -> MachineWord.MachineWord.word n -> MachineWord.MachineWord.word (BinNat.N.add m n)
String.concat :
String.string -> list String.string -> String.string
List.concat :
forall A : Type, list (list A) -> list A
Basics.compose :
forall A B C : Type, (B -> C) -> (A -> B) -> A -> C
RelationClasses.complement :
forall A : Type, Relation_Definitions.relation A -> Relation_Definitions.relation A
comparison_rect :
forall P : comparison -> Type, P Eq -> P Lt -> P Gt -> forall c : comparison, P c
comparison_rec :
forall P : comparison -> Set, P Eq -> P Lt -> P Gt -> forall c : comparison, P c
numbers.comparison_eq_dec :
base.RelDecision eq
PosDef.Pos.compare_cont :
comparison -> BinNums.positive -> BinNums.positive -> comparison
IntDef.Z.compare :
BinNums.Z -> BinNums.Z -> comparison
PosDef.Pos.compare :
BinNums.positive -> BinNums.positive -> comparison
NatDef.N.compare :
BinNums.N -> BinNums.N -> comparison
PeanoNat.Nat.compare :
nat -> nat -> comparison
base.comm :
forall (A B : Type) (R : Relation_Definitions.relation A) (f : B -> B -> A), base.Comm R f -> forall x y : B, R (f x y) (f y x)
Tauto.cnf_tt :
forall Term' Annot : Type, Tauto.cnf Term' Annot
ZMicromega.cnf_of_list :
forall T : Type, T -> list (RingMicromega.NFormula BinNums.Z) -> list (list (RingMicromega.NFormula BinNums.Z * T))
Tauto.cnf_ff :
forall Term' Annot : Type, Tauto.cnf Term' Annot
Tauto.cnf_checker :
forall Term' Annot Witness : Type, (list (Term' * Annot) -> Witness -> bool) -> Tauto.cnf Term' Annot -> list Witness -> bool
Tauto.cnf :
Type -> Type -> Type
RingMicromega.cneqb :
forall C : Type, (C -> C -> bool) -> C -> C -> bool
cmra.cmra_validN :
forall (SI : stepindex.sidx) (c : cmra.cmra), cmra.ValidN (cmra.cmra_car c)
cmra.cmra_valid :
forall (SI : stepindex.sidx) (c : cmra.cmra), cmra.Valid (cmra.cmra_car c)
cmra.cmra_total :
forall (SI : stepindex.sidx) (A : cmra.cmra), cmra.CmraTotal A -> forall x : cmra.cmra_car A, option.is_Some (cmra.pcore x)
cmra.cmra_pcore :
forall (SI : stepindex.sidx) (c : cmra.cmra), cmra.PCore (cmra.cmra_car c)
cmra.cmra_op :
forall (SI : stepindex.sidx) (c : cmra.cmra), cmra.Op (cmra.cmra_car c)
cmra.cmra_ofe_mixin :
forall (SI : stepindex.sidx) (c : cmra.cmra), ofe.OfeMixin (cmra.cmra_car c)
cmra.cmra_ofeO :
forall SI : stepindex.sidx, cmra.cmra -> ofe.ofe
cmra.cmra_monoid :
forall (SI : stepindex.sidx) (A : cmra.ucmra), monoid.Monoid cmra.op
cmra.cmra_mixin :
forall (SI : stepindex.sidx) (c : cmra.cmra), cmra.CmraMixin (cmra.cmra_car c)
cmra.cmra_equiv :
forall (SI : stepindex.sidx) (c : cmra.cmra), base.Equiv (cmra.cmra_car c)
cmra.cmra_dist :
forall (SI : stepindex.sidx) (c : cmra.cmra), ofe.Dist (cmra.cmra_car c)
cmra.cmra_car :
forall SI : stepindex.sidx, cmra.cmra -> Type
RingMicromega.cltb :
forall C : Type, (C -> C -> bool) -> (C -> C -> bool) -> C -> C -> bool
rv64d.clint_store :
rv64d_types.physaddr -> forall width : BinNums.Z, Values.mword (BinInt.Z.mul (BinNums.Zpos (BinNums.xO (BinNums.xO (BinNums.xO BinNums.xH)))) width) -> rv64d_types.M (Values.result bool (rv64d_types.physaddr * rv64d_types.ExceptionType))
rv64d.clint_load :
rv64d_types.MemoryAccessType rv64d_types.mem_payload -> rv64d_types.physaddr -> forall width : BinNums.Z, rv64d_types.M (Values.result (Values.mword (BinInt.Z.mul (BinNums.Zpos (BinNums.xO (BinNums.xO (BinNums.xO BinNums.xH)))) width)) (rv64d_types.physaddr * rv64d_types.ExceptionType))
rv64d.clint_dispatch :
bool -> rv64d_types.M unit
Tauto.clause :
Type -> Type -> Type
Values.choose_type :
Values.ChooseType -> Set
rv64d.checked_mem_write :
rv64d_types.physaddr ->
forall width : BinNums.Z,
Values.mword (BinInt.Z.mul (BinNums.Zpos (BinNums.xO (BinNums.xO (BinNums.xO BinNums.xH)))) width) ->
rv64d_types.MemoryAccessType rv64d_types.mem_payload -> rv64d_types.page_based_mem_type -> rv64d_types.Privilege -> unit -> bool -> bool -> bool -> rv64d_types.M (Values.result bool (rv64d_types.physaddr * rv64d_types.ExceptionType))
rv64d.checked_mem_read :
rv64d_types.MemoryAccessType rv64d_types.mem_payload ->
rv64d_types.page_based_mem_type ->
rv64d_types.Privilege -> rv64d_types.physaddr -> forall width : BinNums.Z, bool -> bool -> bool -> bool -> rv64d_types.M (Values.result (Values.mword (BinInt.Z.mul (BinNums.Zpos (BinNums.xO (BinNums.xO (BinNums.xO BinNums.xH)))) width) * unit) (rv64d_types.physaddr * rv64d_types.ExceptionType))
rv64d.check_vlen_elen :
unit -> bool
rv64d.check_vext_config :
unit -> rv64d_types.M bool
rv64d.check_version_constraints :
unit -> bool
rv64d.check_tvecs :
unit -> bool
rv64d.check_stateen_config :
unit -> rv64d_types.M bool
rv64d.check_stateen_bit :
rv64d_types.Privilege -> rv64d_types.stateen_bit -> BinNums.Z -> rv64d_types.M bool
rv64d.check_required_sstvala_option :
String.string -> bool -> bool
rv64d.check_privs :
unit -> bool
rv64d.check_pmp :
unit -> bool
rv64d.check_pma_with_pmp_priority :
rv64d_types.MemoryAccessType rv64d_types.mem_payload -> rv64d_types.page_based_mem_type -> rv64d_types.Privilege -> rv64d_types.physaddr -> BinNums.Z -> bool -> rv64d_types.M (Values.result rv64d_types.Phys_Mem_Access_Info rv64d_types.ExceptionType)
rv64d.check_pma_regions :
list rv64d_types.PMA_Region ->
Values.mword (BinNums.Zpos (BinNums.xO (BinNums.xO (BinNums.xO (BinNums.xO (BinNums.xO (BinNums.xO BinNums.xH))))))) -> Values.mword (BinNums.Zpos (BinNums.xO (BinNums.xO (BinNums.xO (BinNums.xO (BinNums.xO (BinNums.xO BinNums.xH))))))) -> rv64d_types.pma_check_opts -> bool -> bool
rv64d.check_pma_region :
rv64d_types.PMA_Region -> bool
rv64d.check_physaddr_bits :
unit -> bool
RingMicromega.check_normalised_formulas :
forall C : Type, C -> C -> (C -> C -> C) -> (C -> C -> C) -> (C -> C -> bool) -> (C -> C -> bool) -> list (RingMicromega.NFormula C) -> RingMicromega.Psatz C -> bool
rv64d.check_mstatus_fields :
unit -> bool
rv64d.check_mmu_config :
unit -> rv64d_types.M bool
rv64d.check_mmio_devices :
unit -> rv64d_types.M bool
rv64d.check_misc_extension_dependencies :
unit -> rv64d_types.M bool
rv64d.check_mem_layout :
unit -> rv64d_types.M bool
rv64d.check_leaf_pte :
forall sv_width : BinNums.Z,
Values.mword (BinInt.Z.sub sv_width (BinNums.Zpos (BinNums.xO (BinNums.xO (BinNums.xI BinNums.xH))))) ->
rv64d_types.MemoryAccessType rv64d_types.mem_payload ->
rv64d_types.Privilege ->
bool ->
bool ->
Values.mword
  (if BinInt.Z.eqb sv_width (BinNums.Zpos (BinNums.xO (BinNums.xO (BinNums.xO (BinNums.xO (BinNums.xO BinNums.xH))))))
   then BinNums.Zpos (BinNums.xO (BinNums.xO (BinNums.xO (BinNums.xO (BinNums.xO BinNums.xH)))))
   else BinNums.Zpos (BinNums.xO (BinNums.xO (BinNums.xO (BinNums.xO (BinNums.xO (BinNums.xO BinNums.xH))))))) ->
rv64d_types.physaddr ->
BinNums.Z ->
unit ->
rv64d_types.M
  (Values.result
     (Values.mword
        (if BinInt.Z.eqb sv_width (BinNums.Zpos (BinNums.xO (BinNums.xO (BinNums.xO (BinNums.xO (BinNums.xO BinNums.xH)))))) then BinNums.Zpos (BinNums.xO (BinNums.xI (BinNums.xI (BinNums.xO BinNums.xH)))) else BinNums.Zpos (BinNums.xO (BinNums.xO (BinNums.xI (BinNums.xI (BinNums.xO BinNums.xH)))))) *
      rv64d_types.page_based_mem_type * unit)
     (rv64d_types.PTW_Error * unit))
RingMicromega.check_inconsistent :
forall C : Type, C -> (C -> C -> bool) -> (C -> C -> bool) -> RingMicromega.NFormula C -> bool
rv64d.check_extension_param_constraints :
unit -> bool
rv64d.check_PTE_permission :
rv64d_types.MemoryAccessType rv64d_types.mem_payload ->
rv64d_types.Privilege -> bool -> bool -> Values.mword (BinNums.Zpos (BinNums.xO (BinNums.xO (BinNums.xO BinNums.xH)))) -> Values.mword (BinNums.Zpos (BinNums.xO (BinNums.xI (BinNums.xO BinNums.xH)))) -> unit -> rv64d_types.M rv64d_types.PTE_Check
rv64d.check_CSR_result :
Values.mword (BinNums.Zpos (BinNums.xO (BinNums.xO (BinNums.xI BinNums.xH)))) -> rv64d_types.Privilege -> rv64d_types.CSRAccessType -> rv64d_types.M rv64d_types.CSRCheckResult
rv64d.check_CSR_priv :
Values.mword (BinNums.Zpos (BinNums.xO (BinNums.xO (BinNums.xI BinNums.xH)))) -> rv64d_types.Privilege -> rv64d_types.M bool
rv64d.check_CSR_access :
Values.mword (BinNums.Zpos (BinNums.xO (BinNums.xO (BinNums.xI BinNums.xH)))) -> rv64d_types.CSRAccessType -> bool
rv64d.check_CSR :
Values.mword (BinNums.Zpos (BinNums.xO (BinNums.xO (BinNums.xI BinNums.xH)))) -> rv64d_types.Privilege -> rv64d_types.CSRAccessType -> rv64d_types.M bool
VirtioModel.chain_from :
VirtioModel.virtio_cfg ->
VirtioModel.vmem -> definitions.bv (BinNums.Npos (BinNums.xO (BinNums.xO (BinNums.xO (BinNums.xO BinNums.xH))))) -> option (definitions.bv (BinNums.Npos (BinNums.xO (BinNums.xO (BinNums.xO (BinNums.xO BinNums.xH))))) * VirtioModel.vq_desc * VirtioModel.vq_desc * VirtioModel.vq_desc)
language.cfg :
language.language -> Type
ZMicromega.ceiling :
BinNums.Z -> BinNums.Z -> BinNums.Z
rv64d_types.cbop_zicbop_of_num :
BinNums.Z -> rv64d_types.cbop_zicbop
rv64d_types.cbop_zicbop_eq_dec :
forall x y : rv64d_types.cbop_zicbop, {x = y} + {x <> y}
rv64d_types.cbop_zicbom_of_num :
BinNums.Z -> rv64d_types.cbop_zicbom
rv64d_types.cbop_zicbom_eq_dec :
forall x y : rv64d_types.cbop_zicbom, {x = y} + {x <> y}
rv64d.cbop_priv_check :
rv64d_types.Privilege -> rv64d_types.M rv64d_types.checked_cbop
rv64d.cbop_mnemonic_forwards :
rv64d_types.cbop_zicbom -> String.string
rv64d_types.Defs.catch_early_return :
forall A E : Type, rv64d_types.Defs.monadR A E A -> rv64d_types.Defs.monad E A
TypeCasts.cast_positive :
forall (T : BinNums.positive -> Type) (p q : BinNums.positive), T p -> p = q -> T q
MachineWord.MachineWord.cast_idx :
forall (T : BinNums.N -> Type) (m n : BinNums.N), T m -> m = n -> T n
TypeCasts.cast_Z :
forall (T : BinNums.Z -> Type) (m n : BinNums.Z), T m -> m = n -> T n
TypeCasts.cast_N :
forall (T : BinNums.N -> Type) (m n : BinNums.N), T m -> m = n -> T n
Fin.caseS' :
forall (n : nat) (p : Fin.t (S n)) (P : Fin.t (S n) -> Type), P Fin.F1 -> (forall p0 : Fin.t n, P (Fin.FS p0)) -> P p
rv64d.carryless_mulr :
forall n : BinNums.Z, Values.mword n -> Values.mword n -> Values.mword n
rv64d.carryless_mul :
forall n : BinNums.Z, Values.mword n -> Values.mword n -> Values.mword (BinInt.Z.mul (BinNums.Zpos (BinNums.xO BinNums.xH)) n)
xv6iris_extras.cancel_reservation :
unit -> rv64d_types.M unit
VirtioModel.cache_view :
VirtioModel.virtio_state -> BinNums.Z -> definitions.bv (BinNums.Npos (BinNums.xO (BinNums.xO (BinNums.xO BinNums.xH))))
rv64d_types.Arch.cache_op :
Type
VirtioModel.byte_zero :
definitions.bv (BinNums.Npos (BinNums.xO (BinNums.xO (BinNums.xO BinNums.xH))))
BitmapEnc.byte_bits :
gmap.gset BinNums.Z -> BinNums.Z -> list bool
DevModel.byte0 :
definitions.bv (BinNums.Npos (BinNums.xO (BinNums.xO (BinNums.xO BinNums.xH))))
DirentEnc.bview :
nat -> (nat -> definitions.bv (BinNums.Npos (BinNums.xO (BinNums.xO (BinNums.xO BinNums.xH))))) -> list (definitions.bv (BinNums.Npos (BinNums.xO (BinNums.xO (BinNums.xO BinNums.xH)))))
definitions.bv_wrap :
BinNums.N -> BinNums.Z -> BinNums.Z
definitions.bv_wf_dec :
forall (n : BinNums.N) (z : BinNums.Z), base.Decision (definitions.BvWf n z)
definitions.bv_unsigned :
forall n : BinNums.N, definitions.bv n -> BinNums.Z
definitions.bv_swrap :
BinNums.N -> BinNums.Z -> BinNums.Z
definitions.bv_signed :
forall n : BinNums.N, definitions.bv n -> BinNums.Z
definitions.bv_modulus :
BinNums.N -> BinNums.Z
definitions.bv_is_wf :
forall (n : BinNums.N) (b : definitions.bv n), definitions.BvWf n (definitions.bv_unsigned b)
definitions.bv_inhabited :
forall n : BinNums.N, base.Inhabited (definitions.bv n)
definitions.bv_half_modulus :
BinNums.N -> BinNums.Z
definitions.bv_eq_dec_obligation_1 :
forall (n : BinNums.N) (v1 : BinNums.Z) (p1 : definitions.BvWf n v1) (v2 : BinNums.Z) (p2 : definitions.BvWf n v2),
let filtered_var := base.decide (v1 = v2) in forall eqv : v1 = v2, left eqv = filtered_var -> {| definitions.bv_unsigned := v1; definitions.bv_is_wf := p1 |} = {| definitions.bv_unsigned := v2; definitions.bv_is_wf := p2 |}
definitions.bv_eq_dec :
forall n : BinNums.N, base.RelDecision eq
definitions.bv_countable :
forall n : BinNums.N, countable.Countable (definitions.bv n)
rv64d.btype_mnemonic_forwards :
rv64d_types.bop -> String.string
ZMicromega.bound_var :
BinNums.positive -> RingMicromega.Formula BinNums.Z
RiscvLang.boot_w64 :
BinNums.Z -> Values.mword (BinNums.Zpos (BinNums.xO (BinNums.xO (BinNums.xO (BinNums.xO (BinNums.xO (BinNums.xO BinNums.xH)))))))
RiscvLang.boot_shape :
RiscvLang.gstate -> RiscvLang.gstate -> Prop
ArchReset.boot_prog :
Values.mword (BinNums.Zpos (BinNums.xO (BinNums.xO (BinNums.xO (BinNums.xO (BinNums.xO (BinNums.xO BinNums.xH))))))) -> list rv64d_types.PMA_Region -> rv64d_types.M unit
RiscvLang.boot_image :
gmap.gmap BinNums.Z (definitions.bv (BinNums.Npos (BinNums.xO (BinNums.xO (BinNums.xO BinNums.xH)))))
RiscvLang.boot_facts :
RiscvLang.gstate -> Prop
RiscvLang.boot_byte :
BinNums.Z -> definitions.bv (BinNums.Npos (BinNums.xO (BinNums.xO (BinNums.xO BinNums.xH))))
rv64d.bool_to_bit :
bool -> Values.mword (BinNums.Zpos BinNums.xH)
rv64d_types.bool_s :
rv64d_types.regstate -> rv64d_types.register_bool -> bool
bool_rect :
forall P : bool -> Type, P true -> P false -> forall b : bool, P b
bool_rec :
forall P : bool -> Set, P true -> P false -> forall b : bool, P b
decidable.bool_eq_dec :
base.RelDecision eq
decidable.bool_decide :
forall P : Prop, base.Decision P -> bool
Bool.bool_dec :
forall b1 b2 : bool, {b1 = b2} + {b1 <> b2}
countable.bool_countable :
countable.Countable bool
rv64d.bool_bit_forwards :
bool -> Values.mword (BinNums.Zpos BinNums.xH)
rv64d.bool_bit_backwards_matches :
Values.mword (BinNums.Zpos BinNums.xH) -> bool
rv64d.bool_bit_backwards :
Values.mword (BinNums.Zpos BinNums.xH) -> bool
ArchReset.board_wired :
Values.mword (BinNums.Zpos (BinNums.xO (BinNums.xO (BinNums.xO (BinNums.xO (BinNums.xO (BinNums.xO BinNums.xH))))))) -> rv64d_types.M unit
ArchReset.board_regs :
list rv64d_types.PMA_Region -> rv64d_types.M unit
ArchReset.board_init :
Values.mword (BinNums.Zpos (BinNums.xO (BinNums.xO (BinNums.xO (BinNums.xO (BinNums.xO (BinNums.xO BinNums.xH))))))) -> list rv64d_types.PMA_Region -> rv64d_types.M unit
DirentEnc.bname :
nat -> (nat -> definitions.bv (BinNums.Npos (BinNums.xO (BinNums.xO (BinNums.xO BinNums.xH))))) -> list (definitions.bv (BinNums.Npos (BinNums.xO (BinNums.xO (BinNums.xO BinNums.xH)))))
BitmapEnc.bm_bytes :
nat -> gmap.gset BinNums.Z -> list (definitions.bv (BinNums.Npos (BinNums.xO (BinNums.xO (BinNums.xO BinNums.xH)))))
BitmapEnc.bm_byte :
gmap.gset BinNums.Z -> BinNums.Z -> definitions.bv (BinNums.Npos (BinNums.xO (BinNums.xO (BinNums.xO BinNums.xH))))
rv64d_types.bitvector_exp_8_s :
rv64d_types.regstate -> rv64d_types.register_bitvector_exp_8 -> Values.mword (BinInt.Z.pow (BinNums.Zpos (BinNums.xO BinNums.xH)) (BinNums.Zpos (BinNums.xO (BinNums.xO (BinNums.xO BinNums.xH)))))
rv64d_types.bitvector_704_s :
rv64d_types.regstate -> rv64d_types.register_bitvector_704 -> Values.mword (BinNums.Zpos (BinNums.xO (BinNums.xO (BinNums.xO (BinNums.xO (BinNums.xO (BinNums.xO (BinNums.xI (BinNums.xI (BinNums.xO BinNums.xH))))))))))
rv64d_types.bitvector_64_s :
rv64d_types.regstate -> rv64d_types.register_bitvector_64 -> Values.mword (BinNums.Zpos (BinNums.xO (BinNums.xO (BinNums.xO (BinNums.xO (BinNums.xO (BinNums.xO BinNums.xH)))))))
rv64d_types.bitvector_5_s :
rv64d_types.regstate -> rv64d_types.register_bitvector_5 -> Values.mword (BinNums.Zpos (BinNums.xI (BinNums.xO BinNums.xH)))
rv64d_types.bitvector_4_s :
rv64d_types.regstate -> rv64d_types.register_bitvector_4 -> Values.mword (BinNums.Zpos (BinNums.xO (BinNums.xO BinNums.xH)))
rv64d_types.bitvector_3_s :
rv64d_types.regstate -> rv64d_types.register_bitvector_3 -> Values.mword (BinNums.Zpos (BinNums.xI BinNums.xH))
rv64d_types.bitvector_32_s :
rv64d_types.regstate -> rv64d_types.register_bitvector_32 -> Values.mword (BinNums.Zpos (BinNums.xO (BinNums.xO (BinNums.xO (BinNums.xO (BinNums.xO BinNums.xH))))))
rv64d_types.bitvector_320_s :
rv64d_types.regstate -> rv64d_types.register_bitvector_320 -> Values.mword (BinNums.Zpos (BinNums.xO (BinNums.xO (BinNums.xO (BinNums.xO (BinNums.xO (BinNums.xO (BinNums.xI (BinNums.xO BinNums.xH)))))))))
rv64d_types.bitvector_1_s :
rv64d_types.regstate -> rv64d_types.register_bitvector_1 -> Values.mword (BinNums.Zpos BinNums.xH)
rv64d_types.bitvector_192_s :
rv64d_types.regstate -> rv64d_types.register_bitvector_192 -> Values.mword (BinNums.Zpos (BinNums.xO (BinNums.xO (BinNums.xO (BinNums.xO (BinNums.xO (BinNums.xO (BinNums.xI BinNums.xH))))))))
rv64d_types.bitvector_128_s :
rv64d_types.regstate -> rv64d_types.register_bitvector_128 -> Values.mword (BinNums.Zpos (BinNums.xO (BinNums.xO (BinNums.xO (BinNums.xO (BinNums.xO (BinNums.xO (BinNums.xO BinNums.xH))))))))
BitmapEnc.bits_to_Z :
list bool -> BinNums.Z
rv64d.bits_of_virtaddr :
rv64d_types.virtaddr -> Values.mword (BinNums.Zpos (BinNums.xO (BinNums.xO (BinNums.xO (BinNums.xO (BinNums.xO (BinNums.xO BinNums.xH)))))))
rv64d.bits_of_physaddr :
rv64d_types.physaddr ->
Values.mword
  (if BinInt.Z.eqb (BinNums.Zpos (BinNums.xO (BinNums.xO (BinNums.xO (BinNums.xO (BinNums.xO (BinNums.xO BinNums.xH))))))) (BinNums.Zpos (BinNums.xO (BinNums.xO (BinNums.xO (BinNums.xO (BinNums.xO BinNums.xH))))))
   then BinNums.Zpos (BinNums.xO (BinNums.xI (BinNums.xO (BinNums.xO (BinNums.xO BinNums.xH)))))
   else BinNums.Zpos (BinNums.xO (BinNums.xO (BinNums.xO (BinNums.xO (BinNums.xO (BinNums.xO BinNums.xH)))))))
rv64d_types.bits :
BinNums.Z -> Type
rv64d.bit_to_bool :
Values.mword (BinNums.Zpos BinNums.xH) -> bool
rv64d.bit_maybe_w_forwards :
Values.mword (BinNums.Zpos BinNums.xH) -> String.string
rv64d.bit_maybe_r_forwards :
Values.mword (BinNums.Zpos BinNums.xH) -> String.string
rv64d.bit_maybe_o_forwards :
Values.mword (BinNums.Zpos BinNums.xH) -> String.string
rv64d.bit_maybe_i_forwards :
Values.mword (BinNums.Zpos BinNums.xH) -> String.string
rv64d_types.Defs.bind0 :
forall A E : Type, rv64d_types.Defs.monad E unit -> rv64d_types.Defs.monad E A -> rv64d_types.Defs.monad E A
rv64d_types.Defs.bind :
forall A B E : Type, rv64d_types.Defs.monad E A -> (A -> rv64d_types.Defs.monad E B) -> rv64d_types.Defs.monad E B
String.binary_string_of_word :
forall n : BinNums.N, MachineWord.MachineWord.word n -> String.string
RelationClasses.binary_relation :
Type -> Type
big_op.big_opM_def :
forall (SI : stepindex.sidx) (M : ofe.ofe) (o : ofe.ofe_car M -> ofe.ofe_car M -> ofe.ofe_car M), monoid.Monoid o -> forall (K : Type) (EqDecision0 : base.RelDecision eq) (H : countable.Countable K) (A : Type), (K -> A -> ofe.ofe_car M) -> gmap.gmap K A -> ofe.ofe_car M
big_op.big_opM :
forall (SI : stepindex.sidx) (M : ofe.ofe) (o : ofe.ofe_car M -> ofe.ofe_car M -> ofe.ofe_car M), monoid.Monoid o -> forall (K : Type) (EqDecision0 : base.RelDecision eq) (H : countable.Countable K) (A : Type), (K -> A -> ofe.ofe_car M) -> gmap.gmap K A -> ofe.ofe_car M
big_op.big_opL :
forall (SI : stepindex.sidx) (M : ofe.ofe) (o : ofe.ofe_car M -> ofe.ofe_car M -> ofe.ofe_car M), monoid.Monoid o -> forall A : Type, (nat -> A -> ofe.ofe_car M) -> list A -> ofe.ofe_car M
ZMicromega.bdepth :
ZMicromega.ZArithProof -> nat
rv64d.base_E_enabled :
bool
rv64d_types.Arch.barrier :
Type
BinInt.Z.b2z_wd :
Morphisms.Proper (Morphisms.respectful eq eq) BinInt.Z.b2z
BinInt.Z.b2z :
bool -> BinNums.Z
VirtioModel.avail_ring_at :
VirtioModel.virtio_cfg -> VirtioModel.vmem -> definitions.bv (BinNums.Npos (BinNums.xO (BinNums.xO (BinNums.xO (BinNums.xO BinNums.xH))))) -> definitions.bv (BinNums.Npos (BinNums.xO (BinNums.xO (BinNums.xO (BinNums.xO BinNums.xH)))))
VirtioModel.avail_idx_at :
VirtioModel.virtio_cfg -> VirtioModel.vmem -> definitions.bv (BinNums.Npos (BinNums.xO (BinNums.xO (BinNums.xO (BinNums.xO BinNums.xH)))))
RiscvLang.av_excl :
ConcurrencyInterfaceTypes.Access_variety -> bool
rv64d_types.Defs.autocast_m :
forall (e : Type) (m n : BinNums.Z) (T : BinNums.Z -> Type), base.Inhabited (T n) -> rv64d_types.Defs.monad e (T m) -> rv64d_types.Defs.monad e (T n)
TypeCasts.autocast :
forall (T : BinNums.Z -> Type) (m n : BinNums.Z), base.Inhabited (T n) -> T m -> T n
auth.auth_view_rel_raw :
forall (SI : stepindex.sidx) (A : cmra.ucmra), stepindex.sidx_car -> cmra.ucmra_car A -> cmra.ucmra_car A -> Prop
auth.auth_view_rel :
forall (SI : stepindex.sidx) (A : cmra.ucmra), view.view_rel (cmra.ucmra_ofeO A) A
auth.auth_frag :
forall (SI : stepindex.sidx) (A : cmra.ucmra), cmra.ucmra_car A -> view.view auth.auth_view_rel_raw
auth.auth_auth :
forall (SI : stepindex.sidx) (A : cmra.ucmra), dfrac.dfrac -> cmra.ucmra_car A -> view.view auth.auth_view_rel_raw
auth.authUR :
forall SI : stepindex.sidx, cmra.ucmra -> cmra.ucmra
base.assoc :
forall (A : Type) (R : Relation_Definitions.relation A) (f : A -> A -> A), base.Assoc R f -> forall x y z : A, R (f x (f y z)) (f (f x y) z)
rv64d_types.Defs.assert_exp' :
forall (E : Type) (exp : bool), String.string -> rv64d_types.Defs.monad E (exp = true)
rv64d_types.Defs.assert_exp :
forall E : Type, bool -> String.string -> rv64d_types.Defs.monad E unit
rv64d.assembly_forwards_matches :
rv64d_types.instruction -> bool
rv64d.assembly_forwards :
rv64d_types.instruction -> rv64d_types.M String.string
RiscvModelBytes.assemble_bytes :
list (definitions.bv (BinNums.Npos (BinNums.xO (BinNums.xO (BinNums.xO BinNums.xH))))) -> BinNums.Z
rv64d.asidlen :
BinNums.Z
rv64d_types.asidbits :
Type
String.asciia :
BinNums.N
HexString.ascii_to_digit :
Ascii.ascii -> option BinNums.N
BinaryString.ascii_to_digit :
Ascii.ascii -> option BinNums.N
Ascii.ascii_rect :
forall P : Ascii.ascii -> Type, (forall b b0 b1 b2 b3 b4 b5 b6 : bool, P (Ascii.Ascii b b0 b1 b2 b3 b4 b5 b6)) -> forall a : Ascii.ascii, P a
Ascii.ascii_rec :
forall P : Ascii.ascii -> Set, (forall b b0 b1 b2 b3 b4 b5 b6 : bool, P (Ascii.Ascii b b0 b1 b2 b3 b4 b5 b6)) -> forall a : Ascii.ascii, P a
Ascii.ascii_of_pos :
BinNums.positive -> Ascii.ascii
Ascii.ascii_of_N :
BinNums.N -> Ascii.ascii
Ascii.ascii_dec :
forall a b : Ascii.ascii, {a = b} + {a <> b}
String.asciiA :
BinNums.N
RelationClasses.arrows :
RelationClasses.Tlist -> Type -> Type
Operators_mwords.arith_shiftr :
forall a : BinNums.Z, Values.mword a -> BinNums.Z -> Values.mword a
MachineWord.MachineWord.arith_shift_right :
forall n : BinNums.N, MachineWord.MachineWord.word n -> BinNums.N -> MachineWord.MachineWord.word n
rv64d.architecture_bits_backwards :
Values.mword (BinNums.Zpos (BinNums.xO BinNums.xH)) -> rv64d_types.M rv64d_types.Architecture
rv64d.architecture :
rv64d_types.Privilege -> rv64d_types.M rv64d_types.Architecture
rv64d_types.Arch.arch_ak :
Type
String.append :
String.string -> String.string -> String.string
numbers.Pos.app :
BinNums.positive -> BinNums.positive -> BinNums.positive
app :
forall A : Type, list A -> list A -> list A
base.anti_symm :
forall (A : Type) (R S : Relation_Definitions.relation A), base.AntiSymm R S -> forall x y : A, S x y -> S y x -> R x y
andb :
bool -> bool -> bool
Operators_mwords.and_vec :
forall n : BinNums.Z, Values.mword n -> Values.mword n -> Values.mword n
and_rect :
forall (A B : Prop) (P : Type), (A -> B -> P) -> A /\ B -> P
and_rec :
forall (A B : Prop) (P : Set), (A -> B -> P) -> A /\ B -> P
and_ind :
forall A B P : Prop, (A -> B -> P) -> A /\ B -> P
Morphisms_Prop.and_impl_morphism_obligation_1 :
Morphisms.respectful Basics.impl (Morphisms.respectful Basics.impl Basics.impl) and and
Morphisms_Prop.and_impl_morphism :
Morphisms.Proper (Morphisms.respectful Basics.impl (Morphisms.respectful Basics.impl Basics.impl)) and
Morphisms_Prop.and_iff_morphism_obligation_1 :
Morphisms.respectful iff (Morphisms.respectful iff iff) and and
Morphisms_Prop.and_iff_morphism :
Morphisms.Proper (Morphisms.respectful iff (Morphisms.respectful iff iff)) and
Tauto.and_cnf_opt :
forall Term' Annot : Type, Tauto.cnf Term' Annot -> Tauto.cnf Term' Annot -> Tauto.cnf Term' Annot
Tauto.and_cnf :
forall Term' Annot : Type, Tauto.cnf Term' Annot -> Tauto.cnf Term' Annot -> Tauto.cnf Term' Annot
rv64d_types.Defs.and_boolM :
forall E : Type, rv64d_types.Defs.monad E bool -> rv64d_types.Defs.monad E bool -> rv64d_types.Defs.monad E bool
MachineWord.MachineWord.and :
forall n : BinNums.N, MachineWord.MachineWord.word n -> MachineWord.MachineWord.word n -> MachineWord.MachineWord.word n
rv64d_types.amoop_of_num :
BinNums.Z -> rv64d_types.amoop
rv64d_types.amoop_eq_dec :
forall x y : rv64d_types.amoop, {x = y} + {x <> y}
rv64d.amocas_odd_register_reserved_behavior :
rv64d_types.AmocasOddRegisterReservedBehavior
rv64d.amo_mnemonic_forwards :
rv64d_types.amoop -> String.string
rv64d.amo_encoding_valid :
BinNums.Z -> rv64d_types.amoop -> rv64d_types.regidx -> rv64d_types.regidx -> rv64d_types.M bool
rv64d.allowed_misaligned :
Values.mword (BinNums.Zpos (BinNums.xO (BinNums.xO (BinNums.xO (BinNums.xO (BinNums.xO (BinNums.xO BinNums.xH))))))) -> BinNums.Z -> BinNums.Z -> bool
RiscvLang.all_resv :
(RiscvLang.CPU -> option RiscvLang.resv) -> gmap.gset rv64d_types.Arch.pa
Morphisms_Prop.all_iff_morphism_obligation_1 :
forall A : Type, Morphisms.respectful (Morphisms.pointwise_relation A iff) iff (all (A:=A)) (all (A:=A))
Morphisms_Prop.all_iff_morphism :
forall A : Type, Morphisms.Proper (Morphisms.respectful (Morphisms.pointwise_relation A iff) iff) (all (A:=A))
all :
forall A : Type, (A -> Prop) -> Prop
rv64d.alignmentFaultFromAccessType :
rv64d_types.MemoryAccessType rv64d_types.mem_payload -> rv64d_types.M rv64d_types.ExceptionType
rv64d.align_pc :
Values.mword (BinNums.Zpos (BinNums.xO (BinNums.xO (BinNums.xO (BinNums.xO (BinNums.xO (BinNums.xO BinNums.xH))))))) -> rv64d_types.M (Values.mword (BinNums.Zpos (BinNums.xO (BinNums.xO (BinNums.xO (BinNums.xO (BinNums.xO (BinNums.xO BinNums.xH))))))))
RiscvLang.ak_excl :
rv64d_types.Interface.accessKind -> bool
agree.agree_valid_instance :
forall (SI : stepindex.sidx) (A : ofe.ofe), cmra.Valid (agree.agree (ofe.ofe_car A))
agree.agree_validN_instance :
forall (SI : stepindex.sidx) (A : ofe.ofe), cmra.ValidN (agree.agree (ofe.ofe_car A))
agree.agree_pcore_instance :
forall (SI : stepindex.sidx) (A : ofe.ofe), cmra.PCore (agree.agree (ofe.ofe_car A))
agree.agree_op_instance :
forall (SI : stepindex.sidx) (A : ofe.ofe), cmra.Op (agree.agree (ofe.ofe_car A))
agree.agree_equiv :
forall (SI : stepindex.sidx) (A : ofe.ofe), base.Equiv (agree.agree (ofe.ofe_car A))
ZMicromega.agree_env :
BinNums.positive -> (BinNums.positive -> BinNums.Z) -> (BinNums.positive -> BinNums.Z) -> Prop
agree.agree_dist :
forall (SI : stepindex.sidx) (A : ofe.ofe), ofe.Dist (agree.agree (ofe.ofe_car A))
agree.agree_car :
forall A : Type, agree.agree A -> list A
agree.agreeR :
forall SI : stepindex.sidx, ofe.ofe -> cmra.cmra
agree.agreeO :
forall SI : stepindex.sidx, ofe.ofe -> ofe.ofe
PeanoNat.Nat.add_wd_obligation_1 :
Morphisms.respectful eq (Morphisms.respectful eq eq) Nat.add Nat.add
BinInt.Z.add_wd :
Morphisms.Proper (Morphisms.respectful BinInt.Z.eq (Morphisms.respectful BinInt.Z.eq BinInt.Z.eq)) BinInt.Z.add
PeanoNat.Nat.add_wd :
Morphisms.Proper (Morphisms.respectful eq (Morphisms.respectful eq eq)) Nat.add
BinNat.N.add_wd :
Morphisms.Proper (Morphisms.respectful BinNat.N.eq (Morphisms.respectful BinNat.N.eq BinNat.N.eq)) BinNat.N.add
Operators_mwords.add_vec_int :
forall a : BinNums.Z, Values.mword a -> BinNums.Z -> Values.mword a
Operators_mwords.add_vec :
forall n : BinNums.Z, Values.mword n -> Values.mword n -> Values.mword n
rv64d.add_to_TLB :
forall sv_width : BinNums.Z,
Values.mword
  (if BinInt.Z.eqb (BinNums.Zpos (BinNums.xO (BinNums.xO (BinNums.xO (BinNums.xO (BinNums.xO (BinNums.xO BinNums.xH))))))) (BinNums.Zpos (BinNums.xO (BinNums.xO (BinNums.xO (BinNums.xO (BinNums.xO BinNums.xH))))))
   then BinNums.Zpos (BinNums.xI (BinNums.xO (BinNums.xO BinNums.xH)))
   else BinNums.Zpos (BinNums.xO (BinNums.xO (BinNums.xO (BinNums.xO BinNums.xH))))) ->
Values.mword (BinInt.Z.sub sv_width (BinNums.Zpos (BinNums.xO (BinNums.xO (BinNums.xI BinNums.xH))))) ->
Values.mword
  (if BinInt.Z.eqb sv_width (BinNums.Zpos (BinNums.xO (BinNums.xO (BinNums.xO (BinNums.xO (BinNums.xO BinNums.xH)))))) then BinNums.Zpos (BinNums.xO (BinNums.xI (BinNums.xI (BinNums.xO BinNums.xH)))) else BinNums.Zpos (BinNums.xO (BinNums.xO (BinNums.xI (BinNums.xI (BinNums.xO BinNums.xH)))))) ->
Values.mword
  (if BinInt.Z.eqb sv_width (BinNums.Zpos (BinNums.xO (BinNums.xO (BinNums.xO (BinNums.xO (BinNums.xO BinNums.xH))))))
   then BinNums.Zpos (BinNums.xO (BinNums.xO (BinNums.xO (BinNums.xO (BinNums.xO BinNums.xH)))))
   else BinNums.Zpos (BinNums.xO (BinNums.xO (BinNums.xO (BinNums.xO (BinNums.xO (BinNums.xO BinNums.xH))))))) ->
rv64d_types.physaddr -> BinNums.Z -> bool -> rv64d_types.M unit
Tauto.add_term :
forall Term' Annot : Type, (Term' -> bool) -> (Term' -> Term' -> option Term') -> Term' * Annot -> Tauto.clause Term' Annot -> option (Tauto.clause Term' Annot)
Ring_polynom.add_pow_list :
forall R : Type, R -> BinNums.N -> list (R * BinNums.positive) -> list (R * BinNums.positive)
Ring_polynom.add_mult_dev :
forall R : Type, R -> R -> (R -> R -> R) -> (R -> R -> R) -> forall C : Type, C -> C -> (C -> C -> bool) -> (C -> R) -> (C -> option C) -> (R -> BinNums.positive -> R) -> (R -> R -> BinNums.positive -> R) -> R -> Ring_polynom.Pol C -> list R -> BinNums.N -> list (R * BinNums.positive) -> R
PosDef.Pos.add_carry :
BinNums.positive -> BinNums.positive -> BinNums.positive
BinInt.Z.add :
BinNums.Z -> BinNums.Z -> BinNums.Z
numbers.Qp.add :
numbers.Qp -> numbers.Qp -> numbers.Qp
BinPos.Pos.add :
BinNums.positive -> BinNums.positive -> BinNums.positive
BinNatDef.N.add :
BinNums.N -> BinNums.N -> BinNums.N
MachineWord.MachineWord.add :
forall n : BinNums.N, MachineWord.MachineWord.word n -> MachineWord.MachineWord.word n -> MachineWord.MachineWord.word n
PeanoNat.Nat.add :
nat -> nat -> nat
rv64d.access_within :
forall width : BinNums.Z, Values.mword width -> BinNums.Z -> BinNums.Z -> bool
Operators_mwords.access_vec_dec :
forall a : BinNums.Z, Values.mword a -> BinNums.Z -> Values.mword (BinNums.Zpos BinNums.xH)
Values.access_mword_dec :
forall m : BinNums.Z, Values.mword m -> BinNums.Z -> Values.mword (BinNums.Zpos BinNums.xH)
Values.access_list_inc :
forall A : Type, list A -> base.Inhabited A -> BinNums.Z -> A
Values.access_list_dec :
forall A : Type, list A -> BinNums.Z -> base.Inhabited A -> A
rv64d_types.Interface.WriteReq.access_kind :
forall n : BinNums.N, rv64d_types.Interface.WriteReq.t n -> rv64d_types.Interface.accessKind
rv64d_types.Interface.ReadReq.access_kind :
forall n : BinNums.N, rv64d_types.Interface.ReadReq.t n -> rv64d_types.Interface.accessKind
rv64d_types.Interface.accessKind :
Type
rv64d.accessFaultFromAccessType :
rv64d_types.MemoryAccessType rv64d_types.mem_payload -> rv64d_types.M rv64d_types.ExceptionType
BinInt.Z.abs_nat :
BinNums.Z -> nat
BinInt.Z.abs_N :
BinNums.Z -> BinNums.N
BinInt.Z.abs :
BinNums.Z -> BinNums.Z
rv64d_types.Arch.abort :
Type
rv64d._update_Sstatus_XS :
Values.mword (BinNums.Zpos (BinNums.xO (BinNums.xO (BinNums.xO (BinNums.xO (BinNums.xO (BinNums.xO BinNums.xH))))))) -> Values.mword (BinNums.Zpos (BinNums.xO BinNums.xH)) -> Values.mword (BinNums.Zpos (BinNums.xO (BinNums.xO (BinNums.xO (BinNums.xO (BinNums.xO (BinNums.xO BinNums.xH)))))))
rv64d._update_Sstatus_VS :
Values.mword (BinNums.Zpos (BinNums.xO (BinNums.xO (BinNums.xO (BinNums.xO (BinNums.xO (BinNums.xO BinNums.xH))))))) -> Values.mword (BinNums.Zpos (BinNums.xO BinNums.xH)) -> Values.mword (BinNums.Zpos (BinNums.xO (BinNums.xO (BinNums.xO (BinNums.xO (BinNums.xO (BinNums.xO BinNums.xH)))))))
rv64d._update_Sstatus_UXL :
Values.mword (BinNums.Zpos (BinNums.xO (BinNums.xO (BinNums.xO (BinNums.xO (BinNums.xO (BinNums.xO BinNums.xH))))))) -> Values.mword (BinNums.Zpos (BinNums.xO BinNums.xH)) -> Values.mword (BinNums.Zpos (BinNums.xO (BinNums.xO (BinNums.xO (BinNums.xO (BinNums.xO (BinNums.xO BinNums.xH)))))))
rv64d._update_Sstatus_SUM :
Values.mword (BinNums.Zpos (BinNums.xO (BinNums.xO (BinNums.xO (BinNums.xO (BinNums.xO (BinNums.xO BinNums.xH))))))) -> Values.mword (BinNums.Zpos BinNums.xH) -> Values.mword (BinNums.Zpos (BinNums.xO (BinNums.xO (BinNums.xO (BinNums.xO (BinNums.xO (BinNums.xO BinNums.xH)))))))
rv64d._update_Sstatus_SPP :
Values.mword (BinNums.Zpos (BinNums.xO (BinNums.xO (BinNums.xO (BinNums.xO (BinNums.xO (BinNums.xO BinNums.xH))))))) -> Values.mword (BinNums.Zpos BinNums.xH) -> Values.mword (BinNums.Zpos (BinNums.xO (BinNums.xO (BinNums.xO (BinNums.xO (BinNums.xO (BinNums.xO BinNums.xH)))))))
rv64d._update_Sstatus_SPIE :
Values.mword (BinNums.Zpos (BinNums.xO (BinNums.xO (BinNums.xO (BinNums.xO (BinNums.xO (BinNums.xO BinNums.xH))))))) -> Values.mword (BinNums.Zpos BinNums.xH) -> Values.mword (BinNums.Zpos (BinNums.xO (BinNums.xO (BinNums.xO (BinNums.xO (BinNums.xO (BinNums.xO BinNums.xH)))))))
rv64d._update_Sstatus_SPELP :
Values.mword (BinNums.Zpos (BinNums.xO (BinNums.xO (BinNums.xO (BinNums.xO (BinNums.xO (BinNums.xO BinNums.xH))))))) -> Values.mword (BinNums.Zpos BinNums.xH) -> Values.mword (BinNums.Zpos (BinNums.xO (BinNums.xO (BinNums.xO (BinNums.xO (BinNums.xO (BinNums.xO BinNums.xH)))))))
rv64d._update_Sstatus_SIE :
Values.mword (BinNums.Zpos (BinNums.xO (BinNums.xO (BinNums.xO (BinNums.xO (BinNums.xO (BinNums.xO BinNums.xH))))))) -> Values.mword (BinNums.Zpos BinNums.xH) -> Values.mword (BinNums.Zpos (BinNums.xO (BinNums.xO (BinNums.xO (BinNums.xO (BinNums.xO (BinNums.xO BinNums.xH)))))))
rv64d._update_Sstatus_SD :
Values.mword (BinNums.Zpos (BinNums.xO (BinNums.xO (BinNums.xO (BinNums.xO (BinNums.xO (BinNums.xO BinNums.xH))))))) ->
Values.mword
  (BinInt.Z.add
     (BinInt.Z.sub (BinInt.Z.sub (BinNums.Zpos (BinNums.xO (BinNums.xO (BinNums.xO (BinNums.xO (BinNums.xO (BinNums.xO BinNums.xH))))))) (BinNums.Zpos BinNums.xH))
        (BinInt.Z.sub (BinNums.Zpos (BinNums.xO (BinNums.xO (BinNums.xO (BinNums.xO (BinNums.xO (BinNums.xO BinNums.xH))))))) (BinNums.Zpos BinNums.xH)))
     (BinNums.Zpos BinNums.xH)) ->
Values.mword (BinNums.Zpos (BinNums.xO (BinNums.xO (BinNums.xO (BinNums.xO (BinNums.xO (BinNums.xO BinNums.xH)))))))
rv64d._update_Sstatus_MXR :
Values.mword (BinNums.Zpos (BinNums.xO (BinNums.xO (BinNums.xO (BinNums.xO (BinNums.xO (BinNums.xO BinNums.xH))))))) -> Values.mword (BinNums.Zpos BinNums.xH) -> Values.mword (BinNums.Zpos (BinNums.xO (BinNums.xO (BinNums.xO (BinNums.xO (BinNums.xO (BinNums.xO BinNums.xH)))))))
rv64d._update_Sstatus_FS :
Values.mword (BinNums.Zpos (BinNums.xO (BinNums.xO (BinNums.xO (BinNums.xO (BinNums.xO (BinNums.xO BinNums.xH))))))) -> Values.mword (BinNums.Zpos (BinNums.xO BinNums.xH)) -> Values.mword (BinNums.Zpos (BinNums.xO (BinNums.xO (BinNums.xO (BinNums.xO (BinNums.xO (BinNums.xO BinNums.xH)))))))
rv64d._update_Sstateen0_FCSR :
Values.mword (BinNums.Zpos (BinNums.xO (BinNums.xO (BinNums.xO (BinNums.xO (BinNums.xO BinNums.xH)))))) -> Values.mword (BinNums.Zpos BinNums.xH) -> Values.mword (BinNums.Zpos (BinNums.xO (BinNums.xO (BinNums.xO (BinNums.xO (BinNums.xO BinNums.xH))))))
rv64d._update_Sstateen0_C :
Values.mword (BinNums.Zpos (BinNums.xO (BinNums.xO (BinNums.xO (BinNums.xO (BinNums.xO BinNums.xH)))))) -> Values.mword (BinNums.Zpos BinNums.xH) -> Values.mword (BinNums.Zpos (BinNums.xO (BinNums.xO (BinNums.xO (BinNums.xO (BinNums.xO BinNums.xH))))))
rv64d._update_Srmcfg_RCID :
Values.mword (BinNums.Zpos (BinNums.xO (BinNums.xO (BinNums.xO (BinNums.xO (BinNums.xO (BinNums.xO BinNums.xH))))))) ->
Values.mword (BinNums.Zpos (BinNums.xO (BinNums.xO (BinNums.xI BinNums.xH)))) -> Values.mword (BinNums.Zpos (BinNums.xO (BinNums.xO (BinNums.xO (BinNums.xO (BinNums.xO (BinNums.xO BinNums.xH)))))))
rv64d._update_Srmcfg_MCID :
Values.mword (BinNums.Zpos (BinNums.xO (BinNums.xO (BinNums.xO (BinNums.xO (BinNums.xO (BinNums.xO BinNums.xH))))))) ->
Values.mword (BinNums.Zpos (BinNums.xO (BinNums.xO (BinNums.xI BinNums.xH)))) -> Values.mword (BinNums.Zpos (BinNums.xO (BinNums.xO (BinNums.xO (BinNums.xO (BinNums.xO (BinNums.xO BinNums.xH)))))))
rv64d._update_Sinterrupts_STI :
Values.mword (BinNums.Zpos (BinNums.xO (BinNums.xO (BinNums.xO (BinNums.xO (BinNums.xO (BinNums.xO BinNums.xH))))))) -> Values.mword (BinNums.Zpos BinNums.xH) -> Values.mword (BinNums.Zpos (BinNums.xO (BinNums.xO (BinNums.xO (BinNums.xO (BinNums.xO (BinNums.xO BinNums.xH)))))))
rv64d._update_Sinterrupts_SSI :
Values.mword (BinNums.Zpos (BinNums.xO (BinNums.xO (BinNums.xO (BinNums.xO (BinNums.xO (BinNums.xO BinNums.xH))))))) -> Values.mword (BinNums.Zpos BinNums.xH) -> Values.mword (BinNums.Zpos (BinNums.xO (BinNums.xO (BinNums.xO (BinNums.xO (BinNums.xO (BinNums.xO BinNums.xH)))))))
rv64d._update_Sinterrupts_SEI :
Values.mword (BinNums.Zpos (BinNums.xO (BinNums.xO (BinNums.xO (BinNums.xO (BinNums.xO (BinNums.xO BinNums.xH))))))) -> Values.mword (BinNums.Zpos BinNums.xH) -> Values.mword (BinNums.Zpos (BinNums.xO (BinNums.xO (BinNums.xO (BinNums.xO (BinNums.xO (BinNums.xO BinNums.xH)))))))
rv64d._update_Sinterrupts_MTI :
Values.mword (BinNums.Zpos (BinNums.xO (BinNums.xO (BinNums.xO (BinNums.xO (BinNums.xO (BinNums.xO BinNums.xH))))))) -> Values.mword (BinNums.Zpos BinNums.xH) -> Values.mword (BinNums.Zpos (BinNums.xO (BinNums.xO (BinNums.xO (BinNums.xO (BinNums.xO (BinNums.xO BinNums.xH)))))))
rv64d._update_Sinterrupts_MSI :
Values.mword (BinNums.Zpos (BinNums.xO (BinNums.xO (BinNums.xO (BinNums.xO (BinNums.xO (BinNums.xO BinNums.xH))))))) -> Values.mword (BinNums.Zpos BinNums.xH) -> Values.mword (BinNums.Zpos (BinNums.xO (BinNums.xO (BinNums.xO (BinNums.xO (BinNums.xO (BinNums.xO BinNums.xH)))))))
rv64d._update_Sinterrupts_MEI :
Values.mword (BinNums.Zpos (BinNums.xO (BinNums.xO (BinNums.xO (BinNums.xO (BinNums.xO (BinNums.xO BinNums.xH))))))) -> Values.mword (BinNums.Zpos BinNums.xH) -> Values.mword (BinNums.Zpos (BinNums.xO (BinNums.xO (BinNums.xO (BinNums.xO (BinNums.xO (BinNums.xO BinNums.xH)))))))
rv64d._update_Sinterrupts_LCOFI :
Values.mword (BinNums.Zpos (BinNums.xO (BinNums.xO (BinNums.xO (BinNums.xO (BinNums.xO (BinNums.xO BinNums.xH))))))) -> Values.mword (BinNums.Zpos BinNums.xH) -> Values.mword (BinNums.Zpos (BinNums.xO (BinNums.xO (BinNums.xO (BinNums.xO (BinNums.xO (BinNums.xO BinNums.xH)))))))
rv64d._update_Seccfg_USEED :
Values.mword (BinNums.Zpos (BinNums.xO (BinNums.xO (BinNums.xO (BinNums.xO (BinNums.xO (BinNums.xO BinNums.xH))))))) -> Values.mword (BinNums.Zpos BinNums.xH) -> Values.mword (BinNums.Zpos (BinNums.xO (BinNums.xO (BinNums.xO (BinNums.xO (BinNums.xO (BinNums.xO BinNums.xH)))))))
rv64d._update_Seccfg_SSEED :
Values.mword (BinNums.Zpos (BinNums.xO (BinNums.xO (BinNums.xO (BinNums.xO (BinNums.xO (BinNums.xO BinNums.xH))))))) -> Values.mword (BinNums.Zpos BinNums.xH) -> Values.mword (BinNums.Zpos (BinNums.xO (BinNums.xO (BinNums.xO (BinNums.xO (BinNums.xO (BinNums.xO BinNums.xH)))))))
rv64d._update_Seccfg_PMM :
Values.mword (BinNums.Zpos (BinNums.xO (BinNums.xO (BinNums.xO (BinNums.xO (BinNums.xO (BinNums.xO BinNums.xH))))))) -> Values.mword (BinNums.Zpos (BinNums.xO BinNums.xH)) -> Values.mword (BinNums.Zpos (BinNums.xO (BinNums.xO (BinNums.xO (BinNums.xO (BinNums.xO (BinNums.xO BinNums.xH)))))))
rv64d._update_Seccfg_MLPE :
Values.mword (BinNums.Zpos (BinNums.xO (BinNums.xO (BinNums.xO (BinNums.xO (BinNums.xO (BinNums.xO BinNums.xH))))))) -> Values.mword (BinNums.Zpos BinNums.xH) -> Values.mword (BinNums.Zpos (BinNums.xO (BinNums.xO (BinNums.xO (BinNums.xO (BinNums.xO (BinNums.xO BinNums.xH)))))))
rv64d._update_Satp64_PPN :
Values.mword (BinNums.Zpos (BinNums.xO (BinNums.xO (BinNums.xO (BinNums.xO (BinNums.xO (BinNums.xO BinNums.xH))))))) ->
Values.mword (BinNums.Zpos (BinNums.xO (BinNums.xO (BinNums.xI (BinNums.xI (BinNums.xO BinNums.xH)))))) -> Values.mword (BinNums.Zpos (BinNums.xO (BinNums.xO (BinNums.xO (BinNums.xO (BinNums.xO (BinNums.xO BinNums.xH)))))))
rv64d._update_SEnvcfg_SSE :
Values.mword (BinNums.Zpos (BinNums.xO (BinNums.xO (BinNums.xO (BinNums.xO (BinNums.xO (BinNums.xO BinNums.xH))))))) -> Values.mword (BinNums.Zpos BinNums.xH) -> Values.mword (BinNums.Zpos (BinNums.xO (BinNums.xO (BinNums.xO (BinNums.xO (BinNums.xO (BinNums.xO BinNums.xH)))))))
rv64d._update_SEnvcfg_PMM :
Values.mword (BinNums.Zpos (BinNums.xO (BinNums.xO (BinNums.xO (BinNums.xO (BinNums.xO (BinNums.xO BinNums.xH))))))) -> Values.mword (BinNums.Zpos (BinNums.xO BinNums.xH)) -> Values.mword (BinNums.Zpos (BinNums.xO (BinNums.xO (BinNums.xO (BinNums.xO (BinNums.xO (BinNums.xO BinNums.xH)))))))
rv64d._update_SEnvcfg_LPE :
Values.mword (BinNums.Zpos (BinNums.xO (BinNums.xO (BinNums.xO (BinNums.xO (BinNums.xO (BinNums.xO BinNums.xH))))))) -> Values.mword (BinNums.Zpos BinNums.xH) -> Values.mword (BinNums.Zpos (BinNums.xO (BinNums.xO (BinNums.xO (BinNums.xO (BinNums.xO (BinNums.xO BinNums.xH)))))))
rv64d._update_SEnvcfg_FIOM :
Values.mword (BinNums.Zpos (BinNums.xO (BinNums.xO (BinNums.xO (BinNums.xO (BinNums.xO (BinNums.xO BinNums.xH))))))) -> Values.mword (BinNums.Zpos BinNums.xH) -> Values.mword (BinNums.Zpos (BinNums.xO (BinNums.xO (BinNums.xO (BinNums.xO (BinNums.xO (BinNums.xO BinNums.xH)))))))
rv64d._update_SEnvcfg_CBZE :
Values.mword (BinNums.Zpos (BinNums.xO (BinNums.xO (BinNums.xO (BinNums.xO (BinNums.xO (BinNums.xO BinNums.xH))))))) -> Values.mword (BinNums.Zpos BinNums.xH) -> Values.mword (BinNums.Zpos (BinNums.xO (BinNums.xO (BinNums.xO (BinNums.xO (BinNums.xO (BinNums.xO BinNums.xH)))))))
rv64d._update_SEnvcfg_CBIE :
Values.mword (BinNums.Zpos (BinNums.xO (BinNums.xO (BinNums.xO (BinNums.xO (BinNums.xO (BinNums.xO BinNums.xH))))))) -> Values.mword (BinNums.Zpos (BinNums.xO BinNums.xH)) -> Values.mword (BinNums.Zpos (BinNums.xO (BinNums.xO (BinNums.xO (BinNums.xO (BinNums.xO (BinNums.xO BinNums.xH)))))))
rv64d._update_SEnvcfg_CBCFE :
Values.mword (BinNums.Zpos (BinNums.xO (BinNums.xO (BinNums.xO (BinNums.xO (BinNums.xO (BinNums.xO BinNums.xH))))))) -> Values.mword (BinNums.Zpos BinNums.xH) -> Values.mword (BinNums.Zpos (BinNums.xO (BinNums.xO (BinNums.xO (BinNums.xO (BinNums.xO (BinNums.xO BinNums.xH)))))))
rv64d._update_Pmpcfg_ent_X :
Values.mword (BinNums.Zpos (BinNums.xO (BinNums.xO (BinNums.xO BinNums.xH)))) -> Values.mword (BinNums.Zpos BinNums.xH) -> Values.mword (BinNums.Zpos (BinNums.xO (BinNums.xO (BinNums.xO BinNums.xH))))
rv64d._update_Pmpcfg_ent_W :
Values.mword (BinNums.Zpos (BinNums.xO (BinNums.xO (BinNums.xO BinNums.xH)))) -> Values.mword (BinNums.Zpos BinNums.xH) -> Values.mword (BinNums.Zpos (BinNums.xO (BinNums.xO (BinNums.xO BinNums.xH))))
rv64d._update_Pmpcfg_ent_R :
Values.mword (BinNums.Zpos (BinNums.xO (BinNums.xO (BinNums.xO BinNums.xH)))) -> Values.mword (BinNums.Zpos BinNums.xH) -> Values.mword (BinNums.Zpos (BinNums.xO (BinNums.xO (BinNums.xO BinNums.xH))))
rv64d._update_Pmpcfg_ent_L :
Values.mword (BinNums.Zpos (BinNums.xO (BinNums.xO (BinNums.xO BinNums.xH)))) -> Values.mword (BinNums.Zpos BinNums.xH) -> Values.mword (BinNums.Zpos (BinNums.xO (BinNums.xO (BinNums.xO BinNums.xH))))
rv64d._update_Pmpcfg_ent_A :
Values.mword (BinNums.Zpos (BinNums.xO (BinNums.xO (BinNums.xO BinNums.xH)))) -> Values.mword (BinNums.Zpos (BinNums.xO BinNums.xH)) -> Values.mword (BinNums.Zpos (BinNums.xO (BinNums.xO (BinNums.xO BinNums.xH))))
rv64d._update_PTE_Flags_D :
Values.mword (BinNums.Zpos (BinNums.xO (BinNums.xO (BinNums.xO BinNums.xH)))) -> Values.mword (BinNums.Zpos BinNums.xH) -> Values.mword (BinNums.Zpos (BinNums.xO (BinNums.xO (BinNums.xO BinNums.xH))))
rv64d._update_PTE_Flags_A :
Values.mword (BinNums.Zpos (BinNums.xO (BinNums.xO (BinNums.xO BinNums.xH)))) -> Values.mword (BinNums.Zpos BinNums.xH) -> Values.mword (BinNums.Zpos (BinNums.xO (BinNums.xO (BinNums.xO BinNums.xH))))
rv64d._update_Mtvec_Mode :
Values.mword (BinNums.Zpos (BinNums.xO (BinNums.xO (BinNums.xO (BinNums.xO (BinNums.xO (BinNums.xO BinNums.xH))))))) -> Values.mword (BinNums.Zpos (BinNums.xO BinNums.xH)) -> Values.mword (BinNums.Zpos (BinNums.xO (BinNums.xO (BinNums.xO (BinNums.xO (BinNums.xO (BinNums.xO BinNums.xH)))))))
rv64d._update_Mtvec_Base :
Values.mword (BinNums.Zpos (BinNums.xO (BinNums.xO (BinNums.xO (BinNums.xO (BinNums.xO (BinNums.xO BinNums.xH))))))) ->
Values.mword (BinInt.Z.sub (BinNums.Zpos (BinNums.xO (BinNums.xO (BinNums.xO (BinNums.xO (BinNums.xO (BinNums.xO BinNums.xH))))))) (BinNums.Zpos (BinNums.xO BinNums.xH))) -> Values.mword (BinNums.Zpos (BinNums.xO (BinNums.xO (BinNums.xO (BinNums.xO (BinNums.xO (BinNums.xO BinNums.xH)))))))
rv64d._update_Mstatus_XS :
Values.mword (BinNums.Zpos (BinNums.xO (BinNums.xO (BinNums.xO (BinNums.xO (BinNums.xO (BinNums.xO BinNums.xH))))))) -> Values.mword (BinNums.Zpos (BinNums.xO BinNums.xH)) -> Values.mword (BinNums.Zpos (BinNums.xO (BinNums.xO (BinNums.xO (BinNums.xO (BinNums.xO (BinNums.xO BinNums.xH)))))))
rv64d._update_Mstatus_VS :
Values.mword (BinNums.Zpos (BinNums.xO (BinNums.xO (BinNums.xO (BinNums.xO (BinNums.xO (BinNums.xO BinNums.xH))))))) -> Values.mword (BinNums.Zpos (BinNums.xO BinNums.xH)) -> Values.mword (BinNums.Zpos (BinNums.xO (BinNums.xO (BinNums.xO (BinNums.xO (BinNums.xO (BinNums.xO BinNums.xH)))))))
rv64d._update_Mstatus_UXL :
Values.mword (BinNums.Zpos (BinNums.xO (BinNums.xO (BinNums.xO (BinNums.xO (BinNums.xO (BinNums.xO BinNums.xH))))))) -> Values.mword (BinNums.Zpos (BinNums.xO BinNums.xH)) -> Values.mword (BinNums.Zpos (BinNums.xO (BinNums.xO (BinNums.xO (BinNums.xO (BinNums.xO (BinNums.xO BinNums.xH)))))))
rv64d._update_Mstatus_TW :
Values.mword (BinNums.Zpos (BinNums.xO (BinNums.xO (BinNums.xO (BinNums.xO (BinNums.xO (BinNums.xO BinNums.xH))))))) -> Values.mword (BinNums.Zpos BinNums.xH) -> Values.mword (BinNums.Zpos (BinNums.xO (BinNums.xO (BinNums.xO (BinNums.xO (BinNums.xO (BinNums.xO BinNums.xH)))))))
rv64d._update_Mstatus_TVM :
Values.mword (BinNums.Zpos (BinNums.xO (BinNums.xO (BinNums.xO (BinNums.xO (BinNums.xO (BinNums.xO BinNums.xH))))))) -> Values.mword (BinNums.Zpos BinNums.xH) -> Values.mword (BinNums.Zpos (BinNums.xO (BinNums.xO (BinNums.xO (BinNums.xO (BinNums.xO (BinNums.xO BinNums.xH)))))))
rv64d._update_Mstatus_TSR :
Values.mword (BinNums.Zpos (BinNums.xO (BinNums.xO (BinNums.xO (BinNums.xO (BinNums.xO (BinNums.xO BinNums.xH))))))) -> Values.mword (BinNums.Zpos BinNums.xH) -> Values.mword (BinNums.Zpos (BinNums.xO (BinNums.xO (BinNums.xO (BinNums.xO (BinNums.xO (BinNums.xO BinNums.xH)))))))
rv64d._update_Mstatus_SUM :
Values.mword (BinNums.Zpos (BinNums.xO (BinNums.xO (BinNums.xO (BinNums.xO (BinNums.xO (BinNums.xO BinNums.xH))))))) -> Values.mword (BinNums.Zpos BinNums.xH) -> Values.mword (BinNums.Zpos (BinNums.xO (BinNums.xO (BinNums.xO (BinNums.xO (BinNums.xO (BinNums.xO BinNums.xH)))))))
rv64d._update_Mstatus_SPP :
Values.mword (BinNums.Zpos (BinNums.xO (BinNums.xO (BinNums.xO (BinNums.xO (BinNums.xO (BinNums.xO BinNums.xH))))))) -> Values.mword (BinNums.Zpos BinNums.xH) -> Values.mword (BinNums.Zpos (BinNums.xO (BinNums.xO (BinNums.xO (BinNums.xO (BinNums.xO (BinNums.xO BinNums.xH)))))))
rv64d._update_Mstatus_SPIE :
Values.mword (BinNums.Zpos (BinNums.xO (BinNums.xO (BinNums.xO (BinNums.xO (BinNums.xO (BinNums.xO BinNums.xH))))))) -> Values.mword (BinNums.Zpos BinNums.xH) -> Values.mword (BinNums.Zpos (BinNums.xO (BinNums.xO (BinNums.xO (BinNums.xO (BinNums.xO (BinNums.xO BinNums.xH)))))))
rv64d._update_Mstatus_SPELP :
Values.mword (BinNums.Zpos (BinNums.xO (BinNums.xO (BinNums.xO (BinNums.xO (BinNums.xO (BinNums.xO BinNums.xH))))))) -> Values.mword (BinNums.Zpos BinNums.xH) -> Values.mword (BinNums.Zpos (BinNums.xO (BinNums.xO (BinNums.xO (BinNums.xO (BinNums.xO (BinNums.xO BinNums.xH)))))))
rv64d._update_Mstatus_SIE :
Values.mword (BinNums.Zpos (BinNums.xO (BinNums.xO (BinNums.xO (BinNums.xO (BinNums.xO (BinNums.xO BinNums.xH))))))) -> Values.mword (BinNums.Zpos BinNums.xH) -> Values.mword (BinNums.Zpos (BinNums.xO (BinNums.xO (BinNums.xO (BinNums.xO (BinNums.xO (BinNums.xO BinNums.xH)))))))
rv64d._update_Mstatus_SD :
Values.mword (BinNums.Zpos (BinNums.xO (BinNums.xO (BinNums.xO (BinNums.xO (BinNums.xO (BinNums.xO BinNums.xH))))))) ->
Values.mword
  (BinInt.Z.add
     (BinInt.Z.sub (BinInt.Z.sub (BinNums.Zpos (BinNums.xO (BinNums.xO (BinNums.xO (BinNums.xO (BinNums.xO (BinNums.xO BinNums.xH))))))) (BinNums.Zpos BinNums.xH))
        (BinInt.Z.sub (BinNums.Zpos (BinNums.xO (BinNums.xO (BinNums.xO (BinNums.xO (BinNums.xO (BinNums.xO BinNums.xH))))))) (BinNums.Zpos BinNums.xH)))
     (BinNums.Zpos BinNums.xH)) ->
Values.mword (BinNums.Zpos (BinNums.xO (BinNums.xO (BinNums.xO (BinNums.xO (BinNums.xO (BinNums.xO BinNums.xH)))))))
rv64d._update_Mstatus_MXR :
Values.mword (BinNums.Zpos (BinNums.xO (BinNums.xO (BinNums.xO (BinNums.xO (BinNums.xO (BinNums.xO BinNums.xH))))))) -> Values.mword (BinNums.Zpos BinNums.xH) -> Values.mword (BinNums.Zpos (BinNums.xO (BinNums.xO (BinNums.xO (BinNums.xO (BinNums.xO (BinNums.xO BinNums.xH)))))))
rv64d._update_Mstatus_MPRV :
Values.mword (BinNums.Zpos (BinNums.xO (BinNums.xO (BinNums.xO (BinNums.xO (BinNums.xO (BinNums.xO BinNums.xH))))))) -> Values.mword (BinNums.Zpos BinNums.xH) -> Values.mword (BinNums.Zpos (BinNums.xO (BinNums.xO (BinNums.xO (BinNums.xO (BinNums.xO (BinNums.xO BinNums.xH)))))))
rv64d._update_Mstatus_MPP :
Values.mword (BinNums.Zpos (BinNums.xO (BinNums.xO (BinNums.xO (BinNums.xO (BinNums.xO (BinNums.xO BinNums.xH))))))) -> Values.mword (BinNums.Zpos (BinNums.xO BinNums.xH)) -> Values.mword (BinNums.Zpos (BinNums.xO (BinNums.xO (BinNums.xO (BinNums.xO (BinNums.xO (BinNums.xO BinNums.xH)))))))
rv64d._update_Mstatus_MPIE :
Values.mword (BinNums.Zpos (BinNums.xO (BinNums.xO (BinNums.xO (BinNums.xO (BinNums.xO (BinNums.xO BinNums.xH))))))) -> Values.mword (BinNums.Zpos BinNums.xH) -> Values.mword (BinNums.Zpos (BinNums.xO (BinNums.xO (BinNums.xO (BinNums.xO (BinNums.xO (BinNums.xO BinNums.xH)))))))
rv64d._update_Mstatus_MPELP :
Values.mword (BinNums.Zpos (BinNums.xO (BinNums.xO (BinNums.xO (BinNums.xO (BinNums.xO (BinNums.xO BinNums.xH))))))) -> Values.mword (BinNums.Zpos BinNums.xH) -> Values.mword (BinNums.Zpos (BinNums.xO (BinNums.xO (BinNums.xO (BinNums.xO (BinNums.xO (BinNums.xO BinNums.xH)))))))
rv64d._update_Mstatus_MIE :
Values.mword (BinNums.Zpos (BinNums.xO (BinNums.xO (BinNums.xO (BinNums.xO (BinNums.xO (BinNums.xO BinNums.xH))))))) -> Values.mword (BinNums.Zpos BinNums.xH) -> Values.mword (BinNums.Zpos (BinNums.xO (BinNums.xO (BinNums.xO (BinNums.xO (BinNums.xO (BinNums.xO BinNums.xH)))))))
rv64d._update_Mstatus_FS :
Values.mword (BinNums.Zpos (BinNums.xO (BinNums.xO (BinNums.xO (BinNums.xO (BinNums.xO (BinNums.xO BinNums.xH))))))) -> Values.mword (BinNums.Zpos (BinNums.xO BinNums.xH)) -> Values.mword (BinNums.Zpos (BinNums.xO (BinNums.xO (BinNums.xO (BinNums.xO (BinNums.xO (BinNums.xO BinNums.xH)))))))
rv64d._update_Mstateen0_SRMCFG :
Values.mword (BinNums.Zpos (BinNums.xO (BinNums.xO (BinNums.xO (BinNums.xO (BinNums.xO (BinNums.xO BinNums.xH))))))) -> Values.mword (BinNums.Zpos BinNums.xH) -> Values.mword (BinNums.Zpos (BinNums.xO (BinNums.xO (BinNums.xO (BinNums.xO (BinNums.xO (BinNums.xO BinNums.xH)))))))
rv64d._update_Mstateen0_SE0 :
Values.mword (BinNums.Zpos (BinNums.xO (BinNums.xO (BinNums.xO (BinNums.xO (BinNums.xO (BinNums.xO BinNums.xH))))))) -> Values.mword (BinNums.Zpos BinNums.xH) -> Values.mword (BinNums.Zpos (BinNums.xO (BinNums.xO (BinNums.xO (BinNums.xO (BinNums.xO (BinNums.xO BinNums.xH)))))))
rv64d._update_Mstateen0_FCSR :
Values.mword (BinNums.Zpos (BinNums.xO (BinNums.xO (BinNums.xO (BinNums.xO (BinNums.xO (BinNums.xO BinNums.xH))))))) -> Values.mword (BinNums.Zpos BinNums.xH) -> Values.mword (BinNums.Zpos (BinNums.xO (BinNums.xO (BinNums.xO (BinNums.xO (BinNums.xO (BinNums.xO BinNums.xH)))))))
rv64d._update_Mstateen0_ENVCFG :
Values.mword (BinNums.Zpos (BinNums.xO (BinNums.xO (BinNums.xO (BinNums.xO (BinNums.xO (BinNums.xO BinNums.xH))))))) -> Values.mword (BinNums.Zpos BinNums.xH) -> Values.mword (BinNums.Zpos (BinNums.xO (BinNums.xO (BinNums.xO (BinNums.xO (BinNums.xO (BinNums.xO BinNums.xH)))))))
rv64d._update_Mstateen0_C :
Values.mword (BinNums.Zpos (BinNums.xO (BinNums.xO (BinNums.xO (BinNums.xO (BinNums.xO (BinNums.xO BinNums.xH))))))) -> Values.mword (BinNums.Zpos BinNums.xH) -> Values.mword (BinNums.Zpos (BinNums.xO (BinNums.xO (BinNums.xO (BinNums.xO (BinNums.xO (BinNums.xO BinNums.xH)))))))
rv64d._update_Misa_V :
Values.mword (BinNums.Zpos (BinNums.xO (BinNums.xO (BinNums.xO (BinNums.xO (BinNums.xO (BinNums.xO BinNums.xH))))))) -> Values.mword (BinNums.Zpos BinNums.xH) -> Values.mword (BinNums.Zpos (BinNums.xO (BinNums.xO (BinNums.xO (BinNums.xO (BinNums.xO (BinNums.xO BinNums.xH)))))))
rv64d._update_Misa_U :
Values.mword (BinNums.Zpos (BinNums.xO (BinNums.xO (BinNums.xO (BinNums.xO (BinNums.xO (BinNums.xO BinNums.xH))))))) -> Values.mword (BinNums.Zpos BinNums.xH) -> Values.mword (BinNums.Zpos (BinNums.xO (BinNums.xO (BinNums.xO (BinNums.xO (BinNums.xO (BinNums.xO BinNums.xH)))))))
rv64d._update_Misa_S :
Values.mword (BinNums.Zpos (BinNums.xO (BinNums.xO (BinNums.xO (BinNums.xO (BinNums.xO (BinNums.xO BinNums.xH))))))) -> Values.mword (BinNums.Zpos BinNums.xH) -> Values.mword (BinNums.Zpos (BinNums.xO (BinNums.xO (BinNums.xO (BinNums.xO (BinNums.xO (BinNums.xO BinNums.xH)))))))
rv64d._update_Misa_M :
Values.mword (BinNums.Zpos (BinNums.xO (BinNums.xO (BinNums.xO (BinNums.xO (BinNums.xO (BinNums.xO BinNums.xH))))))) -> Values.mword (BinNums.Zpos BinNums.xH) -> Values.mword (BinNums.Zpos (BinNums.xO (BinNums.xO (BinNums.xO (BinNums.xO (BinNums.xO (BinNums.xO BinNums.xH)))))))
rv64d._update_Misa_I :
Values.mword (BinNums.Zpos (BinNums.xO (BinNums.xO (BinNums.xO (BinNums.xO (BinNums.xO (BinNums.xO BinNums.xH))))))) -> Values.mword (BinNums.Zpos BinNums.xH) -> Values.mword (BinNums.Zpos (BinNums.xO (BinNums.xO (BinNums.xO (BinNums.xO (BinNums.xO (BinNums.xO BinNums.xH)))))))
rv64d._update_Misa_H :
Values.mword (BinNums.Zpos (BinNums.xO (BinNums.xO (BinNums.xO (BinNums.xO (BinNums.xO (BinNums.xO BinNums.xH))))))) -> Values.mword (BinNums.Zpos BinNums.xH) -> Values.mword (BinNums.Zpos (BinNums.xO (BinNums.xO (BinNums.xO (BinNums.xO (BinNums.xO (BinNums.xO BinNums.xH)))))))
rv64d._update_Misa_F :
Values.mword (BinNums.Zpos (BinNums.xO (BinNums.xO (BinNums.xO (BinNums.xO (BinNums.xO (BinNums.xO BinNums.xH))))))) -> Values.mword (BinNums.Zpos BinNums.xH) -> Values.mword (BinNums.Zpos (BinNums.xO (BinNums.xO (BinNums.xO (BinNums.xO (BinNums.xO (BinNums.xO BinNums.xH)))))))
rv64d._update_Misa_E :
Values.mword (BinNums.Zpos (BinNums.xO (BinNums.xO (BinNums.xO (BinNums.xO (BinNums.xO (BinNums.xO BinNums.xH))))))) -> Values.mword (BinNums.Zpos BinNums.xH) -> Values.mword (BinNums.Zpos (BinNums.xO (BinNums.xO (BinNums.xO (BinNums.xO (BinNums.xO (BinNums.xO BinNums.xH)))))))
rv64d._update_Misa_D :
Values.mword (BinNums.Zpos (BinNums.xO (BinNums.xO (BinNums.xO (BinNums.xO (BinNums.xO (BinNums.xO BinNums.xH))))))) -> Values.mword (BinNums.Zpos BinNums.xH) -> Values.mword (BinNums.Zpos (BinNums.xO (BinNums.xO (BinNums.xO (BinNums.xO (BinNums.xO (BinNums.xO BinNums.xH)))))))
rv64d._update_Misa_C :
Values.mword (BinNums.Zpos (BinNums.xO (BinNums.xO (BinNums.xO (BinNums.xO (BinNums.xO (BinNums.xO BinNums.xH))))))) -> Values.mword (BinNums.Zpos BinNums.xH) -> Values.mword (BinNums.Zpos (BinNums.xO (BinNums.xO (BinNums.xO (BinNums.xO (BinNums.xO (BinNums.xO BinNums.xH)))))))
rv64d._update_Misa_B :
Values.mword (BinNums.Zpos (BinNums.xO (BinNums.xO (BinNums.xO (BinNums.xO (BinNums.xO (BinNums.xO BinNums.xH))))))) -> Values.mword (BinNums.Zpos BinNums.xH) -> Values.mword (BinNums.Zpos (BinNums.xO (BinNums.xO (BinNums.xO (BinNums.xO (BinNums.xO (BinNums.xO BinNums.xH)))))))
rv64d._update_Misa_A :
Values.mword (BinNums.Zpos (BinNums.xO (BinNums.xO (BinNums.xO (BinNums.xO (BinNums.xO (BinNums.xO BinNums.xH))))))) -> Values.mword (BinNums.Zpos BinNums.xH) -> Values.mword (BinNums.Zpos (BinNums.xO (BinNums.xO (BinNums.xO (BinNums.xO (BinNums.xO (BinNums.xO BinNums.xH)))))))
rv64d._update_Minterrupts_STI :
Values.mword (BinNums.Zpos (BinNums.xO (BinNums.xO (BinNums.xO (BinNums.xO (BinNums.xO (BinNums.xO BinNums.xH))))))) -> Values.mword (BinNums.Zpos BinNums.xH) -> Values.mword (BinNums.Zpos (BinNums.xO (BinNums.xO (BinNums.xO (BinNums.xO (BinNums.xO (BinNums.xO BinNums.xH)))))))
rv64d._update_Minterrupts_SSI :
Values.mword (BinNums.Zpos (BinNums.xO (BinNums.xO (BinNums.xO (BinNums.xO (BinNums.xO (BinNums.xO BinNums.xH))))))) -> Values.mword (BinNums.Zpos BinNums.xH) -> Values.mword (BinNums.Zpos (BinNums.xO (BinNums.xO (BinNums.xO (BinNums.xO (BinNums.xO (BinNums.xO BinNums.xH)))))))
rv64d._update_Minterrupts_SEI :
Values.mword (BinNums.Zpos (BinNums.xO (BinNums.xO (BinNums.xO (BinNums.xO (BinNums.xO (BinNums.xO BinNums.xH))))))) -> Values.mword (BinNums.Zpos BinNums.xH) -> Values.mword (BinNums.Zpos (BinNums.xO (BinNums.xO (BinNums.xO (BinNums.xO (BinNums.xO (BinNums.xO BinNums.xH)))))))
rv64d._update_Minterrupts_MTI :
Values.mword (BinNums.Zpos (BinNums.xO (BinNums.xO (BinNums.xO (BinNums.xO (BinNums.xO (BinNums.xO BinNums.xH))))))) -> Values.mword (BinNums.Zpos BinNums.xH) -> Values.mword (BinNums.Zpos (BinNums.xO (BinNums.xO (BinNums.xO (BinNums.xO (BinNums.xO (BinNums.xO BinNums.xH)))))))
rv64d._update_Minterrupts_MSI :
Values.mword (BinNums.Zpos (BinNums.xO (BinNums.xO (BinNums.xO (BinNums.xO (BinNums.xO (BinNums.xO BinNums.xH))))))) -> Values.mword (BinNums.Zpos BinNums.xH) -> Values.mword (BinNums.Zpos (BinNums.xO (BinNums.xO (BinNums.xO (BinNums.xO (BinNums.xO (BinNums.xO BinNums.xH)))))))
rv64d._update_Minterrupts_MEI :
Values.mword (BinNums.Zpos (BinNums.xO (BinNums.xO (BinNums.xO (BinNums.xO (BinNums.xO (BinNums.xO BinNums.xH))))))) -> Values.mword (BinNums.Zpos BinNums.xH) -> Values.mword (BinNums.Zpos (BinNums.xO (BinNums.xO (BinNums.xO (BinNums.xO (BinNums.xO (BinNums.xO BinNums.xH)))))))
rv64d._update_Minterrupts_LCOFI :
Values.mword (BinNums.Zpos (BinNums.xO (BinNums.xO (BinNums.xO (BinNums.xO (BinNums.xO (BinNums.xO BinNums.xH))))))) -> Values.mword (BinNums.Zpos BinNums.xH) -> Values.mword (BinNums.Zpos (BinNums.xO (BinNums.xO (BinNums.xO (BinNums.xO (BinNums.xO (BinNums.xO BinNums.xH)))))))
rv64d._update_Medeleg_MEnvCall :
Values.mword (BinNums.Zpos (BinNums.xO (BinNums.xO (BinNums.xO (BinNums.xO (BinNums.xO (BinNums.xO BinNums.xH))))))) -> Values.mword (BinNums.Zpos BinNums.xH) -> Values.mword (BinNums.Zpos (BinNums.xO (BinNums.xO (BinNums.xO (BinNums.xO (BinNums.xO (BinNums.xO BinNums.xH)))))))
rv64d._update_Medeleg_Double_Trap :
Values.mword (BinNums.Zpos (BinNums.xO (BinNums.xO (BinNums.xO (BinNums.xO (BinNums.xO (BinNums.xO BinNums.xH))))))) -> Values.mword (BinNums.Zpos BinNums.xH) -> Values.mword (BinNums.Zpos (BinNums.xO (BinNums.xO (BinNums.xO (BinNums.xO (BinNums.xO (BinNums.xO BinNums.xH)))))))
rv64d._update_MEnvcfg_STCE :
Values.mword (BinNums.Zpos (BinNums.xO (BinNums.xO (BinNums.xO (BinNums.xO (BinNums.xO (BinNums.xO BinNums.xH))))))) -> Values.mword (BinNums.Zpos BinNums.xH) -> Values.mword (BinNums.Zpos (BinNums.xO (BinNums.xO (BinNums.xO (BinNums.xO (BinNums.xO (BinNums.xO BinNums.xH)))))))
rv64d._update_MEnvcfg_SSE :
Values.mword (BinNums.Zpos (BinNums.xO (BinNums.xO (BinNums.xO (BinNums.xO (BinNums.xO (BinNums.xO BinNums.xH))))))) -> Values.mword (BinNums.Zpos BinNums.xH) -> Values.mword (BinNums.Zpos (BinNums.xO (BinNums.xO (BinNums.xO (BinNums.xO (BinNums.xO (BinNums.xO BinNums.xH)))))))
rv64d._update_MEnvcfg_PMM :
Values.mword (BinNums.Zpos (BinNums.xO (BinNums.xO (BinNums.xO (BinNums.xO (BinNums.xO (BinNums.xO BinNums.xH))))))) -> Values.mword (BinNums.Zpos (BinNums.xO BinNums.xH)) -> Values.mword (BinNums.Zpos (BinNums.xO (BinNums.xO (BinNums.xO (BinNums.xO (BinNums.xO (BinNums.xO BinNums.xH)))))))
rv64d._update_MEnvcfg_PBMTE :
Values.mword (BinNums.Zpos (BinNums.xO (BinNums.xO (BinNums.xO (BinNums.xO (BinNums.xO (BinNums.xO BinNums.xH))))))) -> Values.mword (BinNums.Zpos BinNums.xH) -> Values.mword (BinNums.Zpos (BinNums.xO (BinNums.xO (BinNums.xO (BinNums.xO (BinNums.xO (BinNums.xO BinNums.xH)))))))
rv64d._update_MEnvcfg_LPE :
Values.mword (BinNums.Zpos (BinNums.xO (BinNums.xO (BinNums.xO (BinNums.xO (BinNums.xO (BinNums.xO BinNums.xH))))))) -> Values.mword (BinNums.Zpos BinNums.xH) -> Values.mword (BinNums.Zpos (BinNums.xO (BinNums.xO (BinNums.xO (BinNums.xO (BinNums.xO (BinNums.xO BinNums.xH)))))))
rv64d._update_MEnvcfg_FIOM :
Values.mword (BinNums.Zpos (BinNums.xO (BinNums.xO (BinNums.xO (BinNums.xO (BinNums.xO (BinNums.xO BinNums.xH))))))) -> Values.mword (BinNums.Zpos BinNums.xH) -> Values.mword (BinNums.Zpos (BinNums.xO (BinNums.xO (BinNums.xO (BinNums.xO (BinNums.xO (BinNums.xO BinNums.xH)))))))
rv64d._update_MEnvcfg_CBZE :
Values.mword (BinNums.Zpos (BinNums.xO (BinNums.xO (BinNums.xO (BinNums.xO (BinNums.xO (BinNums.xO BinNums.xH))))))) -> Values.mword (BinNums.Zpos BinNums.xH) -> Values.mword (BinNums.Zpos (BinNums.xO (BinNums.xO (BinNums.xO (BinNums.xO (BinNums.xO (BinNums.xO BinNums.xH)))))))
rv64d._update_MEnvcfg_CBIE :
Values.mword (BinNums.Zpos (BinNums.xO (BinNums.xO (BinNums.xO (BinNums.xO (BinNums.xO (BinNums.xO BinNums.xH))))))) -> Values.mword (BinNums.Zpos (BinNums.xO BinNums.xH)) -> Values.mword (BinNums.Zpos (BinNums.xO (BinNums.xO (BinNums.xO (BinNums.xO (BinNums.xO (BinNums.xO BinNums.xH)))))))
rv64d._update_MEnvcfg_CBCFE :
Values.mword (BinNums.Zpos (BinNums.xO (BinNums.xO (BinNums.xO (BinNums.xO (BinNums.xO (BinNums.xO BinNums.xH))))))) -> Values.mword (BinNums.Zpos BinNums.xH) -> Values.mword (BinNums.Zpos (BinNums.xO (BinNums.xO (BinNums.xO (BinNums.xO (BinNums.xO (BinNums.xO BinNums.xH)))))))
rv64d._update_MEnvcfg_ADUE :
Values.mword (BinNums.Zpos (BinNums.xO (BinNums.xO (BinNums.xO (BinNums.xO (BinNums.xO (BinNums.xO BinNums.xH))))))) -> Values.mword (BinNums.Zpos BinNums.xH) -> Values.mword (BinNums.Zpos (BinNums.xO (BinNums.xO (BinNums.xO (BinNums.xO (BinNums.xO (BinNums.xO BinNums.xH)))))))
rv64d._update_Hstateen0_SE0 :
Values.mword (BinNums.Zpos (BinNums.xO (BinNums.xO (BinNums.xO (BinNums.xO (BinNums.xO (BinNums.xO BinNums.xH))))))) -> Values.mword (BinNums.Zpos BinNums.xH) -> Values.mword (BinNums.Zpos (BinNums.xO (BinNums.xO (BinNums.xO (BinNums.xO (BinNums.xO (BinNums.xO BinNums.xH)))))))
rv64d._update_Hstateen0_FCSR :
Values.mword (BinNums.Zpos (BinNums.xO (BinNums.xO (BinNums.xO (BinNums.xO (BinNums.xO (BinNums.xO BinNums.xH))))))) -> Values.mword (BinNums.Zpos BinNums.xH) -> Values.mword (BinNums.Zpos (BinNums.xO (BinNums.xO (BinNums.xO (BinNums.xO (BinNums.xO (BinNums.xO BinNums.xH)))))))
rv64d._update_Hstateen0_ENVCFG :
Values.mword (BinNums.Zpos (BinNums.xO (BinNums.xO (BinNums.xO (BinNums.xO (BinNums.xO (BinNums.xO BinNums.xH))))))) -> Values.mword (BinNums.Zpos BinNums.xH) -> Values.mword (BinNums.Zpos (BinNums.xO (BinNums.xO (BinNums.xO (BinNums.xO (BinNums.xO (BinNums.xO BinNums.xH)))))))
rv64d._update_Hstateen0_C :
Values.mword (BinNums.Zpos (BinNums.xO (BinNums.xO (BinNums.xO (BinNums.xO (BinNums.xO (BinNums.xO BinNums.xH))))))) -> Values.mword (BinNums.Zpos BinNums.xH) -> Values.mword (BinNums.Zpos (BinNums.xO (BinNums.xO (BinNums.xO (BinNums.xO (BinNums.xO (BinNums.xO BinNums.xH)))))))
rv64d._update_HpmEvent_event :
Values.mword (BinNums.Zpos (BinNums.xO (BinNums.xO (BinNums.xO (BinNums.xO (BinNums.xO (BinNums.xO BinNums.xH))))))) ->
Values.mword (BinNums.Zpos (BinNums.xO (BinNums.xO (BinNums.xO (BinNums.xO (BinNums.xO BinNums.xH)))))) -> Values.mword (BinNums.Zpos (BinNums.xO (BinNums.xO (BinNums.xO (BinNums.xO (BinNums.xO (BinNums.xO BinNums.xH)))))))
rv64d._update_HpmEvent_VUINH :
Values.mword (BinNums.Zpos (BinNums.xO (BinNums.xO (BinNums.xO (BinNums.xO (BinNums.xO (BinNums.xO BinNums.xH))))))) -> Values.mword (BinNums.Zpos BinNums.xH) -> Values.mword (BinNums.Zpos (BinNums.xO (BinNums.xO (BinNums.xO (BinNums.xO (BinNums.xO (BinNums.xO BinNums.xH)))))))
rv64d._update_HpmEvent_VSINH :
Values.mword (BinNums.Zpos (BinNums.xO (BinNums.xO (BinNums.xO (BinNums.xO (BinNums.xO (BinNums.xO BinNums.xH))))))) -> Values.mword (BinNums.Zpos BinNums.xH) -> Values.mword (BinNums.Zpos (BinNums.xO (BinNums.xO (BinNums.xO (BinNums.xO (BinNums.xO (BinNums.xO BinNums.xH)))))))
rv64d._update_HpmEvent_UINH :
Values.mword (BinNums.Zpos (BinNums.xO (BinNums.xO (BinNums.xO (BinNums.xO (BinNums.xO (BinNums.xO BinNums.xH))))))) -> Values.mword (BinNums.Zpos BinNums.xH) -> Values.mword (BinNums.Zpos (BinNums.xO (BinNums.xO (BinNums.xO (BinNums.xO (BinNums.xO (BinNums.xO BinNums.xH)))))))
rv64d._update_HpmEvent_SINH :
Values.mword (BinNums.Zpos (BinNums.xO (BinNums.xO (BinNums.xO (BinNums.xO (BinNums.xO (BinNums.xO BinNums.xH))))))) -> Values.mword (BinNums.Zpos BinNums.xH) -> Values.mword (BinNums.Zpos (BinNums.xO (BinNums.xO (BinNums.xO (BinNums.xO (BinNums.xO (BinNums.xO BinNums.xH)))))))
rv64d._update_HpmEvent_OF :
Values.mword (BinNums.Zpos (BinNums.xO (BinNums.xO (BinNums.xO (BinNums.xO (BinNums.xO (BinNums.xO BinNums.xH))))))) -> Values.mword (BinNums.Zpos BinNums.xH) -> Values.mword (BinNums.Zpos (BinNums.xO (BinNums.xO (BinNums.xO (BinNums.xO (BinNums.xO (BinNums.xO BinNums.xH)))))))
rv64d._update_HpmEvent_MINH :
Values.mword (BinNums.Zpos (BinNums.xO (BinNums.xO (BinNums.xO (BinNums.xO (BinNums.xO (BinNums.xO BinNums.xH))))))) -> Values.mword (BinNums.Zpos BinNums.xH) -> Values.mword (BinNums.Zpos (BinNums.xO (BinNums.xO (BinNums.xO (BinNums.xO (BinNums.xO (BinNums.xO BinNums.xH)))))))
rv64d._update_CountSmcntrpmf_VUINH :
Values.mword (BinNums.Zpos (BinNums.xO (BinNums.xO (BinNums.xO (BinNums.xO (BinNums.xO (BinNums.xO BinNums.xH))))))) -> Values.mword (BinNums.Zpos BinNums.xH) -> Values.mword (BinNums.Zpos (BinNums.xO (BinNums.xO (BinNums.xO (BinNums.xO (BinNums.xO (BinNums.xO BinNums.xH)))))))
rv64d._update_CountSmcntrpmf_VSINH :
Values.mword (BinNums.Zpos (BinNums.xO (BinNums.xO (BinNums.xO (BinNums.xO (BinNums.xO (BinNums.xO BinNums.xH))))))) -> Values.mword (BinNums.Zpos BinNums.xH) -> Values.mword (BinNums.Zpos (BinNums.xO (BinNums.xO (BinNums.xO (BinNums.xO (BinNums.xO (BinNums.xO BinNums.xH)))))))
rv64d._update_CountSmcntrpmf_UINH :
Values.mword (BinNums.Zpos (BinNums.xO (BinNums.xO (BinNums.xO (BinNums.xO (BinNums.xO (BinNums.xO BinNums.xH))))))) -> Values.mword (BinNums.Zpos BinNums.xH) -> Values.mword (BinNums.Zpos (BinNums.xO (BinNums.xO (BinNums.xO (BinNums.xO (BinNums.xO (BinNums.xO BinNums.xH)))))))
rv64d._update_CountSmcntrpmf_SINH :
Values.mword (BinNums.Zpos (BinNums.xO (BinNums.xO (BinNums.xO (BinNums.xO (BinNums.xO (BinNums.xO BinNums.xH))))))) -> Values.mword (BinNums.Zpos BinNums.xH) -> Values.mword (BinNums.Zpos (BinNums.xO (BinNums.xO (BinNums.xO (BinNums.xO (BinNums.xO (BinNums.xO BinNums.xH)))))))
rv64d._update_CountSmcntrpmf_MINH :
Values.mword (BinNums.Zpos (BinNums.xO (BinNums.xO (BinNums.xO (BinNums.xO (BinNums.xO (BinNums.xO BinNums.xH))))))) -> Values.mword (BinNums.Zpos BinNums.xH) -> Values.mword (BinNums.Zpos (BinNums.xO (BinNums.xO (BinNums.xO (BinNums.xO (BinNums.xO (BinNums.xO BinNums.xH)))))))
rv64d._rec_virtual_memory_supported :
unit -> forall _reclimit : BinNums.Z, Acc (Zwf.Zwf BinNums.Z0) _reclimit -> rv64d_types.M bool
rv64d._rec_pt_walk :
forall sv_width : BinNums.Z,
Values.mword (BinInt.Z.sub sv_width (BinNums.Zpos (BinNums.xO (BinNums.xO (BinNums.xI BinNums.xH))))) ->
rv64d_types.MemoryAccessType rv64d_types.mem_payload ->
rv64d_types.Privilege ->
bool ->
bool ->
Values.mword
  (if BinInt.Z.eqb sv_width (BinNums.Zpos (BinNums.xO (BinNums.xO (BinNums.xO (BinNums.xO (BinNums.xO BinNums.xH)))))) then BinNums.Zpos (BinNums.xO (BinNums.xI (BinNums.xI (BinNums.xO BinNums.xH)))) else BinNums.Zpos (BinNums.xO (BinNums.xO (BinNums.xI (BinNums.xI (BinNums.xO BinNums.xH)))))) ->
BinNums.Z -> bool -> unit -> forall _reclimit : BinNums.Z, Acc (Zwf.Zwf BinNums.Z0) _reclimit -> rv64d_types.M (Values.result (rv64d_types.PTW_Output sv_width * unit) (rv64d_types.PTW_Error * unit))
rv64d._rec_is_sstateen_accessible :
unit -> forall _reclimit : BinNums.Z, Acc (Zwf.Zwf BinNums.Z0) _reclimit -> rv64d_types.M bool
rv64d._rec_is_hstateen_accessible :
unit -> forall _reclimit : BinNums.Z, Acc (Zwf.Zwf BinNums.Z0) _reclimit -> rv64d_types.M bool
rv64d._rec_hartSupports :
rv64d_types.extension -> forall _reclimit : BinNums.Z, Acc (Zwf.Zwf BinNums.Z0) _reclimit -> rv64d_types.M bool
rv64d._rec_get_xLPE :
rv64d_types.Privilege -> forall _reclimit : BinNums.Z, Acc (Zwf.Zwf BinNums.Z0) _reclimit -> rv64d_types.M bool
rv64d._rec_get_hstateen :
BinNums.Z -> forall _reclimit : BinNums.Z, Acc (Zwf.Zwf BinNums.Z0) _reclimit -> rv64d_types.M (Values.mword (BinNums.Zpos (BinNums.xO (BinNums.xO (BinNums.xO (BinNums.xO (BinNums.xO (BinNums.xO BinNums.xH))))))))
rv64d._rec_currentlyEnabled :
rv64d_types.extension -> forall _reclimit : BinNums.Z, Acc (Zwf.Zwf BinNums.Z0) _reclimit -> rv64d_types.M bool
rv64d._rec_check_stateen_bit :
rv64d_types.Privilege -> rv64d_types.stateen_bit -> BinNums.Z -> forall _reclimit : BinNums.Z, Acc (Zwf.Zwf BinNums.Z0) _reclimit -> rv64d_types.M bool
Prompt._limit_reduces_bool :
forall _limit : BinNums.Z, Acc (Zwf.Zwf BinNums.Z0) _limit -> BinInt.Z.geb _limit BinNums.Z0 = true -> Acc (Zwf.Zwf BinNums.Z0) (BinInt.Z.sub _limit (BinNums.Zpos BinNums.xH))
rv64d_types.Defs._limit_reduces :
forall _limit : BinNums.Z, Acc (Zwf.Zwf BinNums.Z0) _limit -> BinInt.Z.ge _limit BinNums.Z0 -> Acc (Zwf.Zwf BinNums.Z0) (BinInt.Z.sub _limit (BinNums.Zpos BinNums.xH))
Prompt._limit_reduces :
forall _limit : BinNums.Z, Acc (Zwf.Zwf BinNums.Z0) _limit -> BinInt.Z.ge _limit BinNums.Z0 -> Acc (Zwf.Zwf BinNums.Z0) (BinInt.Z.sub _limit (BinNums.Zpos BinNums.xH))
rv64d._get_htif_cmd_payload :
Values.mword (BinNums.Zpos (BinNums.xO (BinNums.xO (BinNums.xO (BinNums.xO (BinNums.xO (BinNums.xO BinNums.xH))))))) -> Values.mword (BinNums.Zpos (BinNums.xO (BinNums.xO (BinNums.xO (BinNums.xO (BinNums.xI BinNums.xH))))))
rv64d._get_htif_cmd_device :
Values.mword (BinNums.Zpos (BinNums.xO (BinNums.xO (BinNums.xO (BinNums.xO (BinNums.xO (BinNums.xO BinNums.xH))))))) -> Values.mword (BinNums.Zpos (BinNums.xO (BinNums.xO (BinNums.xO BinNums.xH))))
rv64d._get_htif_cmd_cmd :
Values.mword (BinNums.Zpos (BinNums.xO (BinNums.xO (BinNums.xO (BinNums.xO (BinNums.xO (BinNums.xO BinNums.xH))))))) -> Values.mword (BinNums.Zpos (BinNums.xO (BinNums.xO (BinNums.xO BinNums.xH))))
rv64d._get_Vcsr_vxsat :
Values.mword (BinNums.Zpos (BinNums.xI BinNums.xH)) -> Values.mword (BinNums.Zpos BinNums.xH)
rv64d._get_Vcsr_vxrm :
Values.mword (BinNums.Zpos (BinNums.xI BinNums.xH)) -> Values.mword (BinNums.Zpos (BinNums.xO BinNums.xH))
rv64d._get_Sstatus_XS :
Values.mword (BinNums.Zpos (BinNums.xO (BinNums.xO (BinNums.xO (BinNums.xO (BinNums.xO (BinNums.xO BinNums.xH))))))) -> Values.mword (BinNums.Zpos (BinNums.xO BinNums.xH))
rv64d._get_Sstatus_VS :
Values.mword (BinNums.Zpos (BinNums.xO (BinNums.xO (BinNums.xO (BinNums.xO (BinNums.xO (BinNums.xO BinNums.xH))))))) -> Values.mword (BinNums.Zpos (BinNums.xO BinNums.xH))
rv64d._get_Sstatus_UXL :
Values.mword (BinNums.Zpos (BinNums.xO (BinNums.xO (BinNums.xO (BinNums.xO (BinNums.xO (BinNums.xO BinNums.xH))))))) -> Values.mword (BinNums.Zpos (BinNums.xO BinNums.xH))
rv64d._get_Sstatus_SUM :
Values.mword (BinNums.Zpos (BinNums.xO (BinNums.xO (BinNums.xO (BinNums.xO (BinNums.xO (BinNums.xO BinNums.xH))))))) -> Values.mword (BinNums.Zpos BinNums.xH)
rv64d._get_Sstatus_SPP :
Values.mword (BinNums.Zpos (BinNums.xO (BinNums.xO (BinNums.xO (BinNums.xO (BinNums.xO (BinNums.xO BinNums.xH))))))) -> Values.mword (BinNums.Zpos BinNums.xH)
rv64d._get_Sstatus_SPIE :
Values.mword (BinNums.Zpos (BinNums.xO (BinNums.xO (BinNums.xO (BinNums.xO (BinNums.xO (BinNums.xO BinNums.xH))))))) -> Values.mword (BinNums.Zpos BinNums.xH)
rv64d._get_Sstatus_SPELP :
Values.mword (BinNums.Zpos (BinNums.xO (BinNums.xO (BinNums.xO (BinNums.xO (BinNums.xO (BinNums.xO BinNums.xH))))))) -> Values.mword (BinNums.Zpos BinNums.xH)
rv64d._get_Sstatus_SIE :
Values.mword (BinNums.Zpos (BinNums.xO (BinNums.xO (BinNums.xO (BinNums.xO (BinNums.xO (BinNums.xO BinNums.xH))))))) -> Values.mword (BinNums.Zpos BinNums.xH)
rv64d._get_Sstatus_MXR :
Values.mword (BinNums.Zpos (BinNums.xO (BinNums.xO (BinNums.xO (BinNums.xO (BinNums.xO (BinNums.xO BinNums.xH))))))) -> Values.mword (BinNums.Zpos BinNums.xH)
rv64d._get_Sstatus_FS :
Values.mword (BinNums.Zpos (BinNums.xO (BinNums.xO (BinNums.xO (BinNums.xO (BinNums.xO (BinNums.xO BinNums.xH))))))) -> Values.mword (BinNums.Zpos (BinNums.xO BinNums.xH))
rv64d._get_Sstateen0_FCSR :
Values.mword (BinNums.Zpos (BinNums.xO (BinNums.xO (BinNums.xO (BinNums.xO (BinNums.xO BinNums.xH)))))) -> Values.mword (BinNums.Zpos BinNums.xH)
rv64d._get_Srmcfg_RCID :
Values.mword (BinNums.Zpos (BinNums.xO (BinNums.xO (BinNums.xO (BinNums.xO (BinNums.xO (BinNums.xO BinNums.xH))))))) -> Values.mword (BinNums.Zpos (BinNums.xO (BinNums.xO (BinNums.xI BinNums.xH))))
rv64d._get_Srmcfg_MCID :
Values.mword (BinNums.Zpos (BinNums.xO (BinNums.xO (BinNums.xO (BinNums.xO (BinNums.xO (BinNums.xO BinNums.xH))))))) -> Values.mword (BinNums.Zpos (BinNums.xO (BinNums.xO (BinNums.xI BinNums.xH))))
rv64d._get_Sinterrupts_STI :
Values.mword (BinNums.Zpos (BinNums.xO (BinNums.xO (BinNums.xO (BinNums.xO (BinNums.xO (BinNums.xO BinNums.xH))))))) -> Values.mword (BinNums.Zpos BinNums.xH)
rv64d._get_Sinterrupts_SSI :
Values.mword (BinNums.Zpos (BinNums.xO (BinNums.xO (BinNums.xO (BinNums.xO (BinNums.xO (BinNums.xO BinNums.xH))))))) -> Values.mword (BinNums.Zpos BinNums.xH)
rv64d._get_Sinterrupts_SEI :
Values.mword (BinNums.Zpos (BinNums.xO (BinNums.xO (BinNums.xO (BinNums.xO (BinNums.xO (BinNums.xO BinNums.xH))))))) -> Values.mword (BinNums.Zpos BinNums.xH)
rv64d._get_Sinterrupts_MTI :
Values.mword (BinNums.Zpos (BinNums.xO (BinNums.xO (BinNums.xO (BinNums.xO (BinNums.xO (BinNums.xO BinNums.xH))))))) -> Values.mword (BinNums.Zpos BinNums.xH)
rv64d._get_Sinterrupts_MSI :
Values.mword (BinNums.Zpos (BinNums.xO (BinNums.xO (BinNums.xO (BinNums.xO (BinNums.xO (BinNums.xO BinNums.xH))))))) -> Values.mword (BinNums.Zpos BinNums.xH)
rv64d._get_Sinterrupts_MEI :
Values.mword (BinNums.Zpos (BinNums.xO (BinNums.xO (BinNums.xO (BinNums.xO (BinNums.xO (BinNums.xO BinNums.xH))))))) -> Values.mword (BinNums.Zpos BinNums.xH)
rv64d._get_Sinterrupts_LCOFI :
Values.mword (BinNums.Zpos (BinNums.xO (BinNums.xO (BinNums.xO (BinNums.xO (BinNums.xO (BinNums.xO BinNums.xH))))))) -> Values.mword (BinNums.Zpos BinNums.xH)
rv64d._get_Seccfg_USEED :
Values.mword (BinNums.Zpos (BinNums.xO (BinNums.xO (BinNums.xO (BinNums.xO (BinNums.xO (BinNums.xO BinNums.xH))))))) -> Values.mword (BinNums.Zpos BinNums.xH)
rv64d._get_Seccfg_SSEED :
Values.mword (BinNums.Zpos (BinNums.xO (BinNums.xO (BinNums.xO (BinNums.xO (BinNums.xO (BinNums.xO BinNums.xH))))))) -> Values.mword (BinNums.Zpos BinNums.xH)
rv64d._get_Seccfg_PMM :
Values.mword (BinNums.Zpos (BinNums.xO (BinNums.xO (BinNums.xO (BinNums.xO (BinNums.xO (BinNums.xO BinNums.xH))))))) -> Values.mword (BinNums.Zpos (BinNums.xO BinNums.xH))
rv64d._get_Seccfg_MLPE :
Values.mword (BinNums.Zpos (BinNums.xO (BinNums.xO (BinNums.xO (BinNums.xO (BinNums.xO (BinNums.xO BinNums.xH))))))) -> Values.mword (BinNums.Zpos BinNums.xH)
rv64d._get_Satp64_PPN :
Values.mword (BinNums.Zpos (BinNums.xO (BinNums.xO (BinNums.xO (BinNums.xO (BinNums.xO (BinNums.xO BinNums.xH))))))) -> Values.mword (BinNums.Zpos (BinNums.xO (BinNums.xO (BinNums.xI (BinNums.xI (BinNums.xO BinNums.xH))))))
rv64d._get_Satp64_Mode :
Values.mword (BinNums.Zpos (BinNums.xO (BinNums.xO (BinNums.xO (BinNums.xO (BinNums.xO (BinNums.xO BinNums.xH))))))) -> Values.mword (BinNums.Zpos (BinNums.xO (BinNums.xO BinNums.xH)))
rv64d._get_Satp64_Asid :
Values.mword (BinNums.Zpos (BinNums.xO (BinNums.xO (BinNums.xO (BinNums.xO (BinNums.xO (BinNums.xO BinNums.xH))))))) -> Values.mword (BinNums.Zpos (BinNums.xO (BinNums.xO (BinNums.xO (BinNums.xO BinNums.xH)))))
rv64d._get_Satp32_PPN :
Values.mword (BinNums.Zpos (BinNums.xO (BinNums.xO (BinNums.xO (BinNums.xO (BinNums.xO BinNums.xH)))))) -> Values.mword (BinNums.Zpos (BinNums.xO (BinNums.xI (BinNums.xI (BinNums.xO BinNums.xH)))))
rv64d._get_Satp32_Mode :
Values.mword (BinNums.Zpos (BinNums.xO (BinNums.xO (BinNums.xO (BinNums.xO (BinNums.xO BinNums.xH)))))) -> Values.mword (BinNums.Zpos BinNums.xH)
rv64d._get_Satp32_Asid :
Values.mword (BinNums.Zpos (BinNums.xO (BinNums.xO (BinNums.xO (BinNums.xO (BinNums.xO BinNums.xH)))))) -> Values.mword (BinNums.Zpos (BinNums.xI (BinNums.xO (BinNums.xO BinNums.xH))))
rv64d._get_SEnvcfg_SSE :
Values.mword (BinNums.Zpos (BinNums.xO (BinNums.xO (BinNums.xO (BinNums.xO (BinNums.xO (BinNums.xO BinNums.xH))))))) -> Values.mword (BinNums.Zpos BinNums.xH)
rv64d._get_SEnvcfg_PMM :
Values.mword (BinNums.Zpos (BinNums.xO (BinNums.xO (BinNums.xO (BinNums.xO (BinNums.xO (BinNums.xO BinNums.xH))))))) -> Values.mword (BinNums.Zpos (BinNums.xO BinNums.xH))
rv64d._get_SEnvcfg_LPE :
Values.mword (BinNums.Zpos (BinNums.xO (BinNums.xO (BinNums.xO (BinNums.xO (BinNums.xO (BinNums.xO BinNums.xH))))))) -> Values.mword (BinNums.Zpos BinNums.xH)
rv64d._get_SEnvcfg_FIOM :
Values.mword (BinNums.Zpos (BinNums.xO (BinNums.xO (BinNums.xO (BinNums.xO (BinNums.xO (BinNums.xO BinNums.xH))))))) -> Values.mword (BinNums.Zpos BinNums.xH)
rv64d._get_SEnvcfg_CBZE :
Values.mword (BinNums.Zpos (BinNums.xO (BinNums.xO (BinNums.xO (BinNums.xO (BinNums.xO (BinNums.xO BinNums.xH))))))) -> Values.mword (BinNums.Zpos BinNums.xH)
rv64d._get_SEnvcfg_CBIE :
Values.mword (BinNums.Zpos (BinNums.xO (BinNums.xO (BinNums.xO (BinNums.xO (BinNums.xO (BinNums.xO BinNums.xH))))))) -> Values.mword (BinNums.Zpos (BinNums.xO BinNums.xH))
rv64d._get_SEnvcfg_CBCFE :
Values.mword (BinNums.Zpos (BinNums.xO (BinNums.xO (BinNums.xO (BinNums.xO (BinNums.xO (BinNums.xO BinNums.xH))))))) -> Values.mword (BinNums.Zpos BinNums.xH)
rv64d._get_RVFI_DII_Instruction_Packet_rvfi_insn :
Values.mword (BinNums.Zpos (BinNums.xO (BinNums.xO (BinNums.xO (BinNums.xO (BinNums.xO (BinNums.xO BinNums.xH))))))) -> Values.mword (BinNums.Zpos (BinNums.xO (BinNums.xO (BinNums.xO (BinNums.xO (BinNums.xO BinNums.xH))))))
rv64d._get_Pmpcfg_ent_X :
Values.mword (BinNums.Zpos (BinNums.xO (BinNums.xO (BinNums.xO BinNums.xH)))) -> Values.mword (BinNums.Zpos BinNums.xH)
rv64d._get_Pmpcfg_ent_W :
Values.mword (BinNums.Zpos (BinNums.xO (BinNums.xO (BinNums.xO BinNums.xH)))) -> Values.mword (BinNums.Zpos BinNums.xH)
rv64d._get_Pmpcfg_ent_R :
Values.mword (BinNums.Zpos (BinNums.xO (BinNums.xO (BinNums.xO BinNums.xH)))) -> Values.mword (BinNums.Zpos BinNums.xH)
rv64d._get_Pmpcfg_ent_L :
Values.mword (BinNums.Zpos (BinNums.xO (BinNums.xO (BinNums.xO BinNums.xH)))) -> Values.mword (BinNums.Zpos BinNums.xH)
rv64d._get_Pmpcfg_ent_A :
Values.mword (BinNums.Zpos (BinNums.xO (BinNums.xO (BinNums.xO BinNums.xH)))) -> Values.mword (BinNums.Zpos (BinNums.xO BinNums.xH))
rv64d._get_PTE_Flags_X :
Values.mword (BinNums.Zpos (BinNums.xO (BinNums.xO (BinNums.xO BinNums.xH)))) -> Values.mword (BinNums.Zpos BinNums.xH)
rv64d._get_PTE_Flags_W :
Values.mword (BinNums.Zpos (BinNums.xO (BinNums.xO (BinNums.xO BinNums.xH)))) -> Values.mword (BinNums.Zpos BinNums.xH)
rv64d._get_PTE_Flags_V :
Values.mword (BinNums.Zpos (BinNums.xO (BinNums.xO (BinNums.xO BinNums.xH)))) -> Values.mword (BinNums.Zpos BinNums.xH)
rv64d._get_PTE_Flags_U :
Values.mword (BinNums.Zpos (BinNums.xO (BinNums.xO (BinNums.xO BinNums.xH)))) -> Values.mword (BinNums.Zpos BinNums.xH)
rv64d._get_PTE_Flags_R :
Values.mword (BinNums.Zpos (BinNums.xO (BinNums.xO (BinNums.xO BinNums.xH)))) -> Values.mword (BinNums.Zpos BinNums.xH)
rv64d._get_PTE_Flags_G :
Values.mword (BinNums.Zpos (BinNums.xO (BinNums.xO (BinNums.xO BinNums.xH)))) -> Values.mword (BinNums.Zpos BinNums.xH)
rv64d._get_PTE_Flags_D :
Values.mword (BinNums.Zpos (BinNums.xO (BinNums.xO (BinNums.xO BinNums.xH)))) -> Values.mword (BinNums.Zpos BinNums.xH)
rv64d._get_PTE_Flags_A :
Values.mword (BinNums.Zpos (BinNums.xO (BinNums.xO (BinNums.xO BinNums.xH)))) -> Values.mword (BinNums.Zpos BinNums.xH)
rv64d._get_PTE_Ext_reserved :
Values.mword (BinNums.Zpos (BinNums.xO (BinNums.xI (BinNums.xO BinNums.xH)))) -> Values.mword (BinNums.Zpos (BinNums.xI (BinNums.xO BinNums.xH)))
rv64d._get_PTE_Ext_RSW_60t59b :
Values.mword (BinNums.Zpos (BinNums.xO (BinNums.xI (BinNums.xO BinNums.xH)))) -> Values.mword (BinNums.Zpos (BinNums.xO BinNums.xH))
rv64d._get_PTE_Ext_PBMT :
Values.mword (BinNums.Zpos (BinNums.xO (BinNums.xI (BinNums.xO BinNums.xH)))) -> Values.mword (BinNums.Zpos (BinNums.xO BinNums.xH))
rv64d._get_PTE_Ext_N :
Values.mword (BinNums.Zpos (BinNums.xO (BinNums.xI (BinNums.xO BinNums.xH)))) -> Values.mword (BinNums.Zpos BinNums.xH)
rv64d._get_Mtvec_Mode :
Values.mword (BinNums.Zpos (BinNums.xO (BinNums.xO (BinNums.xO (BinNums.xO (BinNums.xO (BinNums.xO BinNums.xH))))))) -> Values.mword (BinNums.Zpos (BinNums.xO BinNums.xH))
rv64d._get_Mtvec_Base :
Values.mword (BinNums.Zpos (BinNums.xO (BinNums.xO (BinNums.xO (BinNums.xO (BinNums.xO (BinNums.xO BinNums.xH))))))) -> Values.mword (BinInt.Z.sub (BinNums.Zpos (BinNums.xO (BinNums.xO (BinNums.xO (BinNums.xO (BinNums.xO (BinNums.xO BinNums.xH))))))) (BinNums.Zpos (BinNums.xO BinNums.xH)))
rv64d._get_Mstatus_XS :
Values.mword (BinNums.Zpos (BinNums.xO (BinNums.xO (BinNums.xO (BinNums.xO (BinNums.xO (BinNums.xO BinNums.xH))))))) -> Values.mword (BinNums.Zpos (BinNums.xO BinNums.xH))
rv64d._get_Mstatus_VS :
Values.mword (BinNums.Zpos (BinNums.xO (BinNums.xO (BinNums.xO (BinNums.xO (BinNums.xO (BinNums.xO BinNums.xH))))))) -> Values.mword (BinNums.Zpos (BinNums.xO BinNums.xH))
rv64d._get_Mstatus_UXL :
Values.mword (BinNums.Zpos (BinNums.xO (BinNums.xO (BinNums.xO (BinNums.xO (BinNums.xO (BinNums.xO BinNums.xH))))))) -> Values.mword (BinNums.Zpos (BinNums.xO BinNums.xH))
rv64d._get_Mstatus_TW :
Values.mword (BinNums.Zpos (BinNums.xO (BinNums.xO (BinNums.xO (BinNums.xO (BinNums.xO (BinNums.xO BinNums.xH))))))) -> Values.mword (BinNums.Zpos BinNums.xH)
rv64d._get_Mstatus_TVM :
Values.mword (BinNums.Zpos (BinNums.xO (BinNums.xO (BinNums.xO (BinNums.xO (BinNums.xO (BinNums.xO BinNums.xH))))))) -> Values.mword (BinNums.Zpos BinNums.xH)
rv64d._get_Mstatus_TSR :
Values.mword (BinNums.Zpos (BinNums.xO (BinNums.xO (BinNums.xO (BinNums.xO (BinNums.xO (BinNums.xO BinNums.xH))))))) -> Values.mword (BinNums.Zpos BinNums.xH)
rv64d._get_Mstatus_SXL :
Values.mword (BinNums.Zpos (BinNums.xO (BinNums.xO (BinNums.xO (BinNums.xO (BinNums.xO (BinNums.xO BinNums.xH))))))) -> Values.mword (BinNums.Zpos (BinNums.xO BinNums.xH))
rv64d._get_Mstatus_SUM :
Values.mword (BinNums.Zpos (BinNums.xO (BinNums.xO (BinNums.xO (BinNums.xO (BinNums.xO (BinNums.xO BinNums.xH))))))) -> Values.mword (BinNums.Zpos BinNums.xH)
rv64d._get_Mstatus_SPP :
Values.mword (BinNums.Zpos (BinNums.xO (BinNums.xO (BinNums.xO (BinNums.xO (BinNums.xO (BinNums.xO BinNums.xH))))))) -> Values.mword (BinNums.Zpos BinNums.xH)
rv64d._get_Mstatus_SPIE :
Values.mword (BinNums.Zpos (BinNums.xO (BinNums.xO (BinNums.xO (BinNums.xO (BinNums.xO (BinNums.xO BinNums.xH))))))) -> Values.mword (BinNums.Zpos BinNums.xH)
rv64d._get_Mstatus_SPELP :
Values.mword (BinNums.Zpos (BinNums.xO (BinNums.xO (BinNums.xO (BinNums.xO (BinNums.xO (BinNums.xO BinNums.xH))))))) -> Values.mword (BinNums.Zpos BinNums.xH)
rv64d._get_Mstatus_SIE :
Values.mword (BinNums.Zpos (BinNums.xO (BinNums.xO (BinNums.xO (BinNums.xO (BinNums.xO (BinNums.xO BinNums.xH))))))) -> Values.mword (BinNums.Zpos BinNums.xH)
rv64d._get_Mstatus_SD :
Values.mword (BinNums.Zpos (BinNums.xO (BinNums.xO (BinNums.xO (BinNums.xO (BinNums.xO (BinNums.xO BinNums.xH))))))) ->
Values.mword
  (BinInt.Z.add
     (BinInt.Z.sub (BinInt.Z.sub (BinNums.Zpos (BinNums.xO (BinNums.xO (BinNums.xO (BinNums.xO (BinNums.xO (BinNums.xO BinNums.xH))))))) (BinNums.Zpos BinNums.xH))
        (BinInt.Z.sub (BinNums.Zpos (BinNums.xO (BinNums.xO (BinNums.xO (BinNums.xO (BinNums.xO (BinNums.xO BinNums.xH))))))) (BinNums.Zpos BinNums.xH)))
     (BinNums.Zpos BinNums.xH))
rv64d._get_Mstatus_MXR :
Values.mword (BinNums.Zpos (BinNums.xO (BinNums.xO (BinNums.xO (BinNums.xO (BinNums.xO (BinNums.xO BinNums.xH))))))) -> Values.mword (BinNums.Zpos BinNums.xH)
rv64d._get_Mstatus_MPRV :
Values.mword (BinNums.Zpos (BinNums.xO (BinNums.xO (BinNums.xO (BinNums.xO (BinNums.xO (BinNums.xO BinNums.xH))))))) -> Values.mword (BinNums.Zpos BinNums.xH)
rv64d._get_Mstatus_MPP :
Values.mword (BinNums.Zpos (BinNums.xO (BinNums.xO (BinNums.xO (BinNums.xO (BinNums.xO (BinNums.xO BinNums.xH))))))) -> Values.mword (BinNums.Zpos (BinNums.xO BinNums.xH))
rv64d._get_Mstatus_MPIE :
Values.mword (BinNums.Zpos (BinNums.xO (BinNums.xO (BinNums.xO (BinNums.xO (BinNums.xO (BinNums.xO BinNums.xH))))))) -> Values.mword (BinNums.Zpos BinNums.xH)
rv64d._get_Mstatus_MPELP :
Values.mword (BinNums.Zpos (BinNums.xO (BinNums.xO (BinNums.xO (BinNums.xO (BinNums.xO (BinNums.xO BinNums.xH))))))) -> Values.mword (BinNums.Zpos BinNums.xH)
rv64d._get_Mstatus_MIE :
Values.mword (BinNums.Zpos (BinNums.xO (BinNums.xO (BinNums.xO (BinNums.xO (BinNums.xO (BinNums.xO BinNums.xH))))))) -> Values.mword (BinNums.Zpos BinNums.xH)
rv64d._get_Mstatus_FS :
Values.mword (BinNums.Zpos (BinNums.xO (BinNums.xO (BinNums.xO (BinNums.xO (BinNums.xO (BinNums.xO BinNums.xH))))))) -> Values.mword (BinNums.Zpos (BinNums.xO BinNums.xH))
rv64d._get_Mstateen0_SRMCFG :
Values.mword (BinNums.Zpos (BinNums.xO (BinNums.xO (BinNums.xO (BinNums.xO (BinNums.xO (BinNums.xO BinNums.xH))))))) -> Values.mword (BinNums.Zpos BinNums.xH)
rv64d._get_Mstateen0_SE0 :
Values.mword (BinNums.Zpos (BinNums.xO (BinNums.xO (BinNums.xO (BinNums.xO (BinNums.xO (BinNums.xO BinNums.xH))))))) -> Values.mword (BinNums.Zpos BinNums.xH)
rv64d._get_Mstateen0_FCSR :
Values.mword (BinNums.Zpos (BinNums.xO (BinNums.xO (BinNums.xO (BinNums.xO (BinNums.xO (BinNums.xO BinNums.xH))))))) -> Values.mword (BinNums.Zpos BinNums.xH)
rv64d._get_Mstateen0_ENVCFG :
Values.mword (BinNums.Zpos (BinNums.xO (BinNums.xO (BinNums.xO (BinNums.xO (BinNums.xO (BinNums.xO BinNums.xH))))))) -> Values.mword (BinNums.Zpos BinNums.xH)
rv64d._get_Misa_V :
Values.mword (BinNums.Zpos (BinNums.xO (BinNums.xO (BinNums.xO (BinNums.xO (BinNums.xO (BinNums.xO BinNums.xH))))))) -> Values.mword (BinNums.Zpos BinNums.xH)
rv64d._get_Misa_U :
Values.mword (BinNums.Zpos (BinNums.xO (BinNums.xO (BinNums.xO (BinNums.xO (BinNums.xO (BinNums.xO BinNums.xH))))))) -> Values.mword (BinNums.Zpos BinNums.xH)
rv64d._get_Misa_S :
Values.mword (BinNums.Zpos (BinNums.xO (BinNums.xO (BinNums.xO (BinNums.xO (BinNums.xO (BinNums.xO BinNums.xH))))))) -> Values.mword (BinNums.Zpos BinNums.xH)
rv64d._get_Misa_MXL :
Values.mword (BinNums.Zpos (BinNums.xO (BinNums.xO (BinNums.xO (BinNums.xO (BinNums.xO (BinNums.xO BinNums.xH))))))) ->
Values.mword
  (BinInt.Z.add
     (BinInt.Z.sub (BinInt.Z.sub (BinNums.Zpos (BinNums.xO (BinNums.xO (BinNums.xO (BinNums.xO (BinNums.xO (BinNums.xO BinNums.xH))))))) (BinNums.Zpos BinNums.xH))
        (BinInt.Z.sub (BinNums.Zpos (BinNums.xO (BinNums.xO (BinNums.xO (BinNums.xO (BinNums.xO (BinNums.xO BinNums.xH))))))) (BinNums.Zpos (BinNums.xO BinNums.xH))))
     (BinNums.Zpos BinNums.xH))
rv64d._get_Misa_M :
Values.mword (BinNums.Zpos (BinNums.xO (BinNums.xO (BinNums.xO (BinNums.xO (BinNums.xO (BinNums.xO BinNums.xH))))))) -> Values.mword (BinNums.Zpos BinNums.xH)
rv64d._get_Misa_H :
Values.mword (BinNums.Zpos (BinNums.xO (BinNums.xO (BinNums.xO (BinNums.xO (BinNums.xO (BinNums.xO BinNums.xH))))))) -> Values.mword (BinNums.Zpos BinNums.xH)
rv64d._get_Misa_F :
Values.mword (BinNums.Zpos (BinNums.xO (BinNums.xO (BinNums.xO (BinNums.xO (BinNums.xO (BinNums.xO BinNums.xH))))))) -> Values.mword (BinNums.Zpos BinNums.xH)
rv64d._get_Misa_E :
Values.mword (BinNums.Zpos (BinNums.xO (BinNums.xO (BinNums.xO (BinNums.xO (BinNums.xO (BinNums.xO BinNums.xH))))))) -> Values.mword (BinNums.Zpos BinNums.xH)
rv64d._get_Misa_D :
Values.mword (BinNums.Zpos (BinNums.xO (BinNums.xO (BinNums.xO (BinNums.xO (BinNums.xO (BinNums.xO BinNums.xH))))))) -> Values.mword (BinNums.Zpos BinNums.xH)
rv64d._get_Misa_C :
Values.mword (BinNums.Zpos (BinNums.xO (BinNums.xO (BinNums.xO (BinNums.xO (BinNums.xO (BinNums.xO BinNums.xH))))))) -> Values.mword (BinNums.Zpos BinNums.xH)
rv64d._get_Misa_B :
Values.mword (BinNums.Zpos (BinNums.xO (BinNums.xO (BinNums.xO (BinNums.xO (BinNums.xO (BinNums.xO BinNums.xH))))))) -> Values.mword (BinNums.Zpos BinNums.xH)
rv64d._get_Misa_A :
Values.mword (BinNums.Zpos (BinNums.xO (BinNums.xO (BinNums.xO (BinNums.xO (BinNums.xO (BinNums.xO BinNums.xH))))))) -> Values.mword (BinNums.Zpos BinNums.xH)
rv64d._get_Minterrupts_STI :
Values.mword (BinNums.Zpos (BinNums.xO (BinNums.xO (BinNums.xO (BinNums.xO (BinNums.xO (BinNums.xO BinNums.xH))))))) -> Values.mword (BinNums.Zpos BinNums.xH)
rv64d._get_Minterrupts_SSI :
Values.mword (BinNums.Zpos (BinNums.xO (BinNums.xO (BinNums.xO (BinNums.xO (BinNums.xO (BinNums.xO BinNums.xH))))))) -> Values.mword (BinNums.Zpos BinNums.xH)
rv64d._get_Minterrupts_SEI :
Values.mword (BinNums.Zpos (BinNums.xO (BinNums.xO (BinNums.xO (BinNums.xO (BinNums.xO (BinNums.xO BinNums.xH))))))) -> Values.mword (BinNums.Zpos BinNums.xH)
rv64d._get_Minterrupts_MTI :
Values.mword (BinNums.Zpos (BinNums.xO (BinNums.xO (BinNums.xO (BinNums.xO (BinNums.xO (BinNums.xO BinNums.xH))))))) -> Values.mword (BinNums.Zpos BinNums.xH)
rv64d._get_Minterrupts_MSI :
Values.mword (BinNums.Zpos (BinNums.xO (BinNums.xO (BinNums.xO (BinNums.xO (BinNums.xO (BinNums.xO BinNums.xH))))))) -> Values.mword (BinNums.Zpos BinNums.xH)
rv64d._get_Minterrupts_MEI :
Values.mword (BinNums.Zpos (BinNums.xO (BinNums.xO (BinNums.xO (BinNums.xO (BinNums.xO (BinNums.xO BinNums.xH))))))) -> Values.mword (BinNums.Zpos BinNums.xH)
rv64d._get_Minterrupts_LCOFI :
Values.mword (BinNums.Zpos (BinNums.xO (BinNums.xO (BinNums.xO (BinNums.xO (BinNums.xO (BinNums.xO BinNums.xH))))))) -> Values.mword (BinNums.Zpos BinNums.xH)
rv64d._get_Medeleg_MEnvCall :
Values.mword (BinNums.Zpos (BinNums.xO (BinNums.xO (BinNums.xO (BinNums.xO (BinNums.xO (BinNums.xO BinNums.xH))))))) -> Values.mword (BinNums.Zpos BinNums.xH)
rv64d._get_Medeleg_Double_Trap :
Values.mword (BinNums.Zpos (BinNums.xO (BinNums.xO (BinNums.xO (BinNums.xO (BinNums.xO (BinNums.xO BinNums.xH))))))) -> Values.mword (BinNums.Zpos BinNums.xH)
rv64d._get_Mcause_IsInterrupt :
Values.mword (BinNums.Zpos (BinNums.xO (BinNums.xO (BinNums.xO (BinNums.xO (BinNums.xO (BinNums.xO BinNums.xH))))))) ->
Values.mword
  (BinInt.Z.add
     (BinInt.Z.sub (BinInt.Z.sub (BinNums.Zpos (BinNums.xO (BinNums.xO (BinNums.xO (BinNums.xO (BinNums.xO (BinNums.xO BinNums.xH))))))) (BinNums.Zpos BinNums.xH))
        (BinInt.Z.sub (BinNums.Zpos (BinNums.xO (BinNums.xO (BinNums.xO (BinNums.xO (BinNums.xO (BinNums.xO BinNums.xH))))))) (BinNums.Zpos BinNums.xH)))
     (BinNums.Zpos BinNums.xH))
rv64d._get_Mcause_Cause :
Values.mword (BinNums.Zpos (BinNums.xO (BinNums.xO (BinNums.xO (BinNums.xO (BinNums.xO (BinNums.xO BinNums.xH))))))) -> Values.mword (BinInt.Z.sub (BinNums.Zpos (BinNums.xO (BinNums.xO (BinNums.xO (BinNums.xO (BinNums.xO (BinNums.xO BinNums.xH))))))) (BinNums.Zpos BinNums.xH))
rv64d._get_MEnvcfg_STCE :
Values.mword (BinNums.Zpos (BinNums.xO (BinNums.xO (BinNums.xO (BinNums.xO (BinNums.xO (BinNums.xO BinNums.xH))))))) -> Values.mword (BinNums.Zpos BinNums.xH)
rv64d._get_MEnvcfg_SSE :
Values.mword (BinNums.Zpos (BinNums.xO (BinNums.xO (BinNums.xO (BinNums.xO (BinNums.xO (BinNums.xO BinNums.xH))))))) -> Values.mword (BinNums.Zpos BinNums.xH)
rv64d._get_MEnvcfg_PMM :
Values.mword (BinNums.Zpos (BinNums.xO (BinNums.xO (BinNums.xO (BinNums.xO (BinNums.xO (BinNums.xO BinNums.xH))))))) -> Values.mword (BinNums.Zpos (BinNums.xO BinNums.xH))
rv64d._get_MEnvcfg_PBMTE :
Values.mword (BinNums.Zpos (BinNums.xO (BinNums.xO (BinNums.xO (BinNums.xO (BinNums.xO (BinNums.xO BinNums.xH))))))) -> Values.mword (BinNums.Zpos BinNums.xH)
rv64d._get_MEnvcfg_LPE :
Values.mword (BinNums.Zpos (BinNums.xO (BinNums.xO (BinNums.xO (BinNums.xO (BinNums.xO (BinNums.xO BinNums.xH))))))) -> Values.mword (BinNums.Zpos BinNums.xH)
rv64d._get_MEnvcfg_FIOM :
Values.mword (BinNums.Zpos (BinNums.xO (BinNums.xO (BinNums.xO (BinNums.xO (BinNums.xO (BinNums.xO BinNums.xH))))))) -> Values.mword (BinNums.Zpos BinNums.xH)
rv64d._get_MEnvcfg_CBZE :
Values.mword (BinNums.Zpos (BinNums.xO (BinNums.xO (BinNums.xO (BinNums.xO (BinNums.xO (BinNums.xO BinNums.xH))))))) -> Values.mword (BinNums.Zpos BinNums.xH)
rv64d._get_MEnvcfg_CBIE :
Values.mword (BinNums.Zpos (BinNums.xO (BinNums.xO (BinNums.xO (BinNums.xO (BinNums.xO (BinNums.xO BinNums.xH))))))) -> Values.mword (BinNums.Zpos (BinNums.xO BinNums.xH))
rv64d._get_MEnvcfg_CBCFE :
Values.mword (BinNums.Zpos (BinNums.xO (BinNums.xO (BinNums.xO (BinNums.xO (BinNums.xO (BinNums.xO BinNums.xH))))))) -> Values.mword (BinNums.Zpos BinNums.xH)
rv64d._get_MEnvcfg_ADUE :
Values.mword (BinNums.Zpos (BinNums.xO (BinNums.xO (BinNums.xO (BinNums.xO (BinNums.xO (BinNums.xO BinNums.xH))))))) -> Values.mword (BinNums.Zpos BinNums.xH)
rv64d._get_Hstateen0_SE0 :
Values.mword (BinNums.Zpos (BinNums.xO (BinNums.xO (BinNums.xO (BinNums.xO (BinNums.xO (BinNums.xO BinNums.xH))))))) -> Values.mword (BinNums.Zpos BinNums.xH)
rv64d._get_Hstateen0_FCSR :
Values.mword (BinNums.Zpos (BinNums.xO (BinNums.xO (BinNums.xO (BinNums.xO (BinNums.xO (BinNums.xO BinNums.xH))))))) -> Values.mword (BinNums.Zpos BinNums.xH)
rv64d._get_Hstateen0_ENVCFG :
Values.mword (BinNums.Zpos (BinNums.xO (BinNums.xO (BinNums.xO (BinNums.xO (BinNums.xO (BinNums.xO BinNums.xH))))))) -> Values.mword (BinNums.Zpos BinNums.xH)
rv64d._get_HpmEvent_event :
Values.mword (BinNums.Zpos (BinNums.xO (BinNums.xO (BinNums.xO (BinNums.xO (BinNums.xO (BinNums.xO BinNums.xH))))))) -> Values.mword (BinNums.Zpos (BinNums.xO (BinNums.xO (BinNums.xO (BinNums.xO (BinNums.xO BinNums.xH))))))
rv64d._get_HpmEvent_UINH :
Values.mword (BinNums.Zpos (BinNums.xO (BinNums.xO (BinNums.xO (BinNums.xO (BinNums.xO (BinNums.xO BinNums.xH))))))) -> Values.mword (BinNums.Zpos BinNums.xH)
rv64d._get_HpmEvent_SINH :
Values.mword (BinNums.Zpos (BinNums.xO (BinNums.xO (BinNums.xO (BinNums.xO (BinNums.xO (BinNums.xO BinNums.xH))))))) -> Values.mword (BinNums.Zpos BinNums.xH)
rv64d._get_HpmEvent_OF :
Values.mword (BinNums.Zpos (BinNums.xO (BinNums.xO (BinNums.xO (BinNums.xO (BinNums.xO (BinNums.xO BinNums.xH))))))) -> Values.mword (BinNums.Zpos BinNums.xH)
rv64d._get_HpmEvent_MINH :
Values.mword (BinNums.Zpos (BinNums.xO (BinNums.xO (BinNums.xO (BinNums.xO (BinNums.xO (BinNums.xO BinNums.xH))))))) -> Values.mword (BinNums.Zpos BinNums.xH)
rv64d._get_Fcsr_FRM :
Values.mword (BinNums.Zpos (BinNums.xO (BinNums.xO (BinNums.xO (BinNums.xO (BinNums.xO BinNums.xH)))))) -> Values.mword (BinNums.Zpos (BinNums.xI BinNums.xH))
rv64d._get_Fcsr_FFLAGS :
Values.mword (BinNums.Zpos (BinNums.xO (BinNums.xO (BinNums.xO (BinNums.xO (BinNums.xO BinNums.xH)))))) -> Values.mword (BinNums.Zpos (BinNums.xI (BinNums.xO BinNums.xH)))
rv64d._get_Counterin_IR :
Values.mword (BinNums.Zpos (BinNums.xO (BinNums.xO (BinNums.xO (BinNums.xO (BinNums.xO BinNums.xH)))))) -> Values.mword (BinNums.Zpos BinNums.xH)
rv64d._get_Counterin_CY :
Values.mword (BinNums.Zpos (BinNums.xO (BinNums.xO (BinNums.xO (BinNums.xO (BinNums.xO BinNums.xH)))))) -> Values.mword (BinNums.Zpos BinNums.xH)
rv64d._get_Counteren_TM :
Values.mword (BinNums.Zpos (BinNums.xO (BinNums.xO (BinNums.xO (BinNums.xO (BinNums.xO BinNums.xH)))))) -> Values.mword (BinNums.Zpos BinNums.xH)
rv64d._get_CountSmcntrpmf_VUINH :
Values.mword (BinNums.Zpos (BinNums.xO (BinNums.xO (BinNums.xO (BinNums.xO (BinNums.xO (BinNums.xO BinNums.xH))))))) -> Values.mword (BinNums.Zpos BinNums.xH)
rv64d._get_CountSmcntrpmf_VSINH :
Values.mword (BinNums.Zpos (BinNums.xO (BinNums.xO (BinNums.xO (BinNums.xO (BinNums.xO (BinNums.xO BinNums.xH))))))) -> Values.mword (BinNums.Zpos BinNums.xH)
rv64d._get_CountSmcntrpmf_UINH :
Values.mword (BinNums.Zpos (BinNums.xO (BinNums.xO (BinNums.xO (BinNums.xO (BinNums.xO (BinNums.xO BinNums.xH))))))) -> Values.mword (BinNums.Zpos BinNums.xH)
rv64d._get_CountSmcntrpmf_SINH :
Values.mword (BinNums.Zpos (BinNums.xO (BinNums.xO (BinNums.xO (BinNums.xO (BinNums.xO (BinNums.xO BinNums.xH))))))) -> Values.mword (BinNums.Zpos BinNums.xH)
rv64d._get_CountSmcntrpmf_MINH :
Values.mword (BinNums.Zpos (BinNums.xO (BinNums.xO (BinNums.xO (BinNums.xO (BinNums.xO (BinNums.xO BinNums.xH))))))) -> Values.mword (BinNums.Zpos BinNums.xH)
rv64d.__id :
BinNums.Z -> BinNums.Z
rv64d.__ReadRAM_Meta :
Values.mword
  (if BinInt.Z.eqb (BinNums.Zpos (BinNums.xO (BinNums.xO (BinNums.xO (BinNums.xO (BinNums.xO (BinNums.xO BinNums.xH))))))) (BinNums.Zpos (BinNums.xO (BinNums.xO (BinNums.xO (BinNums.xO (BinNums.xO BinNums.xH))))))
   then BinNums.Zpos (BinNums.xO (BinNums.xI (BinNums.xO (BinNums.xO (BinNums.xO BinNums.xH)))))
   else BinNums.Zpos (BinNums.xO (BinNums.xO (BinNums.xO (BinNums.xO (BinNums.xO (BinNums.xO BinNums.xH))))))) ->
BinNums.Z -> unit
rv64d_types.Defs.Zwf_guarded :
forall z : BinNums.Z, Acc (Zwf.Zwf BinNums.Z0) z
Zwf.Zwf :
BinNums.Z -> BinNums.Z -> BinNums.Z -> Prop
ZMicromega.Zunsat :
RingMicromega.NFormula BinNums.Z -> bool
Znumtheory.Zis_gcd_ind :
forall (a b g : BinNums.Z) (P : Prop), (BinInt.Z.divide g a -> BinInt.Z.divide g b -> (forall x : BinNums.Z, BinInt.Z.divide x a -> BinInt.Z.divide x b -> BinInt.Z.divide x g) -> P) -> Znumtheory.Zis_gcd a b g -> P
ZMicromega.Zgcd_pol :
RingMicromega.PolC BinNums.Z -> BinNums.Z * BinNums.Z
ZMicromega.ZgcdM :
BinNums.Z -> BinNums.Z -> BinNums.Z
ZMicromega.Zeval_pop2 :
RingMicromega.Op2 -> BinNums.Z -> BinNums.Z -> Prop
ZMicromega.Zeval_op2 :
forall k : Tauto.kind, RingMicromega.Op2 -> BinNums.Z -> BinNums.Z -> Tauto.rtyp k
ZMicromega.Zeval_formula' :
RingMicromega.PolEnv BinNums.Z -> RingMicromega.Formula BinNums.Z -> Prop
ZMicromega.Zeval_formula :
RingMicromega.PolEnv BinNums.Z -> forall k : Tauto.kind, RingMicromega.Formula BinNums.Z -> Tauto.rtyp k
ZMicromega.Zeval_expr :
RingMicromega.PolEnv BinNums.Z -> EnvRing.PExpr BinNums.Z -> BinNums.Z
ZMicromega.Zeval_bop2 :
RingMicromega.Op2 -> BinNums.Z -> BinNums.Z -> bool
ZMicromega.Zdivide_pol_ind :
forall (x : BinNums.Z) (P : RingMicromega.PolC BinNums.Z -> Prop),
(forall c : BinNums.Z, BinInt.Z.divide x c -> P (EnvRing.Pc c)) ->
(forall p : RingMicromega.PolC BinNums.Z, ZMicromega.Zdivide_pol x p -> P p -> forall j : BinNums.positive, P (EnvRing.Pinj j p)) ->
(forall p q : RingMicromega.PolC BinNums.Z, ZMicromega.Zdivide_pol x p -> P p -> ZMicromega.Zdivide_pol x q -> P q -> forall j : BinNums.positive, P (EnvRing.PX p j q)) -> forall p : RingMicromega.PolC BinNums.Z, ZMicromega.Zdivide_pol x p -> P p
ZMicromega.Zdiv_pol :
RingMicromega.PolC BinNums.Z -> BinNums.Z -> RingMicromega.PolC BinNums.Z
ZMicromega.Zdeduce :
RingMicromega.NFormula BinNums.Z -> RingMicromega.NFormula BinNums.Z -> option (RingMicromega.NFormula BinNums.Z)
ZArith_dec.Zcompare_rect :
forall (P : Type) (n m : BinNums.Z), (BinInt.Z.compare n m = Eq -> P) -> (BinInt.Z.compare n m = Lt -> P) -> (BinInt.Z.compare n m = Gt -> P) -> P
ZArith_dec.Zcompare_rec :
forall (P : Set) (n m : BinNums.Z), (BinInt.Z.compare n m = Eq -> P) -> (BinInt.Z.compare n m = Lt -> P) -> (BinInt.Z.compare n m = Gt -> P) -> P
MachineWord.MachineWord.Z_to_word :
forall n : BinNums.N, BinNums.Z -> MachineWord.MachineWord.word n
definitions.Z_to_bv_checked :
forall n : BinNums.N, BinNums.Z -> option (definitions.bv n)
BinNums.Z_rect :
forall P : BinNums.Z -> Type, P BinNums.Z0 -> (forall p : BinNums.positive, P (BinNums.Zpos p)) -> (forall p : BinNums.positive, P (BinNums.Zneg p)) -> forall z : BinNums.Z, P z
BinNums.Z_rec :
forall P : BinNums.Z -> Set, P BinNums.Z0 -> (forall p : BinNums.positive, P (BinNums.Zpos p)) -> (forall p : BinNums.positive, P (BinNums.Zneg p)) -> forall z : BinNums.Z, P z
ZArith_dec.Z_lt_dec :
forall x y : BinNums.Z, {BinInt.Z.lt x y} + {~ BinInt.Z.lt x y}
ZArith_dec.Z_le_lt_eq_dec :
forall x y : BinNums.Z, BinInt.Z.le x y -> {BinInt.Z.lt x y} + {x = y}
BinNums.Z_ind :
forall P : BinNums.Z -> Prop, P BinNums.Z0 -> (forall p : BinNums.positive, P (BinNums.Zpos p)) -> (forall p : BinNums.positive, P (BinNums.Zneg p)) -> forall z : BinNums.Z, P z
MachineWord.MachineWord.Z_idx :
BinNums.Z -> BinNums.N
ZArith_dec.Z_ge_dec :
forall x y : BinNums.Z, {BinInt.Z.ge x y} + {~ BinInt.Z.ge x y}
countable.Z_countable :
countable.Countable BinNums.Z
ZMicromega.ZWitness :
Type
ZMicromega.ZTautoChecker :
Tauto.BFormula (RingMicromega.Formula BinNums.Z) Tauto.isProp -> list ZMicromega.ZArithProof -> bool
ZMicromega.ZChecker :
list (RingMicromega.NFormula BinNums.Z) -> ZMicromega.ZArithProof -> bool
XV6_DISK_BYTES :
nat
cmra.ValidN :
stepindex.sidx -> Type -> Type
cmra.Valid :
Type -> Type
rv64d.VLENB :
rv64d_types.xlenbits
cmra.Unit :
Type -> Type
base.UnionWith :
Type -> Type -> Type
base.Union :
Type -> Type
Init.Unconvertible :
forall A : Type, A -> A -> Set
decidable.True_dec :
base.Decision True
base.TrichotomyT :
forall A : Type, Relation_Definitions.relation A -> Type
RelationClasses.Transitive :
forall A : Type, Relation_Definitions.relation A -> Prop
FsImg.T_FILE_z :
BinNums.Z
DirView.T_DIR_z :
BinNums.Z
FsImg.T_DEVICE_z :
BinNums.Z
rv64d_types.TLB_Entry_vpn :
rv64d_types.TLB_Entry -> rv64d_types.bits (BinInt.Z.sub (BinNums.Zpos (BinNums.xI (BinNums.xO (BinNums.xO (BinNums.xI (BinNums.xI BinNums.xH)))))) (BinNums.Zpos (BinNums.xO (BinNums.xO (BinNums.xI BinNums.xH)))))
rv64d_types.TLB_Entry_pteAddr :
rv64d_types.TLB_Entry -> rv64d_types.physaddr
rv64d_types.TLB_Entry_pte :
rv64d_types.TLB_Entry -> rv64d_types.bits (BinNums.Zpos (BinNums.xO (BinNums.xO (BinNums.xO (BinNums.xO (BinNums.xO (BinNums.xO BinNums.xH)))))))
rv64d_types.TLB_Entry_ppn :
rv64d_types.TLB_Entry -> rv64d_types.bits (BinNums.Zpos (BinNums.xO (BinNums.xO (BinNums.xI (BinNums.xI (BinNums.xO BinNums.xH))))))
rv64d_types.TLB_Entry_levelMask :
rv64d_types.TLB_Entry -> rv64d_types.bits (BinInt.Z.sub (BinNums.Zpos (BinNums.xI (BinNums.xO (BinNums.xO (BinNums.xI (BinNums.xI BinNums.xH)))))) (BinNums.Zpos (BinNums.xO (BinNums.xO (BinNums.xI BinNums.xH)))))
rv64d_types.TLB_Entry_global :
rv64d_types.TLB_Entry -> bool
rv64d_types.TLB_Entry_asid :
rv64d_types.TLB_Entry -> rv64d_types.asidbits
Tauto.TFormula :
Type -> Type -> (Tauto.kind -> Type) -> Type -> Tauto.kind -> Type
RelationClasses.Symmetric :
forall A : Type, Relation_Definitions.relation A -> Prop
base.SubsetEq :
Type -> Type
RelationClasses.StrictOrder_Transitive :
forall (A : Type) (R : Relation_Definitions.relation A), RelationClasses.StrictOrder R -> RelationClasses.Transitive R
RelationClasses.StrictOrder_Irreflexive :
forall (A : Type) (R : Relation_Definitions.relation A), RelationClasses.StrictOrder R -> RelationClasses.Irreflexive R
rv64d_types.Splittability_of_num :
BinNums.Z -> rv64d_types.Splittability
rv64d_types.Splittability_eq_dec :
forall x y : rv64d_types.Splittability, {x = y} + {x <> y}
Ring_theory.Smorph_mul :
forall (R : Type) (rO rI : R) (radd rmul : R -> R -> R) (req : R -> R -> Prop) (C : Type) (cO cI : C) (cadd cmul : C -> C -> C) (ceqb : C -> C -> bool) (phi : C -> R), Ring_theory.semi_morph rO rI radd rmul req cO cI cadd cmul ceqb phi -> forall x y : C, req (phi (cmul x y)) (rmul (phi x) (phi y))
Ring_theory.Smorph_eq :
forall (R : Type) (rO rI : R) (radd rmul : R -> R -> R) (req : R -> R -> Prop) (C : Type) (cO cI : C) (cadd cmul : C -> C -> C) (ceqb : C -> C -> bool) (phi : C -> R), Ring_theory.semi_morph rO rI radd rmul req cO cI cadd cmul ceqb phi -> forall x y : C, ceqb x y = true -> req (phi x) (phi y)
Ring_theory.Smorph_add :
forall (R : Type) (rO rI : R) (radd rmul : R -> R -> R) (req : R -> R -> Prop) (C : Type) (cO cI : C) (cadd cmul : C -> C -> C) (ceqb : C -> C -> bool) (phi : C -> R), Ring_theory.semi_morph rO rI radd rmul req cO cI cadd cmul ceqb phi -> forall x y : C, req (phi (cadd x y)) (radd (phi x) (phi y))
Ring_theory.Smorph1 :
forall (R : Type) (rO rI : R) (radd rmul : R -> R -> R) (req : R -> R -> Prop) (C : Type) (cO cI : C) (cadd cmul : C -> C -> C) (ceqb : C -> C -> bool) (phi : C -> R), Ring_theory.semi_morph rO rI radd rmul req cO cI cadd cmul ceqb phi -> req (phi cI) rI
Ring_theory.Smorph0 :
forall (R : Type) (rO rI : R) (radd rmul : R -> R -> R) (req : R -> R -> Prop) (C : Type) (cO cI : C) (cadd cmul : C -> C -> C) (ceqb : C -> C -> bool) (phi : C -> R), Ring_theory.semi_morph rO rI radd rmul req cO cI cadd cmul ceqb phi -> req (phi cO) rO
base.Size :
Type -> Type
rv64d_types.Sinterrupts :
Type
base.SingletonMS :
Type -> Type -> Type
base.SingletonM :
Type -> Type -> Type -> Type
base.Singleton :
Type -> Type -> Type
Setoid.Setoid_Theory :
forall A : Type, Relation_Definitions.relation A -> Prop
Setoid.Seq_refl :
forall (A : Type) (Aeq : Relation_Definitions.relation A), Setoid.Setoid_Theory A Aeq -> forall x : A, Aeq x x
base.ScalarMul :
Type -> Type -> Type
OrderedRing.SORtimes_wd :
forall (R : Type) (rO rI : R) (rplus rtimes rminus : R -> R -> R) (ropp : R -> R) (req rle rlt : R -> R -> Prop), OrderedRing.SOR rO rI rplus rtimes rminus ropp req rle rlt -> forall x1 x2 : R, req x1 x2 -> forall y1 y2 : R, req y1 y2 -> req (rtimes x1 y1) (rtimes x2 y2)
OrderedRing.SORtimes_pos_pos :
forall (R : Type) (rO rI : R) (rplus rtimes rminus : R -> R -> R) (ropp : R -> R) (req rle rlt : R -> R -> Prop), OrderedRing.SOR rO rI rplus rtimes rminus ropp req rle rlt -> forall n m : R, rlt rO n -> rlt rO m -> rlt rO (rtimes n m)
OrderedRing.SORsetoid :
forall (R : Type) (rO rI : R) (rplus rtimes rminus : R -> R -> R) (ropp : R -> R) (req rle rlt : R -> R -> Prop), OrderedRing.SOR rO rI rplus rtimes rminus ropp req rle rlt -> Setoid.Setoid_Theory R req
OrderedRing.SORrt :
forall (R : Type) (rO rI : R) (rplus rtimes rminus : R -> R -> R) (ropp : R -> R) (req rle rlt : R -> R -> Prop), OrderedRing.SOR rO rI rplus rtimes rminus ropp req rle rlt -> Ring_theory.ring_theory rO rI rplus rtimes rminus ropp req
RingMicromega.SORrm :
forall (R : Type) (rO rI : R) (rplus rtimes rminus : R -> R -> R) (ropp : R -> R) (req rle : R -> R -> Prop) (C : Type) (cO cI : C) (cplus ctimes cminus : C -> C -> C) (copp : C -> C) (ceqb cleb : C -> C -> bool) (phi : C -> R) (E : Type) (pow_phi : BinNums.N -> E) (rpow : R -> E -> R),
RingMicromega.SORaddon rO rI rplus rtimes rminus ropp req rle cO cI cplus ctimes cminus copp ceqb cleb phi pow_phi rpow -> Ring_theory.ring_morph rO rI rplus rtimes rminus ropp req cO cI cplus ctimes cminus copp ceqb phi
RingMicromega.SORpower :
forall (R : Type) (rO rI : R) (rplus rtimes rminus : R -> R -> R) (ropp : R -> R) (req rle : R -> R -> Prop) (C : Type) (cO cI : C) (cplus ctimes cminus : C -> C -> C) (copp : C -> C) (ceqb cleb : C -> C -> bool) (phi : C -> R) (E : Type) (pow_phi : BinNums.N -> E) (rpow : R -> E -> R),
RingMicromega.SORaddon rO rI rplus rtimes rminus ropp req rle cO cI cplus ctimes cminus copp ceqb cleb phi pow_phi rpow -> Ring_theory.power_theory rI rtimes req pow_phi rpow
OrderedRing.SORplus_wd :
forall (R : Type) (rO rI : R) (rplus rtimes rminus : R -> R -> R) (ropp : R -> R) (req rle rlt : R -> R -> Prop), OrderedRing.SOR rO rI rplus rtimes rminus ropp req rle rlt -> forall x1 x2 : R, req x1 x2 -> forall y1 y2 : R, req y1 y2 -> req (rplus x1 y1) (rplus x2 y2)
OrderedRing.SORplus_le_mono_l :
forall (R : Type) (rO rI : R) (rplus rtimes rminus : R -> R -> R) (ropp : R -> R) (req rle rlt : R -> R -> Prop), OrderedRing.SOR rO rI rplus rtimes rminus ropp req rle rlt -> forall n m p : R, rle n m -> rle (rplus p n) (rplus p m)
OrderedRing.SORopp_wd :
forall (R : Type) (rO rI : R) (rplus rtimes rminus : R -> R -> R) (ropp : R -> R) (req rle rlt : R -> R -> Prop), OrderedRing.SOR rO rI rplus rtimes rminus ropp req rle rlt -> forall x1 x2 : R, req x1 x2 -> req (ropp x1) (ropp x2)
OrderedRing.SORlt_wd :
forall (R : Type) (rO rI : R) (rplus rtimes rminus : R -> R -> R) (ropp : R -> R) (req rle rlt : R -> R -> Prop), OrderedRing.SOR rO rI rplus rtimes rminus ropp req rle rlt -> forall x1 x2 : R, req x1 x2 -> forall y1 y2 : R, req y1 y2 -> rlt x1 y1 <-> rlt x2 y2
OrderedRing.SORlt_trichotomy :
forall (R : Type) (rO rI : R) (rplus rtimes rminus : R -> R -> R) (ropp : R -> R) (req rle rlt : R -> R -> Prop), OrderedRing.SOR rO rI rplus rtimes rminus ropp req rle rlt -> forall n m : R, rlt n m \/ req n m \/ rlt m n
OrderedRing.SORlt_le_neq :
forall (R : Type) (rO rI : R) (rplus rtimes rminus : R -> R -> R) (ropp : R -> R) (req rle rlt : R -> R -> Prop), OrderedRing.SOR rO rI rplus rtimes rminus ropp req rle rlt -> forall n m : R, rlt n m <-> rle n m /\ ~ req n m
OrderedRing.SORle_wd :
forall (R : Type) (rO rI : R) (rplus rtimes rminus : R -> R -> R) (ropp : R -> R) (req rle rlt : R -> R -> Prop), OrderedRing.SOR rO rI rplus rtimes rminus ropp req rle rlt -> forall x1 x2 : R, req x1 x2 -> forall y1 y2 : R, req y1 y2 -> rle x1 y1 <-> rle x2 y2
OrderedRing.SORle_trans :
forall (R : Type) (rO rI : R) (rplus rtimes rminus : R -> R -> R) (ropp : R -> R) (req rle rlt : R -> R -> Prop), OrderedRing.SOR rO rI rplus rtimes rminus ropp req rle rlt -> forall n m p : R, rle n m -> rle m p -> rle n p
OrderedRing.SORle_refl :
forall (R : Type) (rO rI : R) (rplus rtimes rminus : R -> R -> R) (ropp : R -> R) (req rle rlt : R -> R -> Prop), OrderedRing.SOR rO rI rplus rtimes rminus ropp req rle rlt -> forall n : R, rle n n
OrderedRing.SORle_antisymm :
forall (R : Type) (rO rI : R) (rplus rtimes rminus : R -> R -> R) (ropp : R -> R) (req rle rlt : R -> R -> Prop), OrderedRing.SOR rO rI rplus rtimes rminus ropp req rle rlt -> forall n m : R, rle n m -> rle m n -> req n m
RingMicromega.SORcneqb_morph :
forall (R : Type) (rO rI : R) (rplus rtimes rminus : R -> R -> R) (ropp : R -> R) (req rle : R -> R -> Prop) (C : Type) (cO cI : C) (cplus ctimes cminus : C -> C -> C) (copp : C -> C) (ceqb cleb : C -> C -> bool) (phi : C -> R) (E : Type) (pow_phi : BinNums.N -> E) (rpow : R -> E -> R),
RingMicromega.SORaddon rO rI rplus rtimes rminus ropp req rle cO cI cplus ctimes cminus copp ceqb cleb phi pow_phi rpow -> forall x y : C, ceqb x y = false -> ~ req (phi x) (phi y)
RingMicromega.SORcleb_morph :
forall (R : Type) (rO rI : R) (rplus rtimes rminus : R -> R -> R) (ropp : R -> R) (req rle : R -> R -> Prop) (C : Type) (cO cI : C) (cplus ctimes cminus : C -> C -> C) (copp : C -> C) (ceqb cleb : C -> C -> bool) (phi : C -> R) (E : Type) (pow_phi : BinNums.N -> E) (rpow : R -> E -> R),
RingMicromega.SORaddon rO rI rplus rtimes rminus ropp req rle cO cI cplus ctimes cminus copp ceqb cleb phi pow_phi rpow -> forall x y : C, cleb x y = true -> rle (phi x) (phi y)
rv64d.SIG_VERSION_OFFSET :
BinNums.Z
rv64d.SIG_PLATFORM_OFFSET :
BinNums.Z
FsImg.SB_BNO :
BinNums.Z
rv64d_types.SATPMode_of_num :
BinNums.Z -> rv64d_types.SATPMode
rv64d_types.SATPMode_eq_dec :
forall x y : rv64d_types.SATPMode, {x = y} + {x <> y}
Ring_theory.Rsub_def :
forall (R : Type) (rO rI : R) (radd rmul rsub : R -> R -> R) (ropp : R -> R) (req : R -> R -> Prop), Ring_theory.ring_theory rO rI radd rmul rsub ropp req -> forall x y : R, req (rsub x y) (radd x (ropp y))
RingMicromega.Rops_wd :
forall (R : Type) (rO rI : R) (rplus rtimes rminus : R -> R -> R) (ropp : R -> R) (req rle rlt : R -> R -> Prop), OrderedRing.SOR rO rI rplus rtimes rminus ropp req rle rlt -> Ring_theory.ring_eq_ext rplus rtimes ropp req
Ring_theory.Ropp_ext :
forall (R : Type) (radd rmul : R -> R -> R) (ropp : R -> R) (req : R -> R -> Prop), Ring_theory.ring_eq_ext radd rmul ropp req -> Morphisms.Proper (Morphisms.respectful req req) ropp
Ring_theory.Ropp_def :
forall (R : Type) (rO rI : R) (radd rmul rsub : R -> R -> R) (ropp : R -> R) (req : R -> R -> Prop), Ring_theory.ring_theory rO rI radd rmul rsub ropp req -> forall x : R, req (radd x (ropp x)) rO
Ring_theory.Rmul_ext :
forall (R : Type) (radd rmul : R -> R -> R) (ropp : R -> R) (req : R -> R -> Prop), Ring_theory.ring_eq_ext radd rmul ropp req -> Morphisms.Proper (Morphisms.respectful req (Morphisms.respectful req req)) rmul
Ring_theory.Rmul_comm :
forall (R : Type) (rO rI : R) (radd rmul rsub : R -> R -> R) (ropp : R -> R) (req : R -> R -> Prop), Ring_theory.ring_theory rO rI radd rmul rsub ropp req -> forall x y : R, req (rmul x y) (rmul y x)
Ring_theory.Rmul_assoc :
forall (R : Type) (rO rI : R) (radd rmul rsub : R -> R -> R) (ropp : R -> R) (req : R -> R -> Prop), Ring_theory.ring_theory rO rI radd rmul rsub ropp req -> forall x y z : R, req (rmul x (rmul y z)) (rmul (rmul x y) z)
Ring_theory.Rmul_1_l :
forall (R : Type) (rO rI : R) (radd rmul rsub : R -> R -> R) (ropp : R -> R) (req : R -> R -> Prop), Ring_theory.ring_theory rO rI radd rmul rsub ropp req -> forall x : R, req (rmul rI x) x
base.RightId :
forall A : Type, Relation_Definitions.relation A -> A -> (A -> A -> A) -> Prop
rv64d_types.Reservability_of_num :
BinNums.Z -> rv64d_types.Reservability
rv64d_types.Reservability_eq_dec :
forall x y : rv64d_types.Reservability, {x = y} + {x <> y}
base.RelDecision :
forall A B : Type, (A -> B -> Prop) -> Type
Morphisms.ReflexiveProxy :
forall A : Type, Relation_Definitions.relation A -> Prop
RelationClasses.Reflexive :
forall A : Type, Relation_Definitions.relation A -> Prop
Ring_theory.Rdistr_l :
forall (R : Type) (rO rI : R) (radd rmul rsub : R -> R -> R) (ropp : R -> R) (req : R -> R -> Prop), Ring_theory.ring_theory rO rI radd rmul rsub ropp req -> forall x y z : R, req (rmul (radd x y) z) (radd (rmul x z) (rmul y z))
Ring_theory.Radd_ext :
forall (R : Type) (radd rmul : R -> R -> R) (ropp : R -> R) (req : R -> R -> Prop), Ring_theory.ring_eq_ext radd rmul ropp req -> Morphisms.Proper (Morphisms.respectful req (Morphisms.respectful req req)) radd
Ring_theory.Radd_comm :
forall (R : Type) (rO rI : R) (radd rmul rsub : R -> R -> R) (ropp : R -> R) (req : R -> R -> Prop), Ring_theory.ring_theory rO rI radd rmul rsub ropp req -> forall x y : R, req (radd x y) (radd y x)
Ring_theory.Radd_assoc :
forall (R : Type) (rO rI : R) (radd rmul rsub : R -> R -> R) (ropp : R -> R) (req : R -> R -> Prop), Ring_theory.ring_theory rO rI radd rmul rsub ropp req -> forall x y z : R, req (radd x (radd y z)) (radd (radd x y) z)
Ring_theory.Radd_0_l :
forall (R : Type) (rO rI : R) (radd rmul rsub : R -> R -> R) (ropp : R -> R) (req : R -> R -> Prop), Ring_theory.ring_theory rO rI radd rmul rsub ropp req -> forall x : R, req (radd rO x) x
InitialRing.R_setoid3_Transitive :
forall (R : Type) (req : R -> R -> Prop), Setoid.Setoid_Theory R req -> RelationClasses.Transitive req
InitialRing.R_setoid3_Symmetric :
forall (R : Type) (req : R -> R -> Prop), Setoid.Setoid_Theory R req -> RelationClasses.Symmetric req
InitialRing.R_setoid3_Reflexive :
forall (R : Type) (req : R -> R -> Prop), Setoid.Setoid_Theory R req -> RelationClasses.Reflexive req
InitialRing.R_setoid3 :
forall (R : Type) (req : R -> R -> Prop), Setoid.Setoid_Theory R req -> RelationClasses.Equivalence req
FsImg.ROOTINO :
BinNums.Z
rv64d_types.RISCV_strong_access_variety :
rv64d_types.RISCV_strong_access -> ConcurrencyInterfaceTypes.Access_variety
rv64d.RETIRE_SUCCESS :
rv64d_types.ExecutionResult
Rdefinitions.RbaseSymbolsImpl.R :
Set
Qreduction.Qred :
QArith_base.Q -> QArith_base.Q
QArith_base.Qplus :
QArith_base.Q -> QArith_base.Q -> QArith_base.Q
numbers.Qp_to_Qc :
numbers.Qp -> Qcanon.Qc
QArith_base.Qopp :
QArith_base.Q -> QArith_base.Q
QArith_base.Qnum :
QArith_base.Q -> BinNums.Z
QArith_base.Qmult :
QArith_base.Q -> QArith_base.Q -> QArith_base.Q
QArith_base.Qlt :
QArith_base.Q -> QArith_base.Q -> Prop
QArith_base.Qle :
QArith_base.Q -> QArith_base.Q -> Prop
QArith_base.Qinv :
QArith_base.Q -> QArith_base.Q
QArith_base.Qeq :
QArith_base.Q -> QArith_base.Q -> Prop
QArith_base.Qden :
QArith_base.Q -> BinNums.positive
Qcanon.Qcplus :
Qcanon.Qc -> Qcanon.Qc -> Qcanon.Qc
Qcanon.Qcopp :
Qcanon.Qc -> Qcanon.Qc
QArith_base.Qcompare :
QArith_base.Q -> QArith_base.Q -> comparison
Qcanon.Qcmult :
Qcanon.Qc -> Qcanon.Qc -> Qcanon.Qc
Qcanon.Qcminus :
Qcanon.Qc -> Qcanon.Qc -> Qcanon.Qc
Qcanon.Qclt :
Qcanon.Qc -> Qcanon.Qc -> Prop
Qcanon.Qcle :
Qcanon.Qc -> Qcanon.Qc -> Prop
Qcanon.Qcinv :
Qcanon.Qc -> Qcanon.Qc
Qcanon.Qcdiv :
Qcanon.Qc -> Qcanon.Qc -> Qcanon.Qc
numbers.Qc_of_Z :
BinNums.Z -> Qcanon.Qc
Qcanon.Q2Qc :
QArith_base.Q -> Qcanon.Qc
Ring_polynom.PsubX :
forall C : Type, C -> (C -> C) -> (C -> C -> bool) -> (Ring_polynom.Pol C -> Ring_polynom.Pol C -> Ring_polynom.Pol C) -> Ring_polynom.Pol C -> BinNums.positive -> Ring_polynom.Pol C -> Ring_polynom.Pol C
EnvRing.PsubX :
forall C : Type, C -> (C -> C) -> (C -> C -> bool) -> (EnvRing.Pol C -> EnvRing.Pol C -> EnvRing.Pol C) -> EnvRing.Pol C -> BinNums.positive -> EnvRing.Pol C -> EnvRing.Pol C
Ring_polynom.PsubI :
forall C : Type, (C -> C -> C) -> (C -> C) -> (Ring_polynom.Pol C -> Ring_polynom.Pol C -> Ring_polynom.Pol C) -> Ring_polynom.Pol C -> BinNums.positive -> Ring_polynom.Pol C -> Ring_polynom.Pol C
EnvRing.PsubI :
forall C : Type, (C -> C -> C) -> (C -> C) -> (EnvRing.Pol C -> EnvRing.Pol C -> EnvRing.Pol C) -> EnvRing.Pol C -> BinNums.positive -> EnvRing.Pol C -> EnvRing.Pol C
RingMicromega.PsubC_ok :
forall (R : Type) (rO rI : R) (rplus rtimes rminus : R -> R -> R) (ropp : R -> R) (req rle rlt : R -> R -> Prop),
OrderedRing.SOR rO rI rplus rtimes rminus ropp req rle rlt ->
forall (C : Type) (cO cI : C) (cplus ctimes cminus : C -> C -> C) (copp : C -> C) (ceqb cleb : C -> C -> bool) (phi : C -> R) (E : Type) (pow_phi : BinNums.N -> E) (rpow : R -> E -> R),
RingMicromega.SORaddon rO rI rplus rtimes rminus ropp req rle cO cI cplus ctimes cminus copp ceqb cleb phi pow_phi rpow ->
forall (c : C) (P : EnvRing.Pol C) (env : RingMicromega.PolEnv R), req (RingMicromega.eval_pol rplus rtimes phi env (RingMicromega.psubC cminus P c)) (rminus (RingMicromega.eval_pol rplus rtimes phi env P) (phi c))
Ring_polynom.PsubC :
forall C : Type, (C -> C -> C) -> Ring_polynom.Pol C -> C -> Ring_polynom.Pol C
EnvRing.PsubC :
forall C : Type, (C -> C -> C) -> EnvRing.Pol C -> C -> EnvRing.Pol C
Ring_polynom.Psub :
forall C : Type, C -> (C -> C -> C) -> (C -> C -> C) -> (C -> C) -> (C -> C -> bool) -> Ring_polynom.Pol C -> Ring_polynom.Pol C -> Ring_polynom.Pol C
EnvRing.Psub :
forall C : Type, C -> (C -> C -> C) -> (C -> C -> C) -> (C -> C) -> (C -> C -> bool) -> EnvRing.Pol C -> EnvRing.Pol C -> EnvRing.Pol C
EnvRing.Psquare :
forall C : Type, C -> C -> (C -> C -> C) -> (C -> C -> C) -> (C -> C -> bool) -> EnvRing.Pol C -> EnvRing.Pol C
RingMicromega.Psatz_ind :
forall (C : Type) (P : RingMicromega.Psatz C -> Prop),
(forall p : RingMicromega.Psatz C, P p -> forall p0 : RingMicromega.Psatz C, P p0 -> P (RingMicromega.PsatzLet p p0)) ->
(forall n : nat, P (RingMicromega.PsatzIn C n)) ->
(forall p : RingMicromega.PolC C, P (RingMicromega.PsatzSquare p)) ->
(forall (p : RingMicromega.PolC C) (p0 : RingMicromega.Psatz C), P p0 -> P (RingMicromega.PsatzMulC p p0)) ->
(forall p : RingMicromega.Psatz C, P p -> forall p0 : RingMicromega.Psatz C, P p0 -> P (RingMicromega.PsatzMulE p p0)) ->
(forall p : RingMicromega.Psatz C, P p -> forall p0 : RingMicromega.Psatz C, P p0 -> P (RingMicromega.PsatzAdd p p0)) -> (forall c : C, P (RingMicromega.PsatzC c)) -> P (RingMicromega.PsatzZ C) -> forall p : RingMicromega.Psatz C, P p
Morphisms.ProperProxy :
forall A : Type, Relation_Definitions.relation A -> A -> Prop
Morphisms.Proper :
forall A : Type, Relation_Definitions.relation A -> A -> Prop
base.ProofIrrel :
Type -> Prop
rv64d_types.Privilege_s :
rv64d_types.regstate -> rv64d_types.register_Privilege -> rv64d_types.Privilege
rv64d_types.Privilege_of_num :
BinNums.Z -> rv64d_types.Privilege
rv64d_types.Privilege_eq_dec :
forall x y : rv64d_types.Privilege, {x = y} + {x <> y}
RelationClasses.PreOrder_Transitive :
forall (A : Type) (R : Relation_Definitions.relation A), RelationClasses.PreOrder R -> RelationClasses.Transitive R
RelationClasses.PreOrder_Reflexive :
forall (A : Type) (R : Relation_Definitions.relation A), RelationClasses.PreOrder R -> RelationClasses.Reflexive R
Ring_polynom.Ppow_pos :
forall C : Type, C -> C -> (C -> C -> C) -> (C -> C -> C) -> (C -> C -> bool) -> (Ring_polynom.Pol C -> Ring_polynom.Pol C) -> Ring_polynom.Pol C -> Ring_polynom.Pol C -> BinNums.positive -> Ring_polynom.Pol C
EnvRing.Ppow_pos :
forall C : Type, C -> C -> (C -> C -> C) -> (C -> C -> C) -> (C -> C -> bool) -> (EnvRing.Pol C -> EnvRing.Pol C) -> EnvRing.Pol C -> EnvRing.Pol C -> BinNums.positive -> EnvRing.Pol C
Ring_polynom.Ppow_N :
forall C : Type, C -> C -> (C -> C -> C) -> (C -> C -> C) -> (C -> C -> bool) -> (Ring_polynom.Pol C -> Ring_polynom.Pol C) -> Ring_polynom.Pol C -> BinNums.N -> Ring_polynom.Pol C
EnvRing.Ppow_N :
forall C : Type, C -> C -> (C -> C -> C) -> (C -> C -> C) -> (C -> C -> bool) -> (EnvRing.Pol C -> EnvRing.Pol C) -> EnvRing.Pol C -> BinNums.N -> EnvRing.Pol C
Ring_polynom.Pphi_pow :
forall R : Type, R -> R -> (R -> R -> R) -> (R -> R -> R) -> (R -> R -> R) -> (R -> R) -> forall C : Type, C -> C -> (C -> C -> bool) -> (C -> R) -> forall Cpow : Type, (BinNums.N -> Cpow) -> (R -> Cpow -> R) -> (C -> option C) -> list R -> Ring_polynom.Pol C -> R
Ring_polynom.Pphi_avoid :
forall R : Type, R -> R -> (R -> R -> R) -> (R -> R -> R) -> (R -> R) -> forall C : Type, C -> C -> (C -> C -> bool) -> (C -> R) -> (C -> option C) -> (R -> BinNums.positive -> R) -> (R -> BinNums.positive -> R) -> (R -> R -> BinNums.positive -> R) -> list R -> Ring_polynom.Pol C -> R
Ring_polynom.Pphi :
forall R : Type, R -> (R -> R -> R) -> (R -> R -> R) -> forall C : Type, (C -> R) -> list R -> Ring_polynom.Pol C -> R
EnvRing.Pphi :
forall R : Type, (R -> R -> R) -> (R -> R -> R) -> forall C : Type, (C -> R) -> Env.Env R -> EnvRing.Pol C -> R
Ring_polynom.Popp :
forall C : Type, (C -> C) -> Ring_polynom.Pol C -> Ring_polynom.Pol C
EnvRing.Popp :
forall C : Type, (C -> C) -> EnvRing.Pol C -> EnvRing.Pol C
Ring_polynom.Pol_ind :
forall (C : Type) (P : Ring_polynom.Pol C -> Prop),
(forall c : C, P (Ring_polynom.Pc c)) ->
(forall (p : BinNums.positive) (p0 : Ring_polynom.Pol C), P p0 -> P (Ring_polynom.Pinj p p0)) -> (forall p : Ring_polynom.Pol C, P p -> forall (p0 : BinNums.positive) (p1 : Ring_polynom.Pol C), P p1 -> P (Ring_polynom.PX p p0 p1)) -> forall p : Ring_polynom.Pol C, P p
EnvRing.Pol_ind :
forall (C : Type) (P : EnvRing.Pol C -> Prop),
(forall c : C, P (EnvRing.Pc c)) -> (forall (p : BinNums.positive) (p0 : EnvRing.Pol C), P p0 -> P (EnvRing.Pinj p p0)) -> (forall p : EnvRing.Pol C, P p -> forall (p0 : BinNums.positive) (p1 : EnvRing.Pol C), P p1 -> P (EnvRing.PX p p0 p1)) -> forall p : EnvRing.Pol C, P p
RingMicromega.PolEnv :
Type -> Type
RingMicromega.PolC :
Type -> Type
Ring_polynom.PmulI :
forall C : Type, C -> C -> (C -> C -> C) -> (C -> C -> bool) -> (Ring_polynom.Pol C -> Ring_polynom.Pol C -> Ring_polynom.Pol C) -> Ring_polynom.Pol C -> BinNums.positive -> Ring_polynom.Pol C -> Ring_polynom.Pol C
EnvRing.PmulI :
forall C : Type, C -> C -> (C -> C -> C) -> (C -> C -> bool) -> (EnvRing.Pol C -> EnvRing.Pol C -> EnvRing.Pol C) -> EnvRing.Pol C -> BinNums.positive -> EnvRing.Pol C -> EnvRing.Pol C
Ring_polynom.PmulC_aux :
forall C : Type, C -> (C -> C -> C) -> (C -> C -> bool) -> Ring_polynom.Pol C -> C -> Ring_polynom.Pol C
EnvRing.PmulC_aux :
forall C : Type, C -> (C -> C -> C) -> (C -> C -> bool) -> EnvRing.Pol C -> C -> EnvRing.Pol C
Ring_polynom.PmulC :
forall C : Type, C -> C -> (C -> C -> C) -> (C -> C -> bool) -> Ring_polynom.Pol C -> C -> Ring_polynom.Pol C
EnvRing.PmulC :
forall C : Type, C -> C -> (C -> C -> C) -> (C -> C -> bool) -> EnvRing.Pol C -> C -> EnvRing.Pol C
Ring_polynom.Pmul :
forall C : Type, C -> C -> (C -> C -> C) -> (C -> C -> C) -> (C -> C -> bool) -> Ring_polynom.Pol C -> Ring_polynom.Pol C -> Ring_polynom.Pol C
EnvRing.Pmul :
forall C : Type, C -> C -> (C -> C -> C) -> (C -> C -> C) -> (C -> C -> bool) -> EnvRing.Pol C -> EnvRing.Pol C -> EnvRing.Pol C
rv64d_types.PmpAddrMatchType_of_num :
BinNums.Z -> rv64d_types.PmpAddrMatchType
rv64d_types.PmpAddrMatchType_eq_dec :
forall x y : rv64d_types.PmpAddrMatchType, {x = y} + {x <> y}
rv64d_types.Phys_Mem_Access_Info_splittable :
rv64d_types.Phys_Mem_Access_Info -> rv64d_types.Splittability
rv64d_types.Phys_Mem_Access_Info_granule_size_exp :
rv64d_types.Phys_Mem_Access_Info -> rv64d_types.mag_size_exp
Permutation.Permutation_ind :
forall (A : Type) (P : list A -> list A -> Prop),
P nil nil ->
(forall (x : A) (l l' : list A), Permutation.Permutation l l' -> P l l' -> P (x :: l)%list (x :: l')%list) ->
(forall (x y : A) (l : list A), P (y :: x :: l)%list (x :: y :: l)%list) -> (forall l l' l'' : list A, Permutation.Permutation l l' -> P l l' -> Permutation.Permutation l' l'' -> P l' l'' -> P l l'') -> forall l l0 : list A, Permutation.Permutation l l0 -> P l l0
Permutation.Permutation_Equivalence :
forall A : Type, RelationClasses.Equivalence Permutation.Permutation
Ring_polynom.Pequiv :
forall R : Type, R -> (R -> R -> R) -> (R -> R -> R) -> (R -> R -> Prop) -> forall C : Type, (C -> R) -> Ring_polynom.Pol C -> Ring_polynom.Pol C -> Prop
Ring_polynom.Peq :
forall C : Type, (C -> C -> bool) -> Ring_polynom.Pol C -> Ring_polynom.Pol C -> bool
EnvRing.Peq :
forall C : Type, (C -> C -> bool) -> EnvRing.Pol C -> EnvRing.Pol C -> bool
base.PartialAlter :
Type -> Type -> Type -> Type
cmra.Params_instance_1 :
Morphisms.Params (@cmra.op) 2
Ring_polynom.PaddX :
forall C : Type, C -> (C -> C -> bool) -> (Ring_polynom.Pol C -> Ring_polynom.Pol C -> Ring_polynom.Pol C) -> Ring_polynom.Pol C -> BinNums.positive -> Ring_polynom.Pol C -> Ring_polynom.Pol C
EnvRing.PaddX :
forall C : Type, C -> (C -> C -> bool) -> (EnvRing.Pol C -> EnvRing.Pol C -> EnvRing.Pol C) -> EnvRing.Pol C -> BinNums.positive -> EnvRing.Pol C -> EnvRing.Pol C
Ring_polynom.PaddI :
forall C : Type, (C -> C -> C) -> (Ring_polynom.Pol C -> Ring_polynom.Pol C -> Ring_polynom.Pol C) -> Ring_polynom.Pol C -> BinNums.positive -> Ring_polynom.Pol C -> Ring_polynom.Pol C
EnvRing.PaddI :
forall C : Type, (C -> C -> C) -> (EnvRing.Pol C -> EnvRing.Pol C -> EnvRing.Pol C) -> EnvRing.Pol C -> BinNums.positive -> EnvRing.Pol C -> EnvRing.Pol C
Ring_polynom.PaddC :
forall C : Type, (C -> C -> C) -> Ring_polynom.Pol C -> C -> Ring_polynom.Pol C
EnvRing.PaddC :
forall C : Type, (C -> C -> C) -> EnvRing.Pol C -> C -> EnvRing.Pol C
Ring_polynom.Padd :
forall C : Type, C -> (C -> C -> C) -> (C -> C -> bool) -> Ring_polynom.Pol C -> Ring_polynom.Pol C -> Ring_polynom.Pol C
EnvRing.Padd :
forall C : Type, C -> (C -> C -> C) -> (C -> C -> bool) -> EnvRing.Pol C -> EnvRing.Pol C -> EnvRing.Pol C
Ring_polynom.PSubstL1 :
forall C : Type, C -> C -> (C -> C -> C) -> (C -> C -> C) -> (C -> C -> bool) -> (C -> C -> C * C) -> Ring_polynom.Pol C -> list (C * Ring_polynom.Mon * Ring_polynom.Pol C) -> nat -> Ring_polynom.Pol C
Ring_polynom.PSubstL :
forall C : Type, C -> C -> (C -> C -> C) -> (C -> C -> C) -> (C -> C -> bool) -> (C -> C -> C * C) -> Ring_polynom.Pol C -> list (C * Ring_polynom.Mon * Ring_polynom.Pol C) -> nat -> option (Ring_polynom.Pol C)
rv64d.PPN_of_PTE :
forall pte_size : BinNums.Z,
Values.mword pte_size ->
Values.mword
  (if BinInt.Z.eqb pte_size (BinNums.Zpos (BinNums.xO (BinNums.xO (BinNums.xO (BinNums.xO (BinNums.xO BinNums.xH)))))) then BinNums.Zpos (BinNums.xO (BinNums.xI (BinNums.xI (BinNums.xO BinNums.xH)))) else BinNums.Zpos (BinNums.xO (BinNums.xO (BinNums.xI (BinNums.xI (BinNums.xO BinNums.xH))))))
Ring_polynom.POneSubst :
forall C : Type, C -> C -> (C -> C -> C) -> (C -> C -> C) -> (C -> C -> bool) -> (C -> C -> C * C) -> Ring_polynom.Pol C -> C * Ring_polynom.Mon -> Ring_polynom.Pol C -> option (Ring_polynom.Pol C)
Ring_polynom.PNSubstL :
forall C : Type, C -> C -> (C -> C -> C) -> (C -> C -> C) -> (C -> C -> bool) -> (C -> C -> C * C) -> Ring_polynom.Pol C -> list (C * Ring_polynom.Mon * Ring_polynom.Pol C) -> nat -> nat -> Ring_polynom.Pol C
Ring_polynom.PNSubst1 :
forall C : Type, C -> C -> (C -> C -> C) -> (C -> C -> C) -> (C -> C -> bool) -> (C -> C -> C * C) -> Ring_polynom.Pol C -> C * Ring_polynom.Mon -> Ring_polynom.Pol C -> nat -> Ring_polynom.Pol C
Ring_polynom.PNSubst :
forall C : Type, C -> C -> (C -> C -> C) -> (C -> C -> C) -> (C -> C -> bool) -> (C -> C -> C * C) -> Ring_polynom.Pol C -> C * Ring_polynom.Mon -> Ring_polynom.Pol C -> nat -> option (Ring_polynom.Pol C)
rv64d_types.PMA_write_idempotent :
rv64d_types.PMA -> bool
rv64d_types.PMA_writable :
rv64d_types.PMA -> bool
rv64d_types.PMA_vector_misaligned_atomicity_granule_size_exp :
rv64d_types.PMA -> rv64d_types.mag_size_exp
rv64d_types.PMA_supports_pte_write :
rv64d_types.PMA -> bool
rv64d_types.PMA_supports_pte_read :
rv64d_types.PMA -> bool
rv64d_types.PMA_supports_cbo_zero :
rv64d_types.PMA -> bool
rv64d_types.PMA_reservability :
rv64d_types.PMA -> rv64d_types.Reservability
rv64d_types.PMA_readable :
rv64d_types.PMA -> bool
rv64d_types.PMA_read_idempotent :
rv64d_types.PMA -> bool
rv64d_types.PMA_misaligned_exceptions :
rv64d_types.PMA -> rv64d_types.PMAMisalignedExceptions
rv64d_types.PMA_misaligned_atomicity_granule_size_exp :
rv64d_types.PMA -> rv64d_types.mag_size_exp
rv64d_types.PMA_mem_type :
rv64d_types.PMA -> rv64d_types.MemoryRegionType
rv64d_types.PMA_executable :
rv64d_types.PMA -> bool
rv64d_types.PMA_coherent :
rv64d_types.PMA -> bool
rv64d_types.PMA_cacheable :
rv64d_types.PMA -> bool
rv64d_types.PMA_atomic_support :
rv64d_types.PMA -> rv64d_types.AtomicSupport
rv64d_types.PMA_Region_size :
rv64d_types.PMA_Region -> rv64d_types.bits (BinNums.Zpos (BinNums.xO (BinNums.xO (BinNums.xO (BinNums.xO (BinNums.xO (BinNums.xO BinNums.xH)))))))
rv64d_types.PMA_Region_base :
rv64d_types.PMA_Region -> rv64d_types.bits (BinNums.Zpos (BinNums.xO (BinNums.xO (BinNums.xO (BinNums.xO (BinNums.xO (BinNums.xO BinNums.xH)))))))
rv64d_types.PMA_Region_attributes :
rv64d_types.PMA_Region -> rv64d_types.PMA
rv64d_types.PMAMisalignedExceptions_vector :
rv64d_types.PMAMisalignedExceptions -> option rv64d_types.misaligned_exception
rv64d_types.PMAMisalignedExceptions_load_store :
rv64d_types.PMAMisalignedExceptions -> option rv64d_types.misaligned_exception
rv64d_types.PMAMisalignedExceptions_amo :
rv64d_types.PMAMisalignedExceptions -> rv64d_types.misaligned_exception
Ring_polynom.PExpr_ind :
forall (C : Type) (P : Ring_polynom.PExpr C -> Prop),
P Ring_polynom.PEO ->
P Ring_polynom.PEI ->
(forall c : C, P (Ring_polynom.PEc c)) ->
(forall p : BinNums.positive, P (Ring_polynom.PEX C p)) ->
(forall p : Ring_polynom.PExpr C, P p -> forall p0 : Ring_polynom.PExpr C, P p0 -> P (Ring_polynom.PEadd p p0)) ->
(forall p : Ring_polynom.PExpr C, P p -> forall p0 : Ring_polynom.PExpr C, P p0 -> P (Ring_polynom.PEsub p p0)) ->
(forall p : Ring_polynom.PExpr C, P p -> forall p0 : Ring_polynom.PExpr C, P p0 -> P (Ring_polynom.PEmul p p0)) ->
(forall p : Ring_polynom.PExpr C, P p -> P (Ring_polynom.PEopp p)) -> (forall p : Ring_polynom.PExpr C, P p -> forall n : BinNums.N, P (Ring_polynom.PEpow p n)) -> forall p : Ring_polynom.PExpr C, P p
EnvRing.PExpr_ind :
forall (C : Type) (P : EnvRing.PExpr C -> Prop),
(forall c : C, P (EnvRing.PEc c)) ->
(forall p : BinNums.positive, P (EnvRing.PEX p)) ->
(forall p : EnvRing.PExpr C, P p -> forall p0 : EnvRing.PExpr C, P p0 -> P (EnvRing.PEadd p p0)) ->
(forall p : EnvRing.PExpr C, P p -> forall p0 : EnvRing.PExpr C, P p0 -> P (EnvRing.PEsub p p0)) ->
(forall p : EnvRing.PExpr C, P p -> forall p0 : EnvRing.PExpr C, P p0 -> P (EnvRing.PEmul p p0)) -> (forall p : EnvRing.PExpr C, P p -> P (EnvRing.PEopp p)) -> (forall p : EnvRing.PExpr C, P p -> forall n : BinNums.N, P (EnvRing.PEpow p n)) -> forall p : EnvRing.PExpr C, P p
Ring_polynom.PEeval :
forall R : Type, R -> R -> (R -> R -> R) -> (R -> R -> R) -> (R -> R -> R) -> (R -> R) -> forall C : Type, (C -> R) -> forall Cpow : Type, (BinNums.N -> Cpow) -> (R -> Cpow -> R) -> list R -> Ring_polynom.PExpr C -> R
EnvRing.PEeval :
forall R : Type, (R -> R -> R) -> (R -> R -> R) -> (R -> R -> R) -> (R -> R) -> forall C : Type, (C -> R) -> forall Cpow : Type, (BinNums.N -> Cpow) -> (R -> Cpow -> R) -> Env.Env R -> EnvRing.PExpr C -> R
Morphisms.PER_morphism :
forall (A : Type) (R : Relation_Definitions.relation A), RelationClasses.PER R -> Morphisms.Proper (Morphisms.respectful R (Morphisms.respectful R iff)) R
RelationClasses.PER_Transitive :
forall (A : Type) (R : Relation_Definitions.relation A), RelationClasses.PER R -> RelationClasses.Transitive R
RelationClasses.PER_Symmetric :
forall (A : Type) (R : Relation_Definitions.relation A), RelationClasses.PER R -> RelationClasses.Symmetric R
cmra.PCore :
Type -> Type
Ring_polynom.P1 :
forall C : Type, C -> Ring_polynom.Pol C
EnvRing.P1 :
forall C : Type, C -> EnvRing.Pol C
Ring_polynom.P0 :
forall C : Type, C -> Ring_polynom.Pol C
EnvRing.P0 :
forall C : Type, C -> EnvRing.Pol C
RingMicromega.OpMult :
RingMicromega.Op1 -> RingMicromega.Op1 -> option RingMicromega.Op1
RingMicromega.OpAdd :
RingMicromega.Op1 -> RingMicromega.Op1 -> option RingMicromega.Op1
cmra.Op :
Type -> Type
BinInt.Z.Odd :
BinNums.Z -> Prop
base.OMap :
(Type -> Type) -> Type
BinPos.Pos.Nsucc_double :
BinNums.N -> BinNums.N
Morphisms.Normalizes :
forall A : Type, Relation_Definitions.relation A -> Relation_Definitions.relation A -> Prop
base.NoDup_ind :
forall (A : Type) (P : list A -> Prop), P nil -> (forall (x : A) (l : list A), ~ base.elem_of x l -> base.NoDup l -> P l -> P (x :: l)%list) -> forall l : list A, base.NoDup l -> P l
PosDef.Pos.Ndouble :
BinNums.N -> BinNums.N
MachineWord.MachineWord.N_to_word :
forall n : BinNums.N, BinNums.N -> MachineWord.MachineWord.word n
BinNums.N_rect :
forall P : BinNums.N -> Type, P BinNums.N0 -> (forall p : BinNums.positive, P (BinNums.Npos p)) -> forall n : BinNums.N, P n
BinNums.N_rec :
forall P : BinNums.N -> Set, P BinNums.N0 -> (forall p : BinNums.positive, P (BinNums.Npos p)) -> forall n : BinNums.N, P n
Ascii.N_of_digits :
list bool -> BinNums.N
Ascii.N_of_ascii :
Ascii.ascii -> BinNums.N
countable.N_countable :
countable.Countable BinNums.N
DirentEnc.NUL :
definitions.bv (BinNums.Npos (BinNums.xO (BinNums.xO (BinNums.xO BinNums.xH))))
RingMicromega.NFormula :
Type -> Type
RiscvLang.NCPU :
nat
rv64d_types.Mtvec :
Type
Ring_polynom.Mphi :
forall R : Type, R -> R -> (R -> R -> R) -> list R -> Ring_polynom.Mon -> R
rv64d.Mk_htif_cmd :
Values.mword (BinNums.Zpos (BinNums.xO (BinNums.xO (BinNums.xO (BinNums.xO (BinNums.xO (BinNums.xO BinNums.xH))))))) -> Values.mword (BinNums.Zpos (BinNums.xO (BinNums.xO (BinNums.xO (BinNums.xO (BinNums.xO (BinNums.xO BinNums.xH)))))))
rv64d.Mk_Sstatus :
Values.mword (BinNums.Zpos (BinNums.xO (BinNums.xO (BinNums.xO (BinNums.xO (BinNums.xO (BinNums.xO BinNums.xH))))))) -> Values.mword (BinNums.Zpos (BinNums.xO (BinNums.xO (BinNums.xO (BinNums.xO (BinNums.xO (BinNums.xO BinNums.xH)))))))
rv64d.Mk_Sstateen0 :
Values.mword (BinNums.Zpos (BinNums.xO (BinNums.xO (BinNums.xO (BinNums.xO (BinNums.xO BinNums.xH)))))) -> Values.mword (BinNums.Zpos (BinNums.xO (BinNums.xO (BinNums.xO (BinNums.xO (BinNums.xO BinNums.xH))))))
rv64d.Mk_Srmcfg :
Values.mword (BinNums.Zpos (BinNums.xO (BinNums.xO (BinNums.xO (BinNums.xO (BinNums.xO (BinNums.xO BinNums.xH))))))) -> Values.mword (BinNums.Zpos (BinNums.xO (BinNums.xO (BinNums.xO (BinNums.xO (BinNums.xO (BinNums.xO BinNums.xH)))))))
rv64d.Mk_Sinterrupts :
Values.mword (BinNums.Zpos (BinNums.xO (BinNums.xO (BinNums.xO (BinNums.xO (BinNums.xO (BinNums.xO BinNums.xH))))))) -> Values.mword (BinNums.Zpos (BinNums.xO (BinNums.xO (BinNums.xO (BinNums.xO (BinNums.xO (BinNums.xO BinNums.xH)))))))
rv64d.Mk_Seccfg :
Values.mword (BinNums.Zpos (BinNums.xO (BinNums.xO (BinNums.xO (BinNums.xO (BinNums.xO (BinNums.xO BinNums.xH))))))) -> Values.mword (BinNums.Zpos (BinNums.xO (BinNums.xO (BinNums.xO (BinNums.xO (BinNums.xO (BinNums.xO BinNums.xH)))))))
rv64d.Mk_Satp64 :
Values.mword (BinNums.Zpos (BinNums.xO (BinNums.xO (BinNums.xO (BinNums.xO (BinNums.xO (BinNums.xO BinNums.xH))))))) -> Values.mword (BinNums.Zpos (BinNums.xO (BinNums.xO (BinNums.xO (BinNums.xO (BinNums.xO (BinNums.xO BinNums.xH)))))))
rv64d.Mk_Satp32 :
Values.mword (BinNums.Zpos (BinNums.xO (BinNums.xO (BinNums.xO (BinNums.xO (BinNums.xO BinNums.xH)))))) -> Values.mword (BinNums.Zpos (BinNums.xO (BinNums.xO (BinNums.xO (BinNums.xO (BinNums.xO BinNums.xH))))))
rv64d.Mk_SEnvcfg :
Values.mword (BinNums.Zpos (BinNums.xO (BinNums.xO (BinNums.xO (BinNums.xO (BinNums.xO (BinNums.xO BinNums.xH))))))) -> Values.mword (BinNums.Zpos (BinNums.xO (BinNums.xO (BinNums.xO (BinNums.xO (BinNums.xO (BinNums.xO BinNums.xH)))))))
rv64d.Mk_Pmpcfg_ent :
Values.mword (BinNums.Zpos (BinNums.xO (BinNums.xO (BinNums.xO BinNums.xH)))) -> Values.mword (BinNums.Zpos (BinNums.xO (BinNums.xO (BinNums.xO BinNums.xH))))
rv64d.Mk_PTE_Flags :
Values.mword (BinNums.Zpos (BinNums.xO (BinNums.xO (BinNums.xO BinNums.xH)))) -> Values.mword (BinNums.Zpos (BinNums.xO (BinNums.xO (BinNums.xO BinNums.xH))))
rv64d.Mk_PTE_Ext :
Values.mword (BinNums.Zpos (BinNums.xO (BinNums.xI (BinNums.xO BinNums.xH)))) -> Values.mword (BinNums.Zpos (BinNums.xO (BinNums.xI (BinNums.xO BinNums.xH))))
rv64d.Mk_Mtvec :
Values.mword (BinNums.Zpos (BinNums.xO (BinNums.xO (BinNums.xO (BinNums.xO (BinNums.xO (BinNums.xO BinNums.xH))))))) -> Values.mword (BinNums.Zpos (BinNums.xO (BinNums.xO (BinNums.xO (BinNums.xO (BinNums.xO (BinNums.xO BinNums.xH)))))))
rv64d.Mk_Mstatus :
Values.mword (BinNums.Zpos (BinNums.xO (BinNums.xO (BinNums.xO (BinNums.xO (BinNums.xO (BinNums.xO BinNums.xH))))))) -> Values.mword (BinNums.Zpos (BinNums.xO (BinNums.xO (BinNums.xO (BinNums.xO (BinNums.xO (BinNums.xO BinNums.xH)))))))
rv64d.Mk_Mstateen0 :
Values.mword (BinNums.Zpos (BinNums.xO (BinNums.xO (BinNums.xO (BinNums.xO (BinNums.xO (BinNums.xO BinNums.xH))))))) -> Values.mword (BinNums.Zpos (BinNums.xO (BinNums.xO (BinNums.xO (BinNums.xO (BinNums.xO (BinNums.xO BinNums.xH)))))))
rv64d.Mk_Misa :
Values.mword (BinNums.Zpos (BinNums.xO (BinNums.xO (BinNums.xO (BinNums.xO (BinNums.xO (BinNums.xO BinNums.xH))))))) -> Values.mword (BinNums.Zpos (BinNums.xO (BinNums.xO (BinNums.xO (BinNums.xO (BinNums.xO (BinNums.xO BinNums.xH)))))))
rv64d.Mk_Minterrupts :
Values.mword (BinNums.Zpos (BinNums.xO (BinNums.xO (BinNums.xO (BinNums.xO (BinNums.xO (BinNums.xO BinNums.xH))))))) -> Values.mword (BinNums.Zpos (BinNums.xO (BinNums.xO (BinNums.xO (BinNums.xO (BinNums.xO (BinNums.xO BinNums.xH)))))))
rv64d.Mk_Medeleg :
Values.mword (BinNums.Zpos (BinNums.xO (BinNums.xO (BinNums.xO (BinNums.xO (BinNums.xO (BinNums.xO BinNums.xH))))))) -> Values.mword (BinNums.Zpos (BinNums.xO (BinNums.xO (BinNums.xO (BinNums.xO (BinNums.xO (BinNums.xO BinNums.xH)))))))
rv64d.Mk_MEnvcfg :
Values.mword (BinNums.Zpos (BinNums.xO (BinNums.xO (BinNums.xO (BinNums.xO (BinNums.xO (BinNums.xO BinNums.xH))))))) -> Values.mword (BinNums.Zpos (BinNums.xO (BinNums.xO (BinNums.xO (BinNums.xO (BinNums.xO (BinNums.xO BinNums.xH)))))))
rv64d.Mk_Hstateen3 :
Values.mword (BinNums.Zpos (BinNums.xO (BinNums.xO (BinNums.xO (BinNums.xO (BinNums.xO (BinNums.xO BinNums.xH))))))) -> Values.mword (BinNums.Zpos (BinNums.xO (BinNums.xO (BinNums.xO (BinNums.xO (BinNums.xO (BinNums.xO BinNums.xH)))))))
rv64d.Mk_Hstateen2 :
Values.mword (BinNums.Zpos (BinNums.xO (BinNums.xO (BinNums.xO (BinNums.xO (BinNums.xO (BinNums.xO BinNums.xH))))))) -> Values.mword (BinNums.Zpos (BinNums.xO (BinNums.xO (BinNums.xO (BinNums.xO (BinNums.xO (BinNums.xO BinNums.xH)))))))
rv64d.Mk_Hstateen1 :
Values.mword (BinNums.Zpos (BinNums.xO (BinNums.xO (BinNums.xO (BinNums.xO (BinNums.xO (BinNums.xO BinNums.xH))))))) -> Values.mword (BinNums.Zpos (BinNums.xO (BinNums.xO (BinNums.xO (BinNums.xO (BinNums.xO (BinNums.xO BinNums.xH)))))))
rv64d.Mk_Hstateen0 :
Values.mword (BinNums.Zpos (BinNums.xO (BinNums.xO (BinNums.xO (BinNums.xO (BinNums.xO (BinNums.xO BinNums.xH))))))) -> Values.mword (BinNums.Zpos (BinNums.xO (BinNums.xO (BinNums.xO (BinNums.xO (BinNums.xO (BinNums.xO BinNums.xH)))))))
rv64d.Mk_HpmEvent :
Values.mword (BinNums.Zpos (BinNums.xO (BinNums.xO (BinNums.xO (BinNums.xO (BinNums.xO (BinNums.xO BinNums.xH))))))) -> Values.mword (BinNums.Zpos (BinNums.xO (BinNums.xO (BinNums.xO (BinNums.xO (BinNums.xO (BinNums.xO BinNums.xH)))))))
rv64d.Mk_Counterin :
Values.mword (BinNums.Zpos (BinNums.xO (BinNums.xO (BinNums.xO (BinNums.xO (BinNums.xO BinNums.xH)))))) -> Values.mword (BinNums.Zpos (BinNums.xO (BinNums.xO (BinNums.xO (BinNums.xO (BinNums.xO BinNums.xH))))))
rv64d.Mk_Counteren :
Values.mword (BinNums.Zpos (BinNums.xO (BinNums.xO (BinNums.xO (BinNums.xO (BinNums.xO BinNums.xH)))))) -> Values.mword (BinNums.Zpos (BinNums.xO (BinNums.xO (BinNums.xO (BinNums.xO (BinNums.xO BinNums.xH))))))
rv64d.Mk_CountSmcntrpmf :
Values.mword (BinNums.Zpos (BinNums.xO (BinNums.xO (BinNums.xO (BinNums.xO (BinNums.xO (BinNums.xO BinNums.xH))))))) -> Values.mword (BinNums.Zpos (BinNums.xO (BinNums.xO (BinNums.xO (BinNums.xO (BinNums.xO (BinNums.xO BinNums.xH)))))))
base.Merge :
(Type -> Type) -> Type
rv64d_types.MemoryRegionType_of_num :
BinNums.Z -> rv64d_types.MemoryRegionType
rv64d_types.MemoryRegionType_eq_dec :
forall x y : rv64d_types.MemoryRegionType, {x = y} + {x <> y}
rv64d.MemoryOpResult_drop_meta :
forall t : Type, Values.result (t * unit) (rv64d_types.physaddr * rv64d_types.ExceptionType) -> Values.result t (rv64d_types.physaddr * rv64d_types.ExceptionType)
rv64d_types.MemoryOpResult :
Type -> Type
ConcurrencyInterfaceTypes.Mem_write_request_value :
forall (n vasize : BinNums.Z) (pa ts arch_ak : Type), ConcurrencyInterfaceTypes.Mem_write_request n vasize pa ts arch_ak -> option (Values.mword (BinInt.Z.mul (BinNums.Zpos (BinNums.xO (BinNums.xO (BinNums.xO BinNums.xH)))) n))
ConcurrencyInterfaceTypes.Mem_write_request_va :
forall (n vasize : BinNums.Z) (pa ts arch_ak : Type), ConcurrencyInterfaceTypes.Mem_write_request n vasize pa ts arch_ak -> option (Values.mword vasize)
ConcurrencyInterfaceTypes.Mem_write_request_translation :
forall (n vasize : BinNums.Z) (pa ts arch_ak : Type), ConcurrencyInterfaceTypes.Mem_write_request n vasize pa ts arch_ak -> ts
ConcurrencyInterfaceTypes.Mem_write_request_tag :
forall (n vasize : BinNums.Z) (pa ts arch_ak : Type), ConcurrencyInterfaceTypes.Mem_write_request n vasize pa ts arch_ak -> option bool
ConcurrencyInterfaceTypes.Mem_write_request_pa :
forall (n vasize : BinNums.Z) (pa ts arch_ak : Type), ConcurrencyInterfaceTypes.Mem_write_request n vasize pa ts arch_ak -> pa
ConcurrencyInterfaceTypes.Mem_write_request_access_kind :
forall (n vasize : BinNums.Z) (pa ts arch_ak : Type), ConcurrencyInterfaceTypes.Mem_write_request n vasize pa ts arch_ak -> ConcurrencyInterfaceTypes.Access_kind arch_ak
ConcurrencyInterfaceTypes.Mem_read_request_va :
forall (n vasize : BinNums.Z) (pa ts arch_ak : Type), ConcurrencyInterfaceTypes.Mem_read_request n vasize pa ts arch_ak -> option (Values.mword vasize)
ConcurrencyInterfaceTypes.Mem_read_request_translation :
forall (n vasize : BinNums.Z) (pa ts arch_ak : Type), ConcurrencyInterfaceTypes.Mem_read_request n vasize pa ts arch_ak -> ts
ConcurrencyInterfaceTypes.Mem_read_request_tag :
forall (n vasize : BinNums.Z) (pa ts arch_ak : Type), ConcurrencyInterfaceTypes.Mem_read_request n vasize pa ts arch_ak -> bool
ConcurrencyInterfaceTypes.Mem_read_request_pa :
forall (n vasize : BinNums.Z) (pa ts arch_ak : Type), ConcurrencyInterfaceTypes.Mem_read_request n vasize pa ts arch_ak -> pa
ConcurrencyInterfaceTypes.Mem_read_request_access_kind :
forall (n vasize : BinNums.Z) (pa ts arch_ak : Type), ConcurrencyInterfaceTypes.Mem_read_request n vasize pa ts arch_ak -> ConcurrencyInterfaceTypes.Access_kind arch_ak
fin_maps.MapFold :
Type -> Type -> Type -> Type
base.MThrow :
Type -> (Type -> Type) -> Type
rv64d.MTIME_BASE_HI :
rv64d_types.physaddrbits
rv64d.MTIME_BASE :
rv64d_types.physaddrbits
rv64d.MTIMECMP_BASE_HI :
rv64d_types.physaddrbits
rv64d.MTIMECMP_BASE :
rv64d_types.physaddrbits
rv64d.MSIP_BASE :
rv64d_types.physaddrbits
base.MRet :
(Type -> Type) -> Type
rv64d_types.MR :
Type -> Type -> Type
Ring_polynom.MPcond :
forall R : Type, R -> R -> (R -> R -> R) -> (R -> R -> R) -> (R -> R -> Prop) -> forall C : Type, (C -> R) -> list (C * Ring_polynom.Mon * Ring_polynom.Pol C) -> list R -> Prop
Ring_polynom.MFactor :
forall C : Type, C -> C -> (C -> C -> bool) -> (C -> C -> C * C) -> Ring_polynom.Pol C -> C -> Ring_polynom.Mon -> Ring_polynom.Pol C * Ring_polynom.Pol C
base.MBind :
(Type -> Type) -> Type
rv64d_types.M :
Type -> Type
RiscvLang.LoopE :
nat -> RiscvLang.CPU -> RiscvLang.mexpr
base.LookupTotal :
Type -> Type -> Type -> Type
base.Lookup :
Type -> Type -> Type -> Type
base.LeibnizEquiv :
forall A : Type, base.Equiv A -> Prop
base.LeftId :
forall A : Type, Relation_Definitions.relation A -> A -> (A -> A -> A) -> Prop
LogDefs.LOGBLOCKS :
nat
decidable.Is_true_dec :
forall b : bool, base.Decision (Bool.Is_true b)
Bool.Is_true :
bool -> Prop
RelationClasses.Irreflexive :
forall A : Type, Relation_Definitions.relation A -> Prop
base.IntersectionWith :
Type -> Type -> Type
base.Intersection :
Type -> Type
base.Insert :
Type -> Type -> Type -> Type
ZifyInst.Inj_pos_Z :
ZifyClasses.InjTyp BinNums.positive BinNums.Z
ZifyInst.Inj_Z_Z :
ZifyClasses.InjTyp BinNums.Z BinNums.Z
ZifyInst.Inj_N_Z :
ZifyClasses.InjTyp BinNums.N BinNums.Z
base.Inj2 :
forall A B C : Type, Relation_Definitions.relation A -> Relation_Definitions.relation B -> Relation_Definitions.relation C -> (A -> B -> C) -> Prop
base.Inj :
forall A B : Type, Relation_Definitions.relation A -> Relation_Definitions.relation B -> (A -> B) -> Prop
List.In :
forall A : Type, A -> list A -> Prop
Ring_theory.IDphi :
forall R : Type, R -> R
IDProp :
Prop
rv64d_types.HartState_s :
rv64d_types.regstate -> rv64d_types.register_HartState -> rv64d_types.HartState
rv64d_types.GlobalMisalignedExceptions_vector :
rv64d_types.GlobalMisalignedExceptions -> option rv64d_types.misaligned_exception
rv64d_types.GlobalMisalignedExceptions_lrsc :
rv64d_types.GlobalMisalignedExceptions -> rv64d_types.misaligned_exception
rv64d_types.GlobalMisalignedExceptions_load_store :
rv64d_types.GlobalMisalignedExceptions -> option rv64d_types.misaligned_exception
rv64d_types.GlobalMisalignedExceptions_amo :
rv64d_types.GlobalMisalignedExceptions -> option rv64d_types.misaligned_exception
gmap.GNode_valid :
forall (A : Type) (P : BinNums.positive -> Prop), gmap.gmap_dep A (fun p : BinNums.positive => P (BinNums.xO p)) -> option (P BinNums.xH * A) -> gmap.gmap_dep A (fun p : BinNums.positive => P (BinNums.xI p)) -> Prop
gmap.GNode :
forall (A : Type) (P : BinNums.positive -> Prop), gmap.gmap_dep A (fun p : BinNums.positive => P (BinNums.xO p)) -> option (P BinNums.xH * A) -> gmap.gmap_dep A (fun p : BinNums.positive => P (BinNums.xI p)) -> gmap.gmap_dep A P
Tauto.GFormula_ind :
forall (TA : Type) (TX : Tauto.kind -> Type) (AA AF : Type) (P : forall k : Tauto.kind, Tauto.GFormula k -> Prop),
(forall k : Tauto.kind, P k (Tauto.TT k)) ->
(forall k : Tauto.kind, P k (Tauto.FF k)) ->
(forall (k : Tauto.kind) (t : TX k), P k (Tauto.X k t)) ->
(forall (k : Tauto.kind) (t : TA) (a : AA), P k (Tauto.A k t a)) ->
(forall (k : Tauto.kind) (g : Tauto.GFormula k), P k g -> forall g0 : Tauto.GFormula k, P k g0 -> P k (Tauto.AND g g0)) ->
(forall (k : Tauto.kind) (g : Tauto.GFormula k), P k g -> forall g0 : Tauto.GFormula k, P k g0 -> P k (Tauto.OR g g0)) ->
(forall (k : Tauto.kind) (g : Tauto.GFormula k), P k g -> P k (Tauto.NOT g)) ->
(forall (k : Tauto.kind) (g : Tauto.GFormula k), P k g -> forall (o : option AF) (g0 : Tauto.GFormula k), P k g0 -> P k (Tauto.IMPL g o g0)) ->
(forall (k : Tauto.kind) (g : Tauto.GFormula k), P k g -> forall g0 : Tauto.GFormula k, P k g0 -> P k (Tauto.IFF g g0)) ->
(forall g : Tauto.GFormula Tauto.isBool, P Tauto.isBool g -> forall g0 : Tauto.GFormula Tauto.isBool, P Tauto.isBool g0 -> P Tauto.isProp (Tauto.EQ g g0)) -> forall (k : Tauto.kind) (g : Tauto.GFormula k), P k g
list_relations.Forall_true :
forall (A : Type) (P : A -> Prop) (l : list A), (forall x : A, P x) -> ListDef.Forall P l
ListDef.Forall_ind :
forall (A : Type) (P : A -> Prop) (P0 : list A -> Prop), P0 nil -> (forall (x : A) (l : list A), P x -> ListDef.Forall P l -> P0 l -> P0 (x :: l)%list) -> forall l : list A, ListDef.Forall P l -> P0 l
list_relations.Forall_Exists_dec :
forall (A : Type) (P Q : A -> Prop), (forall x : A, {P x} + {Q x}) -> forall l : list A, {ListDef.Forall P l} + {List.Exists Q l}
Fix_F :
forall (A : Type) (R : A -> A -> Prop) (P : A -> Type), (forall x : A, (forall y : A, R y x -> P y) -> P x) -> forall x : A, Acc R x -> P x
Fix :
forall (A : Type) (R : A -> A -> Prop), well_founded R -> forall P : A -> Type, (forall x : A, (forall y : A, R y x -> P y) -> P x) -> forall x : A, P x
base.Filter :
Type -> Type -> Type
rv64d_types.FeatureEnabledResult_of_num :
BinNums.Z -> rv64d_types.FeatureEnabledResult
rv64d_types.FeatureEnabledResult_eq_dec :
forall x y : rv64d_types.FeatureEnabledResult, {x = y} + {x <> y}
False_rect :
forall P : Type, False -> P
False_rec :
forall P : Set, False -> P
False_ind :
forall P : Prop, False -> P
decidable.False_dec :
base.Decision False
Field_theory.F_R :
forall (R : Type) (rO rI : R) (radd rmul rsub : R -> R -> R) (ropp : R -> R) (rdiv : R -> R -> R) (rinv : R -> R) (req : R -> R -> Prop), Field_theory.field_theory rO rI radd rmul rsub ropp rdiv rinv req -> Ring_theory.ring_theory rO rI radd rmul rsub ropp req
Fin.FS_inj :
forall (n : nat) (x y : Fin.t n), Fin.FS x = Fin.FS y -> x = y
FsImg.FS_NINDIRECT :
nat
FsImg.FS_NDIRECT :
nat
FsImg.FS_MAXFILE :
nat
FsImg.FSMAGIC :
BinNums.Z
base.FMap :
(Type -> Type) -> Type
ZMicromega.F :
BinNums.positive -> EnvRing.Pol BinNums.Z * RingMicromega.Op1 -> BinNums.positive
rv64d_types.ExtStatus_of_num :
BinNums.Z -> rv64d_types.ExtStatus
rv64d_types.ExtStatus_eq_dec :
forall x y : rv64d_types.ExtStatus, {x = y} + {x <> y}
rv64d_types.ExtContextPolicy_of_num :
BinNums.Z -> rv64d_types.ExtContextPolicy
rv64d_types.ExtContextPolicy_eq_dec :
forall x y : rv64d_types.ExtContextPolicy, {x = y} + {x <> y}
ConcurrencyInterfaceTypes.Explicit_access_kind_variety :
ConcurrencyInterfaceTypes.Explicit_access_kind -> ConcurrencyInterfaceTypes.Access_variety
List.Exists_ind :
forall (A : Type) (P : A -> Prop) (P0 : list A -> Prop), (forall (x : A) (l : list A), P x -> P0 (x :: l)%list) -> (forall (x : A) (l : list A), List.Exists P l -> P0 l -> P0 (x :: l)%list) -> forall l : list A, List.Exists P l -> P0 l
list_relations.Exists_dec :
forall (A : Type) (P : A -> Prop), (forall x : A, base.Decision (P x)) -> forall l : list A, base.Decision (List.Exists P l)
BinInt.Z.Even :
BinNums.Z -> Prop
RelationClasses.Equivalence_Transitive :
forall (A : Type) (R : Relation_Definitions.relation A), RelationClasses.Equivalence R -> RelationClasses.Transitive R
RelationClasses.Equivalence_Symmetric :
forall (A : Type) (R : Relation_Definitions.relation A), RelationClasses.Equivalence R -> RelationClasses.Symmetric R
RelationClasses.Equivalence_Reflexive :
forall (A : Type) (R : Relation_Definitions.relation A), RelationClasses.Equivalence R -> RelationClasses.Reflexive R
RelationClasses.Equivalence_PER :
forall (A : Type) (R : Relation_Definitions.relation A), RelationClasses.Equivalence R -> RelationClasses.PER R
base.Equiv :
Type -> Type
Env.Env :
Type -> Type
base.Empty :
Type -> Type
base.Elements :
Type -> Type -> Type
base.ElemOf :
Type -> Type -> Type
base.Dom :
Type -> Type -> Type
ofe.Dist :
stepindex.sidx -> Type -> Type
base.Disjoint :
Type -> Type
base.DisjUnion :
Type -> Type
base.DifferenceWith :
Type -> Type -> Type
base.Difference :
Type -> Type
base.Delete :
Type -> Type -> Type
base.Decision :
Prop -> Set
rv64d_types.Decidable_eq_regidx :
base.RelDecision eq
rv64d_types.Decidable_eq_physaddr :
base.RelDecision eq
Instances.Decidable_eq_mword :
forall n : BinNums.Z, base.RelDecision eq
rv64d_types.Decidable_eq_misaligned_exception :
base.RelDecision eq
rv64d_types.Decidable_eq_mem_payload :
base.RelDecision eq
rv64d_types.Decidable_eq_cbop_zicbop :
base.RelDecision eq
rv64d_types.Decidable_eq_cbop_zicbom :
base.RelDecision eq
rv64d_types.Decidable_eq_cacheop :
base.RelDecision eq
rv64d_types.Decidable_eq_amoop :
base.RelDecision eq
rv64d_types.Decidable_eq_Splittability :
base.RelDecision eq
rv64d_types.Decidable_eq_SATPMode :
base.RelDecision eq
rv64d_types.Decidable_eq_Reservability :
base.RelDecision eq
rv64d_types.Decidable_eq_Privilege :
base.RelDecision eq
rv64d_types.Decidable_eq_PmpAddrMatchType :
base.RelDecision eq
rv64d_types.Decidable_eq_PMA_Region :
base.RelDecision eq
rv64d_types.Decidable_eq_PMAMisalignedExceptions :
base.RelDecision eq
rv64d_types.Decidable_eq_PMA :
base.RelDecision eq
rv64d_types.Decidable_eq_MemoryRegionType :
base.RelDecision eq
rv64d_types.Decidable_eq_MemoryAccessType :
forall (a : Type) (EqDecision0 : base.RelDecision eq), countable.Countable a -> base.RelDecision eq
rv64d_types.Decidable_eq_FeatureEnabledResult :
base.RelDecision eq
rv64d_types.Decidable_eq_ExtStatus :
base.RelDecision eq
rv64d_types.Decidable_eq_ExtContextPolicy :
base.RelDecision eq
rv64d_types.Decidable_eq_CSRAccessType :
base.RelDecision eq
rv64d_types.Decidable_eq_AtomicSupport :
base.RelDecision eq
ClassicalDedekindReals.DReal :
Set
FsTree.DOTDOT :
FsTree.fname
FsTree.DOT :
FsTree.fname
Instances.Countable_mword :
forall n : BinNums.Z, countable.Countable (Values.mword n)
rv64d_types.Countable_mem_payload :
countable.Countable rv64d_types.mem_payload
rv64d_types.Countable_cbop_zicbop :
countable.Countable rv64d_types.cbop_zicbop
rv64d_types.Countable_cbop_zicbom :
countable.Countable rv64d_types.cbop_zicbom
rv64d_types.Countable_cacheop :
countable.Countable rv64d_types.cacheop
rv64d_types.Countable_amoop :
countable.Countable rv64d_types.amoop
cmra.CoreId :
forall (SI : stepindex.sidx) (A : cmra.cmra), cmra.cmra_car A -> Prop
CompareSpec2Type :
forall (Peq Plt Pgt : Prop) (c : comparison), CompareSpec Peq Plt Pgt c -> CompareSpecT Peq Plt Pgt c
CompSpec2Type :
forall (A : Type) (eq lt : A -> A -> Prop) (x y : A) (c : comparison), CompSpec eq lt x y c -> CompSpecT eq lt x y c
CompSpec :
forall A : Type, (A -> A -> Prop) -> (A -> A -> Prop) -> A -> A -> comparison -> Prop
CompOpp :
comparison -> comparison
base.Comm :
forall A B : Type, Relation_Definitions.relation A -> (B -> B -> A) -> Prop
cmra.CmraTotal :
forall SI : stepindex.sidx, cmra.cmra -> Prop
rv64d_types.CSRAccessType_of_num :
BinNums.Z -> rv64d_types.CSRAccessType
rv64d_types.CSRAccessType_eq_dec :
forall x y : rv64d_types.CSRAccessType, {x = y} + {x <> y}
RiscvLang.CPU :
Type
Ring_polynom.CFactor :
forall C : Type, C -> (C -> C -> bool) -> (C -> C -> C * C) -> Ring_polynom.Pol C -> C -> Ring_polynom.Pol C * Ring_polynom.Pol C
definitions.BvWf :
BinNums.N -> BinNums.Z -> Prop
Setoid.Build_Setoid_Theory :
forall (A : Type) (R : Relation_Definitions.relation A), RelationClasses.Reflexive R -> RelationClasses.Symmetric R -> RelationClasses.Transitive R -> RelationClasses.Equivalence R
Znumtheory.Bezout_ind :
forall (a b d : BinNums.Z) (P : Prop), (forall u v : BinNums.Z, BinInt.Z.add (BinInt.Z.mul u a) (BinInt.Z.mul v b) = d -> P) -> Znumtheory.Bezout a b d -> P
BioDefs.BSIZE_z :
BinNums.Z
BioDefs.BSIZE :
nat
Tauto.BFormula :
Type -> Tauto.kind -> Type
rv64d_types.AtomicSupport_of_num :
BinNums.Z -> rv64d_types.AtomicSupport
rv64d_types.AtomicSupport_eq_dec :
forall x y : rv64d_types.AtomicSupport, {x = y} + {x <> y}
base.Assoc :
forall A : Type, Relation_Definitions.relation A -> (A -> A -> A) -> Prop
base.AntiSymm :
forall A : Type, Relation_Definitions.relation A -> Relation_Definitions.relation A -> Prop
Acc_rect :
forall (A : Type) (R : A -> A -> Prop) (P : A -> Type), (forall x : A, (forall y : A, R y x -> Acc R y) -> (forall y : A, R y x -> P y) -> P x) -> forall x : A, Acc R x -> P x
Acc_inv :
forall (A : Type) (R : A -> A -> Prop) (x : A), Acc R x -> forall y : A, R y x -> Acc R y
Acc_intro_generator :
forall (A : Type) (R : A -> A -> Prop), nat -> well_founded R -> well_founded R
Acc_ind :
forall (A : Type) (R : A -> A -> Prop) (P : A -> Prop), (forall x : A, (forall y : A, R y x -> Acc R y) -> (forall y : A, R y x -> P y) -> P x) -> forall x : A, Acc R x -> P x
Ring_theory.ARsub_def :
forall (R : Type) (rO rI : R) (radd rmul rsub : R -> R -> R) (ropp : R -> R) (req : R -> R -> Prop), Ring_theory.almost_ring_theory rO rI radd rmul rsub ropp req -> forall x y : R, req (rsub x y) (radd x (ropp y))
Ring_theory.ARopp_mul_l :
forall (R : Type) (rO rI : R) (radd rmul rsub : R -> R -> R) (ropp : R -> R) (req : R -> R -> Prop), Ring_theory.almost_ring_theory rO rI radd rmul rsub ropp req -> forall x y : R, req (ropp (rmul x y)) (rmul (ropp x) y)
Ring_theory.ARopp_add :
forall (R : Type) (rO rI : R) (radd rmul rsub : R -> R -> R) (ropp : R -> R) (req : R -> R -> Prop), Ring_theory.almost_ring_theory rO rI radd rmul rsub ropp req -> forall x y : R, req (ropp (radd x y)) (radd (ropp x) (ropp y))
Ring_theory.ARmul_comm :
forall (R : Type) (rO rI : R) (radd rmul rsub : R -> R -> R) (ropp : R -> R) (req : R -> R -> Prop), Ring_theory.almost_ring_theory rO rI radd rmul rsub ropp req -> forall x y : R, req (rmul x y) (rmul y x)
Ring_theory.ARmul_assoc :
forall (R : Type) (rO rI : R) (radd rmul rsub : R -> R -> R) (ropp : R -> R) (req : R -> R -> Prop), Ring_theory.almost_ring_theory rO rI radd rmul rsub ropp req -> forall x y z : R, req (rmul x (rmul y z)) (rmul (rmul x y) z)
Ring_theory.ARmul_1_l :
forall (R : Type) (rO rI : R) (radd rmul rsub : R -> R -> R) (ropp : R -> R) (req : R -> R -> Prop), Ring_theory.almost_ring_theory rO rI radd rmul rsub ropp req -> forall x : R, req (rmul rI x) x
Ring_theory.ARmul_0_l :
forall (R : Type) (rO rI : R) (radd rmul rsub : R -> R -> R) (ropp : R -> R) (req : R -> R -> Prop), Ring_theory.almost_ring_theory rO rI radd rmul rsub ropp req -> forall x : R, req (rmul rO x) rO
Ring_theory.ARdistr_l :
forall (R : Type) (rO rI : R) (radd rmul rsub : R -> R -> R) (ropp : R -> R) (req : R -> R -> Prop), Ring_theory.almost_ring_theory rO rI radd rmul rsub ropp req -> forall x y z : R, req (rmul (radd x y) z) (radd (rmul x z) (rmul y z))
Ring_theory.ARadd_comm :
forall (R : Type) (rO rI : R) (radd rmul rsub : R -> R -> R) (ropp : R -> R) (req : R -> R -> Prop), Ring_theory.almost_ring_theory rO rI radd rmul rsub ropp req -> forall x y : R, req (radd x y) (radd y x)
Ring_theory.ARadd_assoc :
forall (R : Type) (rO rI : R) (radd rmul rsub : R -> R -> R) (ropp : R -> R) (req : R -> R -> Prop), Ring_theory.almost_ring_theory rO rI radd rmul rsub ropp req -> forall x y z : R, req (radd x (radd y z)) (radd (radd x y) z)
Ring_theory.ARadd_0_l :
forall (R : Type) (rO rI : R) (radd rmul rsub : R -> R -> R) (ropp : R -> R) (req : R -> R -> Prop), Ring_theory.almost_ring_theory rO rI radd rmul rsub ropp req -> forall x : R, req (radd rO x) x
Axioms:
PrimInt63.sub : PrimInt63.int -> PrimInt63.int -> PrimInt63.int
PrimString.string : Set
xv6iris_extras.resv_matches : forall n : BinNums.Z, Values.mword n -> bool
xv6iris_extras.resv_is_valid : bool
PrimInt63.lsr : PrimInt63.int -> PrimInt63.int -> PrimInt63.int
PrimInt63.lsl : PrimInt63.int -> PrimInt63.int -> PrimInt63.int
PrimInt63.lor : PrimInt63.int -> PrimInt63.int -> PrimInt63.int
PrimInt63.land : PrimInt63.int -> PrimInt63.int -> PrimInt63.int
PrimInt63.int : Set
PrimString.get : PrimString.string -> PrimInt63.int -> PrimString.char63
PrimInt63.eqb : PrimInt63.int -> PrimInt63.int -> bool
PrimString.cat : PrimString.string -> PrimString.string -> PrimString.string
Opaque constants:
Ring_polynom.zmon_pred_ok :
forall (R : Type) (rO rI : R) (rmul : R -> R -> R) (req : R -> R -> Prop),
RelationClasses.Equivalence req -> forall (M : Ring_polynom.Mon) (j : BinNums.positive) (l : list R), req (Ring_polynom.Mphi rO rI rmul (List.tl l) (Ring_polynom.zmon_pred j M)) (Ring_polynom.Mphi rO rI rmul l (Ring_polynom.zmon j M))
Bool.xorb_negb_negb :
forall b b' : bool, xorb (negb b) (negb b') = xorb b b'
Bool.xorb_false_r :
forall b : bool, xorb b false = b
Bool.xorb_false_l :
forall b : bool, xorb false b = b
Bool.xorb_comm :
forall b b' : bool, xorb b b' = xorb b' b
ZMicromega.xnormalise_correct :
forall (env : RingMicromega.PolEnv BinNums.Z) (f : RingMicromega.NFormula BinNums.Z), Refl.make_conj (fun x : RingMicromega.NFormula BinNums.Z => ZMicromega.eval_nformula env x -> False) (ZMicromega.xnormalise f) <-> ZMicromega.eval_nformula env f
ZMicromega.xnnormalise_correct :
forall (env : RingMicromega.PolEnv BinNums.Z) (f : RingMicromega.Formula BinNums.Z), ZMicromega.eval_nformula env (ZMicromega.xnnormalise f) <-> ZMicromega.Zeval_formula env Tauto.isProp f
ZMicromega.xnegate_correct :
forall (env : RingMicromega.PolEnv BinNums.Z) (f : RingMicromega.NFormula BinNums.Z), Refl.make_conj (fun x : RingMicromega.NFormula BinNums.Z => ZMicromega.eval_nformula env x -> False) (ZMicromega.xnegate f) <-> ~ ZMicromega.eval_nformula env f
Tauto.xcnf_impl :
forall (Env Term Term' Annot : Type) (unsat : Term' -> bool) (deduce : Term' -> Term' -> option Term') (normalise negate : Term -> Annot -> Tauto.cnf Term' Annot) (eval' : Env -> Term' -> Prop),
(forall (env : Env) (d : Term'), eval' env d \/ ~ eval' env d) ->
(forall t : Term', unsat t = true -> forall env : Env, eval' env t -> False) ->
(forall t t' u : Term', deduce t t' = Some u -> forall env : Env, eval' env t -> eval' env t' -> eval' env u) ->
forall (eval : Env -> forall k : Tauto.kind, Term -> Tauto.rtyp k) (k : Tauto.kind) (f1 : Tauto.GFormula k) (o : option unit) (f2 : Tauto.GFormula k),
(forall (pol : bool) (env : Env), Tauto.eval_cnf eval' env (Tauto.xcnf unsat deduce normalise negate pol f1) -> Tauto.hold k (Tauto.eval_f Tauto.e_rtyp (eval env) (if pol then f1 else Tauto.NOT f1))) ->
(forall (pol : bool) (env : Env), Tauto.eval_cnf eval' env (Tauto.xcnf unsat deduce normalise negate pol f2) -> Tauto.hold k (Tauto.eval_f Tauto.e_rtyp (eval env) (if pol then f2 else Tauto.NOT f2))) ->
forall (pol : bool) (env : Env), Tauto.eval_cnf eval' env (Tauto.xcnf unsat deduce normalise negate pol (Tauto.IMPL f1 o f2)) -> Tauto.hold k (Tauto.eval_f Tauto.e_rtyp (eval env) (if pol then Tauto.IMPL f1 o f2 else Tauto.NOT (Tauto.IMPL f1 o f2)))
Tauto.xcnf_iff :
forall (Env Term Term' Annot : Type) (unsat : Term' -> bool) (deduce : Term' -> Term' -> option Term') (normalise negate : Term -> Annot -> Tauto.cnf Term' Annot) (eval' : Env -> Term' -> Prop),
(forall (env : Env) (d : Term'), eval' env d \/ ~ eval' env d) ->
(forall t : Term', unsat t = true -> forall env : Env, eval' env t -> False) ->
(forall t t' u : Term', deduce t t' = Some u -> forall env : Env, eval' env t -> eval' env t' -> eval' env u) ->
forall (eval : Env -> forall k : Tauto.kind, Term -> Tauto.rtyp k) (k : Tauto.kind) (f1 f2 : Tauto.GFormula k),
(forall (pol : bool) (env : Env), Tauto.eval_cnf eval' env (Tauto.xcnf unsat deduce normalise negate pol f1) -> Tauto.hold k (Tauto.eval_f Tauto.e_rtyp (eval env) (if pol then f1 else Tauto.NOT f1))) ->
(forall (pol : bool) (env : Env), Tauto.eval_cnf eval' env (Tauto.xcnf unsat deduce normalise negate pol f2) -> Tauto.hold k (Tauto.eval_f Tauto.e_rtyp (eval env) (if pol then f2 else Tauto.NOT f2))) ->
forall (pol : bool) (env : Env), Tauto.eval_cnf eval' env (Tauto.xcnf unsat deduce normalise negate pol (Tauto.IFF f1 f2)) -> Tauto.hold k (Tauto.eval_f Tauto.e_rtyp (eval env) (if pol then Tauto.IFF f1 f2 else Tauto.NOT (Tauto.IFF f1 f2)))
Tauto.xcnf_correct :
forall (Env Term Term' Annot : Type) (unsat : Term' -> bool) (deduce : Term' -> Term' -> option Term') (normalise negate : Term -> Annot -> Tauto.cnf Term' Annot) (eval' : Env -> Term' -> Prop),
(forall (env : Env) (d : Term'), eval' env d \/ ~ eval' env d) ->
(forall t : Term', unsat t = true -> forall env : Env, eval' env t -> False) ->
(forall t t' u : Term', deduce t t' = Some u -> forall env : Env, eval' env t -> eval' env t' -> eval' env u) ->
forall eval : Env -> forall k : Tauto.kind, Term -> Tauto.rtyp k,
(forall (env : Env) (b : Tauto.kind) (t : Term) (tg : Annot), Tauto.eval_cnf eval' env (normalise t tg) -> Tauto.hold b (eval env b t)) ->
(forall (env : Env) (b : Tauto.kind) (t : Term) (tg : Annot), Tauto.eval_cnf eval' env (negate t tg) -> Tauto.hold b (Tauto.eNOT b (eval env b t))) ->
forall (k : Tauto.kind) (f : Tauto.GFormula k) (pol : bool) (env : Env), Tauto.eval_cnf eval' env (Tauto.xcnf unsat deduce normalise negate pol f) -> Tauto.hold k (Tauto.eval_f Tauto.e_rtyp (eval env) (if pol then f else Tauto.NOT f))
BinPos.Pos.xI_succ_xO :
forall p : BinNums.positive, BinNums.xI p = BinPos.Pos.succ (BinNums.xO p)
well_founded.wf_projected :
forall (A : Type) (R1 : Relation_Definitions.relation A) (B : Type) (R2 : Relation_Definitions.relation B) (f : A -> B), (forall x y : A, R1 x y -> R2 (f x) (f y)) -> well_founded R2 -> well_founded R1
view.view_ucmra_mixin :
forall (SI : stepindex.sidx) (A : ofe.ofe) (B : cmra.ucmra) (rel : view.view_rel A B), cmra.UcmraMixin (view.view (view.view_rel_holds rel))
view.view_rel_ne :
forall (SI : stepindex.sidx) (A : ofe.ofe) (B : cmra.ucmra) (rel : view.view_rel A B) (n : stepindex.sidx_car), Morphisms.Proper (Morphisms.respectful (ofe.dist n) (Morphisms.respectful (ofe.dist n) iff)) (view.view_rel_holds rel n)
view.view_ofe_mixin :
forall (SI : stepindex.sidx) (A B : ofe.ofe) (rel : stepindex.sidx_car -> ofe.ofe_car A -> ofe.ofe_car B -> Prop), ofe.OfeMixin (view.view rel)
view.view_cmra_mixin :
forall (SI : stepindex.sidx) (A : ofe.ofe) (B : cmra.ucmra) (rel : view.view_rel A B), cmra.CmraMixin (view.view (view.view_rel_holds rel))
Values.vec_update_dec_lemma :
forall (T : Type) (n : BinNums.Z) (v : Values.vec T n) (m : BinNums.Z) (t : T), (BinInt.Z.leb BinNums.Z0 m && BinInt.Z.ltb m n)%bool = true -> length (Values.update_list_dec (projT1 v) m t) = BinInt.Z.to_nat n
Operators_mwords.vec_of_bits_idx :
forall l : list (Values.mword (BinNums.Zpos BinNums.xH)), MachineWord.MachineWord.idx_Z (MachineWord.MachineWord.idx_mul (MachineWord.MachineWord.Z_idx (BinNums.Zpos BinNums.xH)) (MachineWord.MachineWord.nat_idx (length l))) = Values.length_list l
Values.vec_init_ok :
forall (T : Type) (n : BinNums.Z) (t : T), BinInt.Z.geb n BinNums.Z0 = true -> length (Values.repeat (t :: nil) n) = BinInt.Z.to_nat n
Values.update_list_inc_length :
forall (T : Type) (l : list T) (m : BinNums.Z) (x : T), BinInt.Z.le BinNums.Z0 m /\ BinInt.Z.lt m (Values.length_list l) -> length (Values.update_list_inc l m x) = length l
countable.unit_countable_obligation_1 :
forall x : unit, Some tt = Some x
cmra.ucmra_unit_validN :
forall (SI : stepindex.sidx) (A : cmra.ucmra) (n : stepindex.sidx_car), cmra.validN n (cmra.ε : cmra.ucmra_car A)
cmra.ucmra_unit_valid :
forall (SI : stepindex.sidx) (A : cmra.ucmra), cmra.valid (cmra.ε : cmra.ucmra_car A)
cmra.ucmra_unit_left_id :
forall (SI : stepindex.sidx) (A : cmra.ucmra), base.LeftId base.equiv cmra.ε cmra.op
cmra.ucmra_unit_least :
forall (SI : stepindex.sidx) (A : cmra.ucmra) (x : cmra.ucmra_car A), cmra.included cmra.ε x
cmra.ucmra_unit_core_id :
forall (SI : stepindex.sidx) (A : cmra.ucmra), cmra.CoreId (cmra.ε : cmra.ucmra_car A)
cmra.ucmra_pcore_unit :
forall (SI : stepindex.sidx) (A : cmra.ucmra), base.equiv (cmra.pcore (cmra.ε : cmra.ucmra_car A)) (Some cmra.ε)
BinInt.Z.two_succ :
BinNums.Zpos (BinNums.xO BinNums.xH) = BinInt.Z.succ (BinNums.Zpos BinNums.xH)
Eqdep_dec.trans_sym_eq :
forall (A : Type) (x y : A) (u : x = y), (fun (x0 y0 y' : A) (eq1 : x0 = y0) (eq2 : x0 = y') => eq_ind x0 (fun a : A => a = y') eq2 y0 eq1) x y y u u = eq_refl
Morphisms.trans_sym_co_inv_impl_morphism_obligation_1 :
forall (A : Type) (R : Relation_Definitions.relation A), RelationClasses.PER R -> forall x : A, Morphisms.respectful R (Basics.flip Basics.impl) (R x) (R x)
Morphisms.trans_contra_co_morphism_obligation_1 :
forall (A : Type) (R : Relation_Definitions.relation A), RelationClasses.Transitive R -> Morphisms.respectful (Basics.flip R) (Morphisms.respectful R Basics.impl) R R
Morphisms.trans_co_impl_morphism_obligation_1 :
forall (A : Type) (R : Relation_Definitions.relation A), RelationClasses.Transitive R -> forall x : A, Morphisms.respectful R Basics.impl (R x) (R x)
Morphisms.trans_co_eq_inv_impl_morphism_obligation_1 :
forall (A : Type) (R : Relation_Definitions.relation A), RelationClasses.Transitive R -> Morphisms.respectful R (Morphisms.respectful eq (Basics.flip Basics.impl)) R R
BinInt.Z.Private_OrderTac.Tac.trans :
forall (o o' : OrdersTac.ord) (x y z : BinNums.Z), BinInt.Z.Private_OrderTac.Tac.interp_ord o x y -> BinInt.Z.Private_OrderTac.Tac.interp_ord o' y z -> BinInt.Z.Private_OrderTac.Tac.interp_ord (OrdersTac.trans_ord o o') x z
PeanoNat.Nat.Private_OrderTac.Tac.trans :
forall (o o' : OrdersTac.ord) (x y z : nat), PeanoNat.Nat.Private_OrderTac.Tac.interp_ord o x y -> PeanoNat.Nat.Private_OrderTac.Tac.interp_ord o' y z -> PeanoNat.Nat.Private_OrderTac.Tac.interp_ord (OrdersTac.trans_ord o o') x z
BinNat.N.Private_OrderTac.Tac.trans :
forall (o o' : OrdersTac.ord) (x y z : BinNums.N), BinNat.N.Private_OrderTac.Tac.interp_ord o x y -> BinNat.N.Private_OrderTac.Tac.interp_ord o' y z -> BinNat.N.Private_OrderTac.Tac.interp_ord (OrdersTac.trans_ord o o') x z
BinPos.Pos.Private_Tac.trans :
forall (o o' : OrdersTac.ord) (x y z : BinNums.positive), BinPos.Pos.Private_Tac.interp_ord o x y -> BinPos.Pos.Private_Tac.interp_ord o' y z -> BinPos.Pos.Private_Tac.interp_ord (OrdersTac.trans_ord o o') x z
PeanoNat.Nat.Private_Tac.trans :
forall (o o' : OrdersTac.ord) (x y z : nat), PeanoNat.Nat.Private_Tac.interp_ord o x y -> PeanoNat.Nat.Private_Tac.interp_ord o' y z -> PeanoNat.Nat.Private_Tac.interp_ord (OrdersTac.trans_ord o o') x z
numbers.Qp.to_Qc_inj_lt :
forall p q : numbers.Qp, numbers.Qp.lt p q <-> Qcanon.Qclt (numbers.Qp_to_Qc p) (numbers.Qp_to_Qc q)
numbers.Qp.to_Qc_inj_le :
forall p q : numbers.Qp, numbers.Qp.le p q <-> Qcanon.Qcle (numbers.Qp_to_Qc p) (numbers.Qp_to_Qc q)
numbers.Qp.to_Qc_inj_iff :
forall p q : numbers.Qp, numbers.Qp_to_Qc p = numbers.Qp_to_Qc q <-> p = q
BinInt.Z.testbit_unique :
forall (a n : BinNums.Z) (a0 : bool) (l h : BinNums.Z),
BinInt.Z.le BinNums.Z0 l /\ BinInt.Z.lt l (BinInt.Z.pow (BinNums.Zpos (BinNums.xO BinNums.xH)) n) ->
a = BinInt.Z.add l (BinInt.Z.mul (BinInt.Z.add (BinInt.Z.b2z a0) (BinInt.Z.mul (BinNums.Zpos (BinNums.xO BinNums.xH)) h)) (BinInt.Z.pow (BinNums.Zpos (BinNums.xO BinNums.xH)) n)) -> BinInt.Z.testbit a n = a0
BinInt.Z.testbit_true :
forall a n : BinNums.Z, BinInt.Z.le BinNums.Z0 n -> BinInt.Z.testbit a n = true <-> BinInt.Z.modulo (BinInt.Z.div a (BinInt.Z.pow (BinNums.Zpos (BinNums.xO BinNums.xH)) n)) (BinNums.Zpos (BinNums.xO BinNums.xH)) = BinNums.Zpos BinNums.xH
BinNat.N.testbit_succ_r_div2 :
forall a n : BinNums.N, BinNat.N.le BinNums.N0 n -> BinNat.N.testbit a (BinNat.N.succ n) = BinNat.N.testbit (BinNat.N.div2 a) n
BinInt.Z.testbit_succ_r :
forall (a : BinNums.Z) (b : bool) (n : BinNums.Z), BinInt.Z.le BinNums.Z0 n -> BinInt.Z.testbit (BinInt.Z.add (BinInt.Z.mul (BinNums.Zpos (BinNums.xO BinNums.xH)) a) (BinInt.Z.b2z b)) (BinInt.Z.succ n) = BinInt.Z.testbit a n
BinInt.Z.testbit_spec' :
forall a n : BinNums.Z, BinInt.Z.le BinNums.Z0 n -> BinInt.Z.b2z (BinInt.Z.testbit a n) = BinInt.Z.modulo (BinInt.Z.div a (BinInt.Z.pow (BinNums.Zpos (BinNums.xO BinNums.xH)) n)) (BinNums.Zpos (BinNums.xO BinNums.xH))
BinInt.Z.testbit_spec :
forall a n : BinNums.Z,
BinInt.Z.le BinNums.Z0 n ->
exists l h : BinNums.Z,
  (BinInt.Z.le BinNums.Z0 l /\ BinInt.Z.lt l (BinInt.Z.pow (BinNums.Zpos (BinNums.xO BinNums.xH)) n)) /\
  a = BinInt.Z.add l (BinInt.Z.mul (BinInt.Z.add (BinInt.Z.b2z (BinInt.Z.testbit a n)) (BinInt.Z.mul (BinNums.Zpos (BinNums.xO BinNums.xH)) h)) (BinInt.Z.pow (BinNums.Zpos (BinNums.xO BinNums.xH)) n))
BinInt.Z.testbit_of_N' :
forall (a : BinNums.N) (n : BinNums.Z), BinInt.Z.le BinNums.Z0 n -> BinInt.Z.testbit (BinInt.Z.of_N a) n = BinNat.N.testbit a (BinInt.Z.to_N n)
BinInt.Z.testbit_of_N :
forall a n : BinNums.N, BinInt.Z.testbit (BinInt.Z.of_N a) (BinInt.Z.of_N n) = BinNat.N.testbit a n
BinInt.Z.testbit_odd_succ :
forall a n : BinNums.Z, BinInt.Z.le BinNums.Z0 n -> BinInt.Z.testbit (BinInt.Z.add (BinInt.Z.mul (BinNums.Zpos (BinNums.xO BinNums.xH)) a) (BinNums.Zpos BinNums.xH)) (BinInt.Z.succ n) = BinInt.Z.testbit a n
BinNat.N.testbit_odd_succ :
forall a n : BinNums.N, BinNat.N.le BinNums.N0 n -> BinNat.N.testbit (BinNat.N.add (BinNat.N.mul (BinNums.Npos (BinNums.xO BinNums.xH)) a) (BinNums.Npos BinNums.xH)) (BinNat.N.succ n) = BinNat.N.testbit a n
BinInt.Z.testbit_odd_0 :
forall a : BinNums.Z, BinInt.Z.testbit (BinInt.Z.add (BinInt.Z.mul (BinNums.Zpos (BinNums.xO BinNums.xH)) a) (BinNums.Zpos BinNums.xH)) BinNums.Z0 = true
BinInt.Z.testbit_neg_r :
forall a n : BinNums.Z, BinInt.Z.lt n BinNums.Z0 -> BinInt.Z.testbit a n = false
BinInt.Z.testbit_false :
forall a n : BinNums.Z, BinInt.Z.le BinNums.Z0 n -> BinInt.Z.testbit a n = false <-> BinInt.Z.modulo (BinInt.Z.div a (BinInt.Z.pow (BinNums.Zpos (BinNums.xO BinNums.xH)) n)) (BinNums.Zpos (BinNums.xO BinNums.xH)) = BinNums.Z0
BinInt.Z.testbit_even_succ :
forall a n : BinNums.Z, BinInt.Z.le BinNums.Z0 n -> BinInt.Z.testbit (BinInt.Z.mul (BinNums.Zpos (BinNums.xO BinNums.xH)) a) (BinInt.Z.succ n) = BinInt.Z.testbit a n
BinNat.N.testbit_even_succ :
forall a n : BinNums.N, BinNat.N.le BinNums.N0 n -> BinNat.N.testbit (BinNat.N.mul (BinNums.Npos (BinNums.xO BinNums.xH)) a) (BinNat.N.succ n) = BinNat.N.testbit a n
BinInt.Z.testbit_even_0 :
forall a : BinNums.Z, BinInt.Z.testbit (BinInt.Z.mul (BinNums.Zpos (BinNums.xO BinNums.xH)) a) BinNums.Z0 = false
BinInt.Z.testbit_eqf :
Morphisms.Proper (Morphisms.respectful eq BinInt.Z.eqf) BinInt.Z.testbit
BinInt.Z.testbit_Zpos :
forall (a : BinNums.positive) (n : BinNums.Z), BinInt.Z.le BinNums.Z0 n -> BinInt.Z.testbit (BinNums.Zpos a) n = BinNat.N.testbit (BinNums.Npos a) (BinInt.Z.to_N n)
BinInt.Z.testbit_Zneg :
forall (a : BinNums.positive) (n : BinNums.Z), BinInt.Z.le BinNums.Z0 n -> BinInt.Z.testbit (BinNums.Zneg a) n = negb (BinNat.N.testbit (BinPos.Pos.pred_N a) (BinInt.Z.to_N n))
BinInt.Z.testbit_0_r :
forall (a : BinNums.Z) (b : bool), BinInt.Z.testbit (BinInt.Z.add (BinInt.Z.mul (BinNums.Zpos (BinNums.xO BinNums.xH)) a) (BinInt.Z.b2z b)) BinNums.Z0 = b
BinInt.Z.testbit_0_l :
forall n : BinNums.Z, BinInt.Z.testbit BinNums.Z0 n = false
Tauto.tauto_checker_sound :
forall (Env Term Term' Annot : Type) (unsat : Term' -> bool) (deduce : Term' -> Term' -> option Term') (normalise negate : Term -> Annot -> Tauto.cnf Term' Annot) (eval' : Env -> Term' -> Prop),
(forall (env : Env) (d : Term'), eval' env d \/ ~ eval' env d) ->
(forall t : Term', unsat t = true -> forall env : Env, eval' env t -> False) ->
(forall t t' u : Term', deduce t t' = Some u -> forall env : Env, eval' env t -> eval' env t' -> eval' env u) ->
forall eval : Env -> forall k : Tauto.kind, Term -> Tauto.rtyp k,
(forall (env : Env) (b : Tauto.kind) (t : Term) (tg : Annot), Tauto.eval_cnf eval' env (normalise t tg) -> Tauto.hold b (eval env b t)) ->
(forall (env : Env) (b : Tauto.kind) (t : Term) (tg : Annot), Tauto.eval_cnf eval' env (negate t tg) -> Tauto.hold b (Tauto.eNOT b (eval env b t))) ->
forall (Witness : Type) (checker : list (Term' * Annot) -> Witness -> bool),
(forall (t : list (Term' * Annot)) (w : Witness), checker t w = true -> forall env : Env, Refl.make_impl (Tauto.eval_tt eval' env) t False) ->
forall (t : Tauto.GFormula Tauto.isProp) (w : list Witness), Tauto.tauto_checker unsat deduce normalise negate checker t w = true -> forall env : Env, Tauto.eval_f Tauto.e_rtyp (eval env) t
BinPos.Pos.succ_pred_or :
forall p : BinNums.positive, p = BinNums.xH \/ BinPos.Pos.succ (BinPos.Pos.pred p) = p
BinPos.Pos.succ_pred_double :
forall p : BinNums.positive, BinPos.Pos.succ (BinPos.Pos.pred_double p) = BinNums.xO p
BinInt.Z.succ_pred :
forall n : BinNums.Z, BinInt.Z.succ (BinInt.Z.pred n) = n
BinNat.N.succ_pos_pred :
forall p : BinNums.positive, BinNat.N.succ (BinPos.Pos.pred_N p) = BinNums.Npos p
BinPos.Pos.succ_not_1 :
forall p : BinNums.positive, BinPos.Pos.succ p <> BinNums.xH
BinInt.Z.succ_lt_mono :
forall n m : BinNums.Z, BinInt.Z.lt n m <-> BinInt.Z.lt (BinInt.Z.succ n) (BinInt.Z.succ m)
BinPos.Pos.succ_lt_mono :
forall n m : BinNums.positive, BinPos.Pos.lt n m <-> BinPos.Pos.lt (BinPos.Pos.succ n) (BinPos.Pos.succ m)
PeanoNat.Nat.succ_lt_mono :
forall n m : nat, n < m <-> S n < S m
BinNat.N.succ_lt_mono :
forall n m : BinNums.N, BinNat.N.lt n m <-> BinNat.N.lt (BinNat.N.succ n) (BinNat.N.succ m)
BinInt.Z.succ_le_mono :
forall n m : BinNums.Z, BinInt.Z.le n m <-> BinInt.Z.le (BinInt.Z.succ n) (BinInt.Z.succ m)
PeanoNat.Nat.succ_le_mono :
forall n m : nat, n <= m <-> S n <= S m
BinNat.N.succ_le_mono :
forall n m : BinNums.N, BinNat.N.le n m <-> BinNat.N.le (BinNat.N.succ n) (BinNat.N.succ m)
BinInt.Z.succ_inj_wd :
forall n1 n2 : BinNums.Z, BinInt.Z.succ n1 = BinInt.Z.succ n2 <-> n1 = n2
PeanoNat.Nat.succ_inj_wd :
forall n1 n2 : nat, S n1 = S n2 <-> n1 = n2
BinNat.N.succ_inj_wd :
forall n1 n2 : BinNums.N, BinNat.N.succ n1 = BinNat.N.succ n2 <-> n1 = n2
BinInt.Z.succ_inj :
forall n1 n2 : BinNums.Z, BinInt.Z.succ n1 = BinInt.Z.succ n2 -> n1 = n2
BinPos.Pos.succ_inj :
forall p q : BinNums.positive, BinPos.Pos.succ p = BinPos.Pos.succ q -> p = q
PeanoNat.Nat.succ_inj :
forall n1 n2 : nat, S n1 = S n2 -> n1 = n2
BinNat.N.succ_inj :
forall n1 n2 : BinNums.N, BinNat.N.succ n1 = BinNat.N.succ n2 -> n1 = n2
BinInt.Z.succ_double_spec :
forall n : BinNums.Z, BinInt.Z.succ_double n = BinInt.Z.add (BinInt.Z.mul (BinNums.Zpos (BinNums.xO BinNums.xH)) n) (BinNums.Zpos BinNums.xH)
BinNat.N.succ_double_mul :
forall n m : BinNums.N, BinNat.N.mul (BinNat.N.succ_double n) m = BinNat.N.add (BinNat.N.mul (BinNat.N.double n) m) m
BinNat.N.succ_double_add :
forall n m : BinNums.N, BinNat.N.succ_double (BinNat.N.add n m) = BinNat.N.add (BinNat.N.double n) (BinNat.N.succ_double m)
BinPos.Pos.succ_discr :
forall p : BinNums.positive, p <> BinPos.Pos.succ p
RelationClasses.subrelation_symmetric :
forall (A : Type) (R : Relation_Definitions.relation A), RelationClasses.Symmetric R -> RelationClasses.subrelation (Basics.flip R) R
Morphisms.subrelation_respectful :
forall (A B : Type) (RA' RA : Relation_Definitions.relation A), RelationClasses.subrelation RA' RA -> forall RB RB' : Relation_Definitions.relation B, RelationClasses.subrelation RB RB' -> RelationClasses.subrelation (Morphisms.respectful RA RB) (Morphisms.respectful RA' RB')
Morphisms.subrelation_refl :
forall (A : Type) (R : Relation_Definitions.relation A), RelationClasses.subrelation R R
Morphisms.subrelation_proper :
forall (A : Type) (R' : Relation_Definitions.relation A) (m : A), Morphisms.Proper R' m -> forall R : Relation_Definitions.relation A, Init.Unconvertible (Relation_Definitions.relation A) R R' -> RelationClasses.subrelation R' R -> Morphisms.Proper R m
Morphisms.subrelation_id_proper :
forall (A : Type) (RA RA' : Relation_Definitions.relation A), RelationClasses.subrelation RA RA' -> Morphisms.Proper (Morphisms.respectful RA RA') id
list_relations.submseteq_nil_l :
forall (A : Type) (l : list A), list_relations.submseteq nil l
list_relations.submseteq_length_Permutation :
forall (A : Type) (l1 l2 : list A), list_relations.submseteq l1 l2 -> length l2 <= length l1 -> Permutation.Permutation l1 l2
list_relations.submseteq_length :
forall (A : Type) (l1 l2 : list A), list_relations.submseteq l1 l2 -> length l1 <= length l2
list_relations.submseteq_Permutation :
forall (A : Type) (l1 l2 : list A), list_relations.submseteq l1 l2 -> exists k : list A, Permutation.Permutation l2 (l1 ++ k)
BinPos.Pos.sub_xO_xO :
forall n m : BinNums.positive, BinPos.Pos.lt m n -> BinPos.Pos.sub (BinNums.xO n) (BinNums.xO m) = BinNums.xO (BinPos.Pos.sub n m)
BinPos.Pos.sub_xO_xI :
forall n m : BinNums.positive, BinPos.Pos.sub (BinNums.xO n) (BinNums.xI m) = BinPos.Pos.pred_double (BinPos.Pos.sub n m)
BinPos.Pos.sub_xI_xO :
forall n m : BinNums.positive, BinPos.Pos.lt m n -> BinPos.Pos.sub (BinNums.xI n) (BinNums.xO m) = BinNums.xI (BinPos.Pos.sub n m)
BinPos.Pos.sub_xI_xI :
forall n m : BinNums.positive, BinPos.Pos.lt m n -> BinPos.Pos.sub (BinNums.xI n) (BinNums.xI m) = BinNums.xO (BinPos.Pos.sub n m)
BinInt.Z.sub_succ_r :
forall n m : BinNums.Z, BinInt.Z.sub n (BinInt.Z.succ m) = BinInt.Z.pred (BinInt.Z.sub n m)
PeanoNat.Nat.sub_succ_r :
forall n m : nat, n - S m = PeanoNat.Nat.pred (n - m)
BinNat.N.sub_succ_r :
forall n m : BinNums.N, BinNat.N.sub n (BinNat.N.succ m) = BinNat.N.pred (BinNat.N.sub n m)
BinInt.Z.sub_succ_l :
forall n m : BinNums.Z, BinInt.Z.sub (BinInt.Z.succ n) m = BinInt.Z.succ (BinInt.Z.sub n m)
PeanoNat.Nat.sub_succ :
forall n m : nat, S n - S m = n - m
BinNat.N.sub_succ :
forall n m : BinNums.N, BinNat.N.sub (BinNat.N.succ n) (BinNat.N.succ m) = BinNat.N.sub n m
BinInt.Z.sub_sub_distr :
forall n m p : BinNums.Z, BinInt.Z.sub n (BinInt.Z.sub m p) = BinInt.Z.add (BinInt.Z.sub n m) p
BinPos.Pos.sub_sub_distr :
forall p q r : BinNums.positive, BinPos.Pos.lt r q -> BinPos.Pos.lt (BinPos.Pos.sub q r) p -> BinPos.Pos.sub p (BinPos.Pos.sub q r) = BinPos.Pos.sub (BinPos.Pos.add p r) q
BinInt.Z.sub_simpl_r :
forall n m : BinNums.Z, BinInt.Z.add (BinInt.Z.sub n m) m = n
BinInt.Z.sub_opp_r :
forall n m : BinNums.Z, BinInt.Z.sub n (BinInt.Z.opp m) = BinInt.Z.add n m
BinInt.Z.sub_opp_l :
forall n m : BinNums.Z, BinInt.Z.sub (BinInt.Z.opp n) m = BinInt.Z.sub (BinInt.Z.opp m) n
BinInt.Z.sub_move_r :
forall n m p : BinNums.Z, BinInt.Z.sub n m = p <-> n = BinInt.Z.add p m
BinInt.Z.sub_move_0_r :
forall n m : BinNums.Z, BinInt.Z.sub n m = BinNums.Z0 <-> n = m
BinPos.Pos.sub_mask_succ_r :
forall p q : BinNums.positive, BinPos.Pos.sub_mask p (BinPos.Pos.succ q) = BinPos.Pos.sub_mask_carry p q
BinPos.Pos.sub_mask_spec :
forall p q : BinNums.positive, BinPos.Pos.SubMaskSpec p q (BinPos.Pos.sub_mask p q)
BinPos.Pos.sub_mask_pos_iff :
forall p q r : BinNums.positive, BinPos.Pos.sub_mask p q = BinPos.Pos.IsPos r <-> BinPos.Pos.add q r = p
BinPos.Pos.sub_mask_pos' :
forall p q : BinNums.positive, BinPos.Pos.lt q p -> exists r : BinNums.positive, BinPos.Pos.sub_mask p q = BinPos.Pos.IsPos r /\ BinPos.Pos.add q r = p
BinPos.Pos.sub_mask_pos :
forall p q : BinNums.positive, BinPos.Pos.lt q p -> exists r : BinNums.positive, BinPos.Pos.sub_mask p q = BinPos.Pos.IsPos r
BinPos.Pos.sub_mask_nul_iff :
forall p q : BinNums.positive, BinPos.Pos.sub_mask p q = BinPos.Pos.IsNul <-> p = q
BinPos.Pos.sub_mask_neg_iff' :
forall p q : BinNums.positive, BinPos.Pos.sub_mask p q = BinPos.Pos.IsNeg <-> BinPos.Pos.lt p q
BinPos.Pos.sub_mask_neg_iff :
forall p q : BinNums.positive, BinPos.Pos.sub_mask p q = BinPos.Pos.IsNeg <-> (exists r : BinNums.positive, BinPos.Pos.add p r = q)
BinPos.Pos.sub_mask_neg :
forall p q : BinNums.positive, BinPos.Pos.lt p q -> BinPos.Pos.sub_mask p q = BinPos.Pos.IsNeg
BinPos.Pos.sub_mask_diag :
forall p : BinNums.positive, BinPos.Pos.sub_mask p p = BinPos.Pos.IsNul
BinPos.Pos.sub_mask_carry_spec :
forall p q : BinNums.positive, BinPos.Pos.sub_mask_carry p q = BinPos.Pos.pred_mask (BinPos.Pos.sub_mask p q)
BinPos.Pos.sub_mask_add_diag_r :
forall p q : BinNums.positive, BinPos.Pos.sub_mask p (BinPos.Pos.add p q) = BinPos.Pos.IsNeg
BinPos.Pos.sub_mask_add_diag_l :
forall p q : BinNums.positive, BinPos.Pos.sub_mask (BinPos.Pos.add p q) p = BinPos.Pos.IsPos q
BinPos.Pos.sub_mask_add :
forall p q r : BinNums.positive, BinPos.Pos.sub_mask p q = BinPos.Pos.IsPos r -> BinPos.Pos.add q r = p
BinInt.Z.sub_lt_mono_r :
forall n m p : BinNums.Z, BinInt.Z.lt n m <-> BinInt.Z.lt (BinInt.Z.sub n p) (BinInt.Z.sub m p)
BinInt.Z.sub_le_mono_r :
forall n m p : BinNums.Z, BinInt.Z.le n m <-> BinInt.Z.le (BinInt.Z.sub n p) (BinInt.Z.sub m p)
PeanoNat.Nat.sub_gt :
forall n m : nat, m < n -> n - m <> 0
BinNat.N.sub_gt :
forall n m : BinNums.N, BinNat.N.lt m n -> BinNat.N.sub n m <> BinNums.N0
BinInt.Z.sub_diag :
forall n : BinNums.Z, BinInt.Z.sub n n = BinNums.Z0
PeanoNat.Nat.sub_diag :
forall n : nat, n - n = 0
BinNat.N.sub_diag :
forall n : BinNums.N, BinNat.N.sub n n = BinNums.N0
BinPos.Pos.sub_decr :
forall n m : BinNums.positive, BinPos.Pos.lt m n -> BinPos.Pos.lt (BinPos.Pos.sub n m) n
BinInt.Z.sub_cancel_r :
forall n m p : BinNums.Z, BinInt.Z.sub n p = BinInt.Z.sub m p <-> n = m
BinPos.Pos.sub_add_distr :
forall p q r : BinNums.positive, BinPos.Pos.lt (BinPos.Pos.add q r) p -> BinPos.Pos.sub p (BinPos.Pos.add q r) = BinPos.Pos.sub (BinPos.Pos.sub p q) r
BinPos.Pos.sub_add :
forall p q : BinNums.positive, BinPos.Pos.lt q p -> BinPos.Pos.add (BinPos.Pos.sub p q) q = p
BinNat.N.sub_add :
forall n m : BinNums.N, BinNat.N.le n m -> BinNat.N.add (BinNat.N.sub m n) n = m
BinInt.Z.sub_1_r :
forall n : BinNums.Z, BinInt.Z.sub n (BinNums.Zpos BinNums.xH) = BinInt.Z.pred n
BinInt.Z.sub_0_r :
forall n : BinNums.Z, BinInt.Z.sub n BinNums.Z0 = n
PeanoNat.Nat.sub_0_r :
forall n : nat, n - 0 = n
BinNat.N.sub_0_r :
forall n : BinNums.N, BinNat.N.sub n BinNums.N0 = n
PeanoNat.Nat.sub_0_le :
forall n m : nat, n - m = 0 <-> n <= m
BinInt.Z.sub_0_l :
forall n : BinNums.Z, BinInt.Z.sub BinNums.Z0 n = BinInt.Z.opp n
PeanoNat.Nat.sub_0_l :
forall n : nat, 0 - n = 0
BinInt.Z.strong_right_induction :
forall (A : BinNums.Z -> Prop) (z : BinNums.Z), (forall n : BinNums.Z, BinInt.Z.le z n -> (fun n0 : BinNums.Z => forall m : BinNums.Z, BinInt.Z.le z m -> BinInt.Z.lt m n0 -> A m) n -> A n) -> forall n : BinNums.Z, BinInt.Z.le z n -> A n
PeanoNat.Nat.strong_right_induction :
forall (A : nat -> Prop) (z : nat), (forall n : nat, z <= n -> (fun n0 : nat => forall m : nat, z <= m -> m < n0 -> A m) n -> A n) -> forall n : nat, z <= n -> A n
BinNat.N.strong_right_induction :
forall (A : BinNums.N -> Prop) (z : BinNums.N), (forall n : BinNums.N, BinNat.N.le z n -> (fun n0 : BinNums.N => forall m : BinNums.N, BinNat.N.le z m -> BinNat.N.lt m n0 -> A m) n -> A n) -> forall n : BinNums.N, BinNat.N.le z n -> A n
BinInt.Z.strong_left_induction :
forall (A : BinNums.Z -> Prop) (z : BinNums.Z), (forall n : BinNums.Z, BinInt.Z.le n z -> (fun n0 : BinNums.Z => forall m : BinNums.Z, BinInt.Z.le m z -> BinInt.Z.le n0 m -> A m) (BinInt.Z.succ n) -> A n) -> forall n : BinNums.Z, BinInt.Z.le n z -> A n
orders.strict_spec_alt :
forall (A : Type) (R : Relation_Definitions.relation A), base.AntiSymm eq R -> forall X Y : A, base.strict R X Y <-> R X Y /\ X <> Y
base.snd_proper' :
forall (A : Type) (RA : Relation_Definitions.relation A) (B : Type) (RB : Relation_Definitions.relation B), Morphisms.Proper (Morphisms.respectful (base.prod_relation RA RB) RB) snd
Values.skipn_length :
forall (A : Type) (n : nat) (l : list A), n <= length l -> length (ListDef.skipn n l) = length l - n
BinPos.Pos.size_nat_monotone :
forall p q : BinNums.positive, BinPos.Pos.lt p q -> BinPos.Pos.size_nat p <= BinPos.Pos.size_nat q
BinPos.Pos.size_le :
forall p : BinNums.positive, BinPos.Pos.le (BinPos.Pos.pow (BinNums.xO BinNums.xH) (BinPos.Pos.size p)) (BinNums.xO p)
BinPos.Pos.size_gt :
forall p : BinNums.positive, BinPos.Pos.lt p (BinPos.Pos.pow (BinNums.xO BinNums.xH) (BinPos.Pos.size p))
BinNat.N.shiftr_succ_r :
forall a n : BinNums.N, BinNat.N.shiftr a (BinNat.N.succ n) = BinNat.N.div2 (BinNat.N.shiftr a n)
BinInt.Z.shiftr_spec_aux :
forall a n m : BinNums.Z, BinInt.Z.le BinNums.Z0 n -> BinInt.Z.le BinNums.Z0 m -> BinInt.Z.testbit (BinInt.Z.shiftr a n) m = BinInt.Z.testbit a (BinInt.Z.add m n)
BinNat.N.shiftr_spec' :
forall a n m : BinNums.N, BinNat.N.testbit (BinNat.N.shiftr a n) m = BinNat.N.testbit a (BinNat.N.add m n)
BinInt.Z.shiftr_spec :
forall a n m : BinNums.Z, BinInt.Z.le BinNums.Z0 m -> BinInt.Z.testbit (BinInt.Z.shiftr a n) m = BinInt.Z.testbit a (BinInt.Z.add m n)
BinNat.N.shiftr_spec :
forall a n m : BinNums.N, BinNat.N.le BinNums.N0 m -> BinNat.N.testbit (BinNat.N.shiftr a n) m = BinNat.N.testbit a (BinNat.N.add m n)
BinInt.Z.shiftr_opp_r :
forall a n : BinNums.Z, BinInt.Z.shiftr a (BinInt.Z.opp n) = BinInt.Z.shiftl a n
BinInt.Z.shiftr_nonneg :
forall a n : BinNums.Z, BinInt.Z.le BinNums.Z0 (BinInt.Z.shiftr a n) <-> BinInt.Z.le BinNums.Z0 a
BinInt.Z.shiftr_mul_pow2 :
forall a n : BinNums.Z, BinInt.Z.le n BinNums.Z0 -> BinInt.Z.shiftr a n = BinInt.Z.mul a (BinInt.Z.pow (BinNums.Zpos (BinNums.xO BinNums.xH)) (BinInt.Z.opp n))
BinInt.Z.shiftr_eq_0_iff :
forall a n : BinNums.Z, BinInt.Z.shiftr a n = BinNums.Z0 <-> a = BinNums.Z0 \/ BinInt.Z.lt BinNums.Z0 a /\ BinInt.Z.lt (BinInt.Z.log2 a) n
BinInt.Z.shiftr_div_pow2 :
forall a n : BinNums.Z, BinInt.Z.le BinNums.Z0 n -> BinInt.Z.shiftr a n = BinInt.Z.div a (BinInt.Z.pow (BinNums.Zpos (BinNums.xO BinNums.xH)) n)
BinNat.N.shiftl_succ_r :
forall a n : BinNums.N, BinNat.N.shiftl a (BinNat.N.succ n) = BinNat.N.double (BinNat.N.shiftl a n)
BinInt.Z.shiftl_spec_low :
forall a n m : BinNums.Z, BinInt.Z.lt m n -> BinInt.Z.testbit (BinInt.Z.shiftl a n) m = false
BinNat.N.shiftl_spec_low :
forall a n m : BinNums.N, BinNat.N.lt m n -> BinNat.N.testbit (BinNat.N.shiftl a n) m = false
BinNat.N.shiftl_spec_high' :
forall a n m : BinNums.N, BinNat.N.le n m -> BinNat.N.testbit (BinNat.N.shiftl a n) m = BinNat.N.testbit a (BinNat.N.sub m n)
BinInt.Z.shiftl_spec_high :
forall a n m : BinNums.Z, BinInt.Z.le BinNums.Z0 m -> BinInt.Z.le n m -> BinInt.Z.testbit (BinInt.Z.shiftl a n) m = BinInt.Z.testbit a (BinInt.Z.sub m n)
BinNat.N.shiftl_spec_high :
forall a n m : BinNums.N, BinNat.N.le BinNums.N0 m -> BinNat.N.le n m -> BinNat.N.testbit (BinNat.N.shiftl a n) m = BinNat.N.testbit a (BinNat.N.sub m n)
BinInt.Z.shiftl_spec :
forall a n m : BinNums.Z, BinInt.Z.le BinNums.Z0 m -> BinInt.Z.testbit (BinInt.Z.shiftl a n) m = BinInt.Z.testbit a (BinInt.Z.sub m n)
BinInt.Z.shiftl_opp_r :
forall a n : BinNums.Z, BinInt.Z.shiftl a (BinInt.Z.opp n) = BinInt.Z.shiftr a n
BinInt.Z.shiftl_nonneg :
forall a n : BinNums.Z, BinInt.Z.le BinNums.Z0 (BinInt.Z.shiftl a n) <-> BinInt.Z.le BinNums.Z0 a
BinInt.Z.sgn_pos :
forall n : BinNums.Z, BinInt.Z.lt BinNums.Z0 n -> BinInt.Z.sgn n = BinNums.Zpos BinNums.xH
BinInt.Z.sgn_null :
forall n : BinNums.Z, n = BinNums.Z0 -> BinInt.Z.sgn n = BinNums.Z0
BinInt.Z.sgn_neg :
forall n : BinNums.Z, BinInt.Z.lt n BinNums.Z0 -> BinInt.Z.sgn n = BinNums.Zneg BinNums.xH
BinInt.Z.sgn_abs :
forall n : BinNums.Z, BinInt.Z.mul n (BinInt.Z.sgn n) = BinInt.Z.abs n
gmultiset.set_unfold_multiset_equiv :
forall (A : Type) (EqDecision0 : base.RelDecision eq) (H : countable.Countable A) (X Y : gmultiset.gmultiset A) (f g : A -> nat), (forall x : A, gmultiset.MultisetUnfold x X (f x)) -> (forall x : A, gmultiset.MultisetUnfold x Y (g x)) -> sets.SetUnfold (base.equiv X Y) (forall x : A, f x = g x)
gmultiset.set_unfold_multiset_eq :
forall (A : Type) (EqDecision0 : base.RelDecision eq) (H : countable.Countable A) (X Y : gmultiset.gmultiset A) (f g : A -> nat), (forall x : A, gmultiset.MultisetUnfold x X (f x)) -> (forall x : A, gmultiset.MultisetUnfold x Y (g x)) -> sets.SetUnfold (X = Y) (forall x : A, f x = g x)
sets.set_unfold_exist :
forall (A : Type) (P P' : A -> Prop), (forall x : A, sets.SetUnfold (P x) (P' x)) -> sets.SetUnfold (exists x : A, P x) (exists x : A, P' x)
sets.set_unfold_elem_of_set_unfold :
forall (A C : Type) (H : base.ElemOf A C) (x : A) (X : C) (Q : Prop), sets.SetUnfoldElemOf x X Q -> sets.SetUnfold (base.elem_of x X) Q
sets.set_unfold_elem_of_default :
forall (A C : Type) (H : base.ElemOf A C) (x : A) (X : C), sets.SetUnfoldElemOf x X (base.elem_of x X)
sets.set_unfold_cons :
forall (A : Type) (x y : A) (l : list A) (P : Prop), sets.SetUnfoldElemOf x l P -> sets.SetUnfoldElemOf x (y :: l)%list (x = y \/ P)
InitialRing.same_genZ :
forall (R : Type) (rO rI : R) (radd rmul rsub : R -> R -> R) (ropp : R -> R) (req : R -> R -> Prop),
Setoid.Setoid_Theory R req -> Ring_theory.ring_eq_ext radd rmul ropp req -> Ring_theory.ring_theory rO rI radd rmul rsub ropp req -> forall x : BinNums.Z, req (InitialRing.gen_phiZ rO rI radd rmul ropp x) (InitialRing.gen_phiZ1 rO rI radd rmul ropp x)
InitialRing.same_gen :
forall (R : Type) (rO rI : R) (radd rmul rsub : R -> R -> R) (ropp : R -> R) (req : R -> R -> Prop),
Setoid.Setoid_Theory R req -> Ring_theory.ring_eq_ext radd rmul ropp req -> Ring_theory.almost_ring_theory rO rI radd rmul rsub ropp req -> forall x : BinNums.positive, req (InitialRing.gen_phiPOS1 rI radd rmul x) (InitialRing.gen_phiPOS rI radd rmul x)
rv64d_types.sail_regidx_decode_encode :
forall x : rv64d_types.regidx, rv64d_types.sail_regidx_decode (rv64d_types.sail_regidx_encode x) = Some x
rv64d_types.sail_physaddr_decode_encode :
forall x : rv64d_types.physaddr, rv64d_types.sail_physaddr_decode (rv64d_types.sail_physaddr_encode x) = Some x
rv64d_types.Defs.sail_mem_write_subproof :
forall n : BinNums.Z, let n' := BinInt.Z.to_N n in MachineWord.MachineWord.Z_idx (BinInt.Z.mul (BinNums.Zpos (BinNums.xO (BinNums.xO (BinNums.xO BinNums.xH)))) n) = BinNat.N.mul (BinNums.Npos (BinNums.xO (BinNums.xO (BinNums.xO BinNums.xH)))) n'
rv64d_types.Defs.sail_mem_read_subproof :
forall n : BinNums.Z, BinNat.N.mul (BinNums.Npos (BinNums.xO (BinNums.xO (BinNums.xO BinNums.xH)))) (BinInt.Z.to_N n) = BinInt.Z.to_N (BinInt.Z.mul (BinNums.Zpos (BinNums.xO (BinNums.xO (BinNums.xO BinNums.xH)))) n)
rv64d_types.sail_cacheop_decode_encode :
forall x : rv64d_types.cacheop, rv64d_types.sail_cacheop_decode (rv64d_types.sail_cacheop_encode x) = Some x
rv64d_types.sail_MemoryAccessType_decode_encode :
forall (a : Type) (EqDecision0 : base.RelDecision eq) (H : countable.Countable a) (x : rv64d_types.MemoryAccessType a), rv64d_types.sail_MemoryAccessType_decode (rv64d_types.sail_MemoryAccessType_encode x) = Some x
RingMicromega.rtimes_morph_Proper :
forall (R : Type) (rO rI : R) (rplus rtimes rminus : R -> R -> R) (ropp : R -> R) (req rle rlt : R -> R -> Prop), OrderedRing.SOR rO rI rplus rtimes rminus ropp req rle rlt -> Morphisms.Proper (Morphisms.respectful req (Morphisms.respectful req req)) rtimes
OrderedRing.rtimes_morph_Proper :
forall (R : Type) (rO rI : R) (rplus rtimes rminus : R -> R -> R) (ropp : R -> R) (req rle rlt : R -> R -> Prop), OrderedRing.SOR rO rI rplus rtimes rminus ropp req rle rlt -> Morphisms.Proper (Morphisms.respectful req (Morphisms.respectful req req)) rtimes
Ring_polynom.rsub_ext_Proper :
forall (R : Type) (rO rI : R) (radd rmul rsub : R -> R -> R) (ropp : R -> R) (req : R -> R -> Prop),
RelationClasses.Equivalence req -> Ring_theory.ring_eq_ext radd rmul ropp req -> Ring_theory.almost_ring_theory rO rI radd rmul rsub ropp req -> Morphisms.Proper (Morphisms.respectful req (Morphisms.respectful req req)) rsub
EnvRing.rsub_ext_Proper :
forall (R : Type) (rO rI : R) (radd rmul rsub : R -> R -> R) (ropp : R -> R) (req : R -> R -> Prop),
RelationClasses.Equivalence req -> Ring_theory.ring_eq_ext radd rmul ropp req -> Ring_theory.almost_ring_theory rO rI radd rmul rsub ropp req -> Morphisms.Proper (Morphisms.respectful req (Morphisms.respectful req req)) rsub
RingMicromega.rplus_morph_Proper :
forall (R : Type) (rO rI : R) (rplus rtimes rminus : R -> R -> R) (ropp : R -> R) (req rle rlt : R -> R -> Prop), OrderedRing.SOR rO rI rplus rtimes rminus ropp req rle rlt -> Morphisms.Proper (Morphisms.respectful req (Morphisms.respectful req req)) rplus
OrderedRing.rplus_morph_Proper :
forall (R : Type) (rO rI : R) (rplus rtimes rminus : R -> R -> R) (ropp : R -> R) (req rle rlt : R -> R -> Prop), OrderedRing.SOR rO rI rplus rtimes rminus ropp req rle rlt -> Morphisms.Proper (Morphisms.respectful req (Morphisms.respectful req req)) rplus
OrderedRing.ropp_morph_Proper :
forall (R : Type) (rO rI : R) (rplus rtimes rminus : R -> R -> R) (ropp : R -> R) (req rle rlt : R -> R -> Prop), OrderedRing.SOR rO rI rplus rtimes rminus ropp req rle rlt -> Morphisms.Proper (Morphisms.respectful req req) ropp
Ring_polynom.ropp_ext_Proper :
forall (R : Type) (radd rmul : R -> R -> R) (ropp : R -> R) (req : R -> R -> Prop), Ring_theory.ring_eq_ext radd rmul ropp req -> Morphisms.Proper (Morphisms.respectful req req) ropp
EnvRing.ropp_ext_Proper :
forall (R : Type) (radd rmul : R -> R -> R) (ropp : R -> R) (req : R -> R -> Prop), Ring_theory.ring_eq_ext radd rmul ropp req -> Morphisms.Proper (Morphisms.respectful req req) ropp
InitialRing.ropp_ext3_Proper :
forall (R : Type) (radd rmul : R -> R -> R) (ropp : R -> R) (req : R -> R -> Prop), Ring_theory.ring_eq_ext radd rmul ropp req -> Morphisms.Proper (Morphisms.respectful req req) ropp
Ring_theory.ropp_ext2_Proper :
forall (R : Type) (radd rmul : R -> R -> R) (ropp : R -> R) (req : R -> R -> Prop), Ring_theory.ring_eq_ext radd rmul ropp req -> Morphisms.Proper (Morphisms.respectful req req) ropp
Ring_polynom.rmul_ext_Proper :
forall (R : Type) (radd rmul : R -> R -> R) (ropp : R -> R) (req : R -> R -> Prop), Ring_theory.ring_eq_ext radd rmul ropp req -> Morphisms.Proper (Morphisms.respectful req (Morphisms.respectful req req)) rmul
EnvRing.rmul_ext_Proper :
forall (R : Type) (radd rmul : R -> R -> R) (ropp : R -> R) (req : R -> R -> Prop), Ring_theory.ring_eq_ext radd rmul ropp req -> Morphisms.Proper (Morphisms.respectful req (Morphisms.respectful req req)) rmul
InitialRing.rmul_ext3_Proper :
forall (R : Type) (radd rmul : R -> R -> R) (ropp : R -> R) (req : R -> R -> Prop), Ring_theory.ring_eq_ext radd rmul ropp req -> Morphisms.Proper (Morphisms.respectful req (Morphisms.respectful req req)) rmul
Ring_theory.rmul_ext2_Proper :
forall (R : Type) (radd rmul : R -> R -> R) (ropp : R -> R) (req : R -> R -> Prop), Ring_theory.ring_eq_ext radd rmul ropp req -> Morphisms.Proper (Morphisms.respectful req (Morphisms.respectful req req)) rmul
RingMicromega.rlt_morph_Proper :
forall (R : Type) (rO rI : R) (rplus rtimes rminus : R -> R -> R) (ropp : R -> R) (req rle rlt : R -> R -> Prop), OrderedRing.SOR rO rI rplus rtimes rminus ropp req rle rlt -> Morphisms.Proper (Morphisms.respectful req (Morphisms.respectful req iff)) rlt
OrderedRing.rlt_morph_Proper :
forall (R : Type) (rO rI : R) (rplus rtimes rminus : R -> R -> R) (ropp : R -> R) (req rle rlt : R -> R -> Prop), OrderedRing.SOR rO rI rplus rtimes rminus ropp req rle rlt -> Morphisms.Proper (Morphisms.respectful req (Morphisms.respectful req iff)) rlt
RingMicromega.rle_morph_Proper :
forall (R : Type) (rO rI : R) (rplus rtimes rminus : R -> R -> R) (ropp : R -> R) (req rle rlt : R -> R -> Prop), OrderedRing.SOR rO rI rplus rtimes rminus ropp req rle rlt -> Morphisms.Proper (Morphisms.respectful req (Morphisms.respectful req iff)) rle
OrderedRing.rle_morph_Proper :
forall (R : Type) (rO rI : R) (rplus rtimes rminus : R -> R -> R) (ropp : R -> R) (req rle rlt : R -> R -> Prop), OrderedRing.SOR rO rI rplus rtimes rminus ropp req rle rlt -> Morphisms.Proper (Morphisms.respectful req (Morphisms.respectful req iff)) rle
RiscvLang.riscv_lang_mixin :
language.LanguageMixin RiscvLang.of_val RiscvLang.to_val RiscvLang.prim_step
Ring_polynom.ring_rw_pow_correct :
forall (R : Type) (rO rI : R) (radd rmul rsub : R -> R -> R) (ropp : R -> R) (req : R -> R -> Prop),
RelationClasses.Equivalence req ->
Ring_theory.ring_eq_ext radd rmul ropp req ->
Ring_theory.almost_ring_theory rO rI radd rmul rsub ropp req ->
forall (C : Type) (cO cI : C) (cadd cmul csub : C -> C -> C) (copp : C -> C) (ceqb : C -> C -> bool) (phi : C -> R),
Ring_theory.ring_morph rO rI radd rmul rsub ropp req cO cI cadd cmul csub copp ceqb phi ->
forall (Cpow : Type) (Cp_phi : BinNums.N -> Cpow) (rpow : R -> Cpow -> R),
Ring_theory.power_theory rI rmul req Cp_phi rpow ->
forall cdiv : C -> C -> C * C,
Ring_theory.div_theory req cadd cmul phi cdiv ->
forall get_sign : C -> option C,
Ring_theory.sign_theory copp ceqb get_sign ->
forall (n : nat) (lH : list (Ring_polynom.PExpr C * Ring_polynom.PExpr C)) (l : list R),
Ring_polynom.interp_PElist rO rI radd rmul rsub ropp req phi Cp_phi rpow l lH ->
forall lmp : list (C * Ring_polynom.Mon * Ring_polynom.Pol C),
Ring_polynom.mk_monpol_list cO cI cadd cmul csub copp ceqb cdiv lH = lmp ->
forall (pe : Ring_polynom.PExpr C) (npe : Ring_polynom.Pol C),
Ring_polynom.norm_subst cO cI cadd cmul csub copp ceqb cdiv n lmp pe = npe -> req (Ring_polynom.PEeval rO rI radd rmul rsub ropp phi Cp_phi rpow l pe) (Ring_polynom.Pphi_pow rO rI radd rmul rsub ropp cO cI ceqb phi Cp_phi rpow get_sign l npe)
Ring_polynom.ring_correct :
forall (R : Type) (rO rI : R) (radd rmul rsub : R -> R -> R) (ropp : R -> R) (req : R -> R -> Prop),
RelationClasses.Equivalence req ->
Ring_theory.ring_eq_ext radd rmul ropp req ->
Ring_theory.almost_ring_theory rO rI radd rmul rsub ropp req ->
forall (C : Type) (cO cI : C) (cadd cmul csub : C -> C -> C) (copp : C -> C) (ceqb : C -> C -> bool) (phi : C -> R),
Ring_theory.ring_morph rO rI radd rmul rsub ropp req cO cI cadd cmul csub copp ceqb phi ->
forall (Cpow : Type) (Cp_phi : BinNums.N -> Cpow) (rpow : R -> Cpow -> R),
Ring_theory.power_theory rI rmul req Cp_phi rpow ->
forall cdiv : C -> C -> C * C,
Ring_theory.div_theory req cadd cmul phi cdiv ->
forall (n : nat) (l : list R) (lpe : list (Ring_polynom.PExpr C * Ring_polynom.PExpr C)) (pe1 pe2 : Ring_polynom.PExpr C),
Ring_polynom.interp_PElist rO rI radd rmul rsub ropp req phi Cp_phi rpow l lpe ->
(let lmp := Ring_polynom.mk_monpol_list cO cI cadd cmul csub copp ceqb cdiv lpe in Ring_polynom.Peq ceqb (Ring_polynom.norm_subst cO cI cadd cmul csub copp ceqb cdiv n lmp pe1) (Ring_polynom.norm_subst cO cI cadd cmul csub copp ceqb cdiv n lmp pe2)) = true ->
req (Ring_polynom.PEeval rO rI radd rmul rsub ropp phi Cp_phi rpow l pe1) (Ring_polynom.PEeval rO rI radd rmul rsub ropp phi Cp_phi rpow l pe2)
BinInt.Z.right_induction :
forall A : BinNums.Z -> Prop, Morphisms.Proper (Morphisms.respectful eq iff) A -> forall z : BinNums.Z, A z -> (forall n : BinNums.Z, BinInt.Z.le z n -> A n -> A (BinInt.Z.succ n)) -> forall n : BinNums.Z, BinInt.Z.le z n -> A n
PeanoNat.Nat.right_induction :
forall A : nat -> Prop, Morphisms.Proper (Morphisms.respectful eq iff) A -> forall z : nat, A z -> (forall n : nat, z <= n -> A n -> A (S n)) -> forall n : nat, z <= n -> A n
BinNat.N.right_induction :
forall A : BinNums.N -> Prop, Morphisms.Proper (Morphisms.respectful eq iff) A -> forall z : BinNums.N, A z -> (forall n : BinNums.N, BinNat.N.le z n -> A n -> A (BinNat.N.succ n)) -> forall n : BinNums.N, BinNat.N.le z n -> A n
base.right_id_L :
forall (A : Type) (i : A) (f : A -> A -> A), base.RightId eq i f -> forall x : A, f x i = x
Morphisms.rewrite_relation_eq_dom :
forall (A B : Type) (R : Relation_Definitions.relation B), RelationClasses.RewriteRelation R -> RelationClasses.RewriteRelation (Morphisms.respectful eq R)
ZifyClasses.rew_iff_rev :
forall P Q : Prop, P <-> Q -> Q -> P
ZifyClasses.rew_iff :
forall P Q : Prop, P <-> Q -> P -> Q
numbers.Pos.reverse_xO :
forall p : BinNums.positive, numbers.Pos.reverse (BinNums.xO p) = numbers.Pos.app (BinNums.xO BinNums.xH) (numbers.Pos.reverse p)
numbers.Pos.reverse_xI :
forall p : BinNums.positive, numbers.Pos.reverse (BinNums.xI p) = numbers.Pos.app (BinNums.xI BinNums.xH) (numbers.Pos.reverse p)
numbers.Pos.reverse_go_app :
forall p1 p2 p3 : BinNums.positive, numbers.Pos.reverse_go p1 (numbers.Pos.app p2 p3) = numbers.Pos.app (numbers.Pos.reverse_go p1 p3) (numbers.Pos.reverse_go BinNums.xH p2)
numbers.Pos.reverse_app :
forall p1 p2 : BinNums.positive, numbers.Pos.reverse (numbers.Pos.app p1 p2) = numbers.Pos.app (numbers.Pos.reverse p2) (numbers.Pos.reverse p1)
Values.repeat_length :
forall (a : Type) (xs : list a) (n : BinNums.Z), BinInt.Z.ge n BinNums.Z0 -> length (Values.repeat xs n) = BinInt.Z.to_nat n * length xs
Values.repeat'_length :
forall (a : Type) (xs : list a) (n : nat), length (Values.repeat' xs n) = n * length xs
Znumtheory.rel_prime_cross_prod :
forall a b c d : BinNums.Z, Znumtheory.rel_prime a b -> Znumtheory.rel_prime c d -> BinInt.Z.gt b BinNums.Z0 -> BinInt.Z.gt d BinNums.Z0 -> BinInt.Z.mul a d = BinInt.Z.mul b c -> a = c /\ b = d
Znumtheory.rel_prime_bezout :
forall a b : BinNums.Z, Znumtheory.rel_prime a b -> Znumtheory.Bezout a b (BinNums.Zpos BinNums.xH)
Morphisms.reflexive_reflexive_proxy :
forall (A : Type) (R : Relation_Definitions.relation A), RelationClasses.Reflexive R -> Morphisms.ReflexiveProxy R
Morphisms.reflexive_proper_proxy :
forall (A : Type) (R : Relation_Definitions.relation A), Morphisms.ReflexiveProxy R -> forall x : A, Morphisms.ProperProxy R x
Morphisms.reflexive_proper :
forall (A : Type) (R : Relation_Definitions.relation A), Morphisms.ReflexiveProxy R -> forall x : A, Morphisms.Proper R x
Morphisms.reflexive_eq_dom_reflexive :
forall (A B : Type) (R' : Relation_Definitions.relation B), RelationClasses.Reflexive R' -> RelationClasses.Reflexive (Morphisms.respectful eq R')
orders.reflexive_eq :
forall (A : Type) (R : Relation_Definitions.relation A), RelationClasses.Reflexive R -> forall X Y : A, X = Y -> R X Y
Ring_polynom.radd_ext_Proper :
forall (R : Type) (radd rmul : R -> R -> R) (ropp : R -> R) (req : R -> R -> Prop), Ring_theory.ring_eq_ext radd rmul ropp req -> Morphisms.Proper (Morphisms.respectful req (Morphisms.respectful req req)) radd
EnvRing.radd_ext_Proper :
forall (R : Type) (radd rmul : R -> R -> R) (ropp : R -> R) (req : R -> R -> Prop), Ring_theory.ring_eq_ext radd rmul ropp req -> Morphisms.Proper (Morphisms.respectful req (Morphisms.respectful req req)) radd
InitialRing.radd_ext3_Proper :
forall (R : Type) (radd rmul : R -> R -> R) (ropp : R -> R) (req : R -> R -> Prop), Ring_theory.ring_eq_ext radd rmul ropp req -> Morphisms.Proper (Morphisms.respectful req (Morphisms.respectful req req)) radd
Ring_theory.radd_ext2_Proper :
forall (R : Type) (radd rmul : R -> R -> R) (ropp : R -> R) (req : R -> R -> Prop), Ring_theory.ring_eq_ext radd rmul ropp req -> Morphisms.Proper (Morphisms.respectful req (Morphisms.respectful req req)) radd
cmra.ra_total_mixin :
forall (A : Type) (H : base.Equiv A) (H0 : cmra.PCore A) (H1 : cmra.Op A) (H2 : cmra.Valid A),
(forall x : A, option.is_Some (cmra.pcore x)) ->
(forall x : A, Morphisms.Proper (Morphisms.respectful base.equiv base.equiv) (cmra.op x)) ->
Morphisms.Proper (Morphisms.respectful base.equiv base.equiv) cmra.core ->
Morphisms.Proper (Morphisms.respectful base.equiv Basics.impl) cmra.valid ->
base.Assoc base.equiv cmra.op ->
base.Comm base.equiv cmra.op ->
(forall x : A, base.equiv (cmra.op (cmra.core x) x) x) -> (forall x : A, base.equiv (cmra.core (cmra.core x)) (cmra.core x)) -> (forall x y : A, cmra.included x y -> cmra.included (cmra.core x) (cmra.core y)) -> (forall x y : A, cmra.valid (cmra.op x y) -> cmra.valid x) -> cmra.RAMixin A
Ring_polynom.r_list_pow_rev :
forall (R : Type) (rO rI : R) (radd rmul rsub : R -> R -> R) (ropp : R -> R) (req : R -> R -> Prop),
RelationClasses.Equivalence req -> Ring_theory.ring_eq_ext radd rmul ropp req -> Ring_theory.almost_ring_theory rO rI radd rmul rsub ropp req -> forall l : list (R * BinNums.positive), req (Ring_polynom.r_list_pow rI rmul (List.rev' l)) (Ring_polynom.r_list_pow rI rmul l)
BinInt.Z.quotrem_eq :
forall a b : BinNums.Z, let (q, r) := BinInt.Z.quotrem a b in a = BinInt.Z.add (BinInt.Z.mul q b) r
Morphisms.proper_sym_impl_iff :
forall (A : Type) (R : Relation_Definitions.relation A), RelationClasses.Symmetric R -> forall f : A -> Prop, Morphisms.Proper (Morphisms.respectful R Basics.impl) f -> Morphisms.Proper (Morphisms.respectful R iff) f
Morphisms.proper_proper_proxy :
forall (A : Type) (x : A) (R : Relation_Definitions.relation A), Morphisms.Proper R x -> Morphisms.ProperProxy R x
Morphisms.proper_proper :
forall A : Type, Morphisms.Proper (Morphisms.respectful RelationClasses.relation_equivalence (Morphisms.respectful eq iff)) Morphisms.Proper
Morphisms.proper_normalizes_proper :
forall (A : Type) (R0 R1 : Relation_Definitions.relation A), Morphisms.Normalizes A R0 R1 -> forall m : A, Morphisms.Proper R1 m -> Morphisms.Proper R0 m
proj2 :
forall A B : Prop, A /\ B -> B
proj1 :
forall A B : Prop, A /\ B -> A
base.prod_relation_trans :
forall (A : Type) (RA : Relation_Definitions.relation A) (B : Type) (RB : Relation_Definitions.relation B), RelationClasses.Transitive RA -> RelationClasses.Transitive RB -> RelationClasses.Transitive (base.prod_relation RA RB)
base.prod_relation_sym :
forall (A : Type) (RA : Relation_Definitions.relation A) (B : Type) (RB : Relation_Definitions.relation B), RelationClasses.Symmetric RA -> RelationClasses.Symmetric RB -> RelationClasses.Symmetric (base.prod_relation RA RB)
base.prod_relation_refl :
forall (A : Type) (RA : Relation_Definitions.relation A) (B : Type) (RB : Relation_Definitions.relation B), RelationClasses.Reflexive RA -> RelationClasses.Reflexive RB -> RelationClasses.Reflexive (base.prod_relation RA RB)
base.prod_relation_equiv :
forall (A : Type) (RA : Relation_Definitions.relation A) (B : Type) (RB : Relation_Definitions.relation B), RelationClasses.Equivalence RA -> RelationClasses.Equivalence RB -> RelationClasses.Equivalence (base.prod_relation RA RB)
cmra.prod_pcore_Some' :
forall (SI : stepindex.sidx) (A B : cmra.cmra) (x cx : cmra.cmra_car A * cmra.cmra_car B), base.equiv (cmra.pcore x) (Some cx) <-> base.equiv (cmra.pcore (fst x)) (Some (fst cx)) /\ base.equiv (cmra.pcore (snd x)) (Some (snd cx))
cmra.prod_pcore_Some :
forall (SI : stepindex.sidx) (A B : cmra.cmra) (x cx : cmra.cmra_car A * cmra.cmra_car B), cmra.pcore x = Some cx <-> cmra.pcore (fst x) = Some (fst cx) /\ cmra.pcore (snd x) = Some (snd cx)
ofe.prod_ofe_mixin :
forall (SI : stepindex.sidx) (A B : ofe.ofe), ofe.OfeMixin (ofe.ofe_car A * ofe.ofe_car B)
cmra.prod_included :
forall (SI : stepindex.sidx) (A B : cmra.cmra) (x y : cmra.cmra_car A * cmra.cmra_car B), cmra.included x y <-> cmra.included (fst x) (fst y) /\ cmra.included (snd x) (snd y)
countable.prod_decode_encode_snd :
forall p q : BinNums.positive, countable.prod_decode_snd (countable.prod_encode p q) = Some q
countable.prod_decode_encode_fst :
forall p q : BinNums.positive, countable.prod_decode_fst (countable.prod_encode p q) = Some p
countable.prod_countable_obligation_1 :
forall (A : Type) (EqDecision0 : base.RelDecision eq) (H : countable.Countable A) (B : Type) (EqDecision1 : base.RelDecision eq) (H0 : countable.Countable B) (x0 : A * B),
base.mbind (fun x : A => base.mbind (fun y : B => Some (x, y)) (base.mbind countable.decode (countable.prod_decode_snd (countable.prod_encode (countable.encode (fst x0)) (countable.encode (snd x0))))))
  (base.mbind countable.decode (countable.prod_decode_fst (countable.prod_encode (countable.encode (fst x0)) (countable.encode (snd x0))))) =
Some x0
cmra.prod_cmra_mixin :
forall (SI : stepindex.sidx) (A B : cmra.cmra), cmra.CmraMixin (cmra.cmra_car A * cmra.cmra_car B)
BinInt.Z.pred_succ :
forall n : BinNums.Z, BinInt.Z.pred (BinInt.Z.succ n) = n
BinPos.Pos.pred_succ :
forall p : BinNums.positive, BinPos.Pos.pred (BinPos.Pos.succ p) = p
PeanoNat.Nat.pred_succ :
forall n : nat, PeanoNat.Nat.pred (S n) = n
BinNat.N.pred_succ :
forall n : BinNums.N, BinNat.N.pred (BinNat.N.succ n) = n
BinInt.Z.pred_inj_wd :
forall n1 n2 : BinNums.Z, BinInt.Z.pred n1 = BinInt.Z.pred n2 <-> n1 = n2
BinInt.Z.pred_inj :
forall n m : BinNums.Z, BinInt.Z.pred n = BinInt.Z.pred m -> n = m
BinPos.Pos.pred_double_succ :
forall p : BinNums.positive, BinPos.Pos.pred_double (BinPos.Pos.succ p) = BinNums.xI p
BinNat.N.pred_div2_up :
forall p : BinNums.positive, BinPos.Pos.pred_N (BinPos.Pos.div2_up p) = BinNat.N.div2 (BinPos.Pos.pred_N p)
BinPos.Pos.pred_N_succ :
forall p : BinNums.positive, BinPos.Pos.pred_N (BinPos.Pos.succ p) = BinNums.Npos p
PeanoNat.Nat.pred_0 :
PeanoNat.Nat.pred 0 = 0
BinNat.N.pred_0 :
BinNat.N.pred BinNums.N0 = BinNums.N0
BinInt.Z.pow_succ_r :
forall n m : BinNums.Z, BinInt.Z.le BinNums.Z0 m -> BinInt.Z.pow n (BinInt.Z.succ m) = BinInt.Z.mul n (BinInt.Z.pow n m)
BinPos.Pos.pow_succ_r :
forall p q : BinNums.positive, BinPos.Pos.pow p (BinPos.Pos.succ q) = BinPos.Pos.mul p (BinPos.Pos.pow p q)
numbers.Z.pow_pred_r :
forall n m : BinNums.Z, BinInt.Z.lt BinNums.Z0 m -> BinInt.Z.mul n (BinInt.Z.pow n (BinInt.Z.pred m)) = BinInt.Z.pow n m
Ring_theory.pow_pos_swap :
forall (R : Type) (rmul : R -> R -> R) (req : R -> R -> Prop),
RelationClasses.Equivalence req ->
Morphisms.Proper (Morphisms.respectful req (Morphisms.respectful req req)) rmul -> (forall x y z : R, req (rmul x (rmul y z)) (rmul (rmul x y) z)) -> forall (x : R) (j : BinNums.positive), req (rmul (Ring_theory.pow_pos rmul x j) x) (rmul x (Ring_theory.pow_pos rmul x j))
Ring_theory.pow_pos_succ :
forall (R : Type) (rmul : R -> R -> R) (req : R -> R -> Prop),
RelationClasses.Equivalence req ->
Morphisms.Proper (Morphisms.respectful req (Morphisms.respectful req req)) rmul -> (forall x y z : R, req (rmul x (rmul y z)) (rmul (rmul x y) z)) -> forall (x : R) (j : BinNums.positive), req (Ring_theory.pow_pos rmul x (BinPos.Pos.succ j)) (rmul x (Ring_theory.pow_pos rmul x j))
BinInt.Z.pow_pos_nonneg :
forall a b : BinNums.Z, BinInt.Z.lt BinNums.Z0 a -> BinInt.Z.le BinNums.Z0 b -> BinInt.Z.lt BinNums.Z0 (BinInt.Z.pow a b)
Ring_theory.pow_pos_add :
forall (R : Type) (rmul : R -> R -> R) (req : R -> R -> Prop),
RelationClasses.Equivalence req ->
Morphisms.Proper (Morphisms.respectful req (Morphisms.respectful req req)) rmul ->
(forall x y z : R, req (rmul x (rmul y z)) (rmul (rmul x y) z)) -> forall (x : R) (i j : BinNums.positive), req (Ring_theory.pow_pos rmul x (BinPos.Pos.add i j)) (rmul (Ring_theory.pow_pos rmul x i) (Ring_theory.pow_pos rmul x j))
Ring_polynom.pow_pos_add :
forall (R : Type) (rO rI : R) (radd rmul rsub : R -> R -> R) (ropp : R -> R) (req : R -> R -> Prop),
RelationClasses.Equivalence req ->
Ring_theory.ring_eq_ext radd rmul ropp req -> Ring_theory.almost_ring_theory rO rI radd rmul rsub ropp req -> forall (x : R) (i j : BinNums.positive), req (Ring_theory.pow_pos rmul x (BinPos.Pos.add j i)) (rmul (Ring_theory.pow_pos rmul x i) (Ring_theory.pow_pos rmul x j))
EnvRing.pow_pos_add :
forall (R : Type) (rO rI : R) (radd rmul rsub : R -> R -> R) (ropp : R -> R) (req : R -> R -> Prop),
RelationClasses.Equivalence req ->
Ring_theory.ring_eq_ext radd rmul ropp req -> Ring_theory.almost_ring_theory rO rI radd rmul rsub ropp req -> forall (x : R) (i j : BinNums.positive), req (Ring_theory.pow_pos rmul x (BinPos.Pos.add j i)) (rmul (Ring_theory.pow_pos rmul x i) (Ring_theory.pow_pos rmul x j))
BinInt.Z.pow_nonzero :
forall a b : BinNums.Z, a <> BinNums.Z0 -> BinInt.Z.le BinNums.Z0 b -> BinInt.Z.pow a b <> BinNums.Z0
BinInt.Z.pow_nonneg :
forall a b : BinNums.Z, BinInt.Z.le BinNums.Z0 a -> BinInt.Z.le BinNums.Z0 (BinInt.Z.pow a b)
BinInt.Z.pow_neg_r :
forall n m : BinNums.Z, BinInt.Z.lt m BinNums.Z0 -> BinInt.Z.pow n m = BinNums.Z0
BinInt.Z.pow_lt_mono_r_iff :
forall a b c : BinNums.Z, BinInt.Z.lt (BinNums.Zpos BinNums.xH) a -> BinInt.Z.le BinNums.Z0 c -> BinInt.Z.lt b c <-> BinInt.Z.lt (BinInt.Z.pow a b) (BinInt.Z.pow a c)
BinInt.Z.pow_lt_mono_r :
forall a b c : BinNums.Z, BinInt.Z.lt (BinNums.Zpos BinNums.xH) a -> BinInt.Z.le BinNums.Z0 c -> BinInt.Z.lt b c -> BinInt.Z.lt (BinInt.Z.pow a b) (BinInt.Z.pow a c)
BinInt.Z.pow_lt_mono_l :
forall a b c : BinNums.Z, BinInt.Z.lt BinNums.Z0 c -> BinInt.Z.le BinNums.Z0 a /\ BinInt.Z.lt a b -> BinInt.Z.lt (BinInt.Z.pow a c) (BinInt.Z.pow b c)
BinInt.Z.pow_le_mono_r_iff :
forall a b c : BinNums.Z, BinInt.Z.lt (BinNums.Zpos BinNums.xH) a -> BinInt.Z.le BinNums.Z0 c -> BinInt.Z.le b c <-> BinInt.Z.le (BinInt.Z.pow a b) (BinInt.Z.pow a c)
BinInt.Z.pow_le_mono_r :
forall a b c : BinNums.Z, BinInt.Z.lt BinNums.Z0 a -> BinInt.Z.le b c -> BinInt.Z.le (BinInt.Z.pow a b) (BinInt.Z.pow a c)
BinInt.Z.pow_gt_lin_r :
forall a b : BinNums.Z, BinInt.Z.lt (BinNums.Zpos BinNums.xH) a -> BinInt.Z.le BinNums.Z0 b -> BinInt.Z.lt b (BinInt.Z.pow a b)
BinInt.Z.pow_gt_1 :
forall a b : BinNums.Z, BinInt.Z.lt (BinNums.Zpos BinNums.xH) a -> BinInt.Z.lt BinNums.Z0 b <-> BinInt.Z.lt (BinNums.Zpos BinNums.xH) (BinInt.Z.pow a b)
BinInt.Z.pow_eq_0 :
forall a b : BinNums.Z, BinInt.Z.le BinNums.Z0 b -> BinInt.Z.pow a b = BinNums.Z0 -> a = BinNums.Z0
BinInt.Z.pow_add_r :
forall a b c : BinNums.Z, BinInt.Z.le BinNums.Z0 b -> BinInt.Z.le BinNums.Z0 c -> BinInt.Z.pow a (BinInt.Z.add b c) = BinInt.Z.mul (BinInt.Z.pow a b) (BinInt.Z.pow a c)
Ring_theory.pow_N_pow_N :
forall (R : Type) (rI : R) (rmul : R -> R -> R) (req : R -> R -> Prop), RelationClasses.Equivalence req -> forall (x : R) (n : BinNums.N), req (Ring_theory.pow_N rI rmul x (Ring_theory.id_phi_N n)) (Ring_theory.pow_N rI rmul x n)
BinInt.Z.pow_1_l :
forall a : BinNums.Z, BinInt.Z.le BinNums.Z0 a -> BinInt.Z.pow (BinNums.Zpos BinNums.xH) a = BinNums.Zpos BinNums.xH
BinInt.Z.pow_0_r :
forall n : BinNums.Z, BinInt.Z.pow n BinNums.Z0 = BinNums.Zpos BinNums.xH
list_misc.positives_unflatten_go_app :
forall (p suffix : BinNums.positive) (xs : list BinNums.positive) (acc : BinNums.positive), list_misc.positives_unflatten_go (numbers.Pos.app suffix (numbers.Pos.reverse (numbers.Pos.dup p))) xs acc = list_misc.positives_unflatten_go suffix xs (numbers.Pos.app acc p)
list_misc.positives_unflatten_flatten_go :
forall (suffix : BinNums.positive) (xs acc : list BinNums.positive), list_misc.positives_unflatten_go (numbers.Pos.app suffix (list_misc.positives_flatten_go xs BinNums.xH)) acc BinNums.xH = list_misc.positives_unflatten_go suffix (xs ++ acc) BinNums.xH
list_misc.positives_unflatten_flatten :
forall xs : list BinNums.positive, list_misc.positives_unflatten (list_misc.positives_flatten xs) = Some xs
list_misc.positives_flatten_go_app :
forall (xs : list BinNums.positive) (acc : BinNums.positive), list_misc.positives_flatten_go xs acc = numbers.Pos.app acc (list_misc.positives_flatten_go xs BinNums.xH)
Znat.positive_nat_Z :
forall p : BinNums.positive, BinInt.Z.of_nat (BinPos.Pos.to_nat p) = BinNums.Zpos p
Znat.positive_nat_N :
forall p : BinNums.positive, BinNat.N.of_nat (BinPos.Pos.to_nat p) = BinNums.Npos p
numbers.pos_to_Qp_obligation_1 :
forall n : BinNums.positive, Qcanon.Qclt (Qcanon.Q2Qc {| QArith_base.Qnum := BinNums.Z0; QArith_base.Qden := BinNums.xH |}) (numbers.Qc_of_Z (BinNums.Zpos n))
BinInt.Z.pos_sub_spec :
forall p q : BinNums.positive, BinInt.Z.pos_sub p q = match BinPos.Pos.compare p q with
                                                      | Eq => BinNums.Z0
                                                      | Lt => BinNums.Zneg (BinPos.Pos.sub q p)
                                                      | Gt => BinNums.Zpos (BinPos.Pos.sub p q)
                                                      end
BinInt.Z.pos_sub_opp :
forall p q : BinNums.positive, BinInt.Z.opp (BinInt.Z.pos_sub p q) = BinInt.Z.pos_sub q p
BinInt.Z.pos_sub_lt :
forall p q : BinNums.positive, BinPos.Pos.lt p q -> BinInt.Z.pos_sub p q = BinNums.Zneg (BinPos.Pos.sub q p)
BinInt.Z.pos_sub_gt :
forall p q : BinNums.positive, BinPos.Pos.lt q p -> BinInt.Z.pos_sub p q = BinNums.Zpos (BinPos.Pos.sub p q)
BinInt.Z.pos_sub_discr :
forall p q : BinNums.positive, match BinInt.Z.pos_sub p q with
                               | BinNums.Z0 => p = q
                               | BinNums.Zpos k => p = BinPos.Pos.add q k
                               | BinNums.Zneg k => q = BinPos.Pos.add p k
                               end
BinInt.Z.pos_sub_diag :
forall p : BinNums.positive, BinInt.Z.pos_sub p p = BinNums.Z0
BinInt.Z.Private_BootStrap.pos_sub_add :
forall p q r : BinNums.positive, BinInt.Z.pos_sub (BinPos.Pos.add p q) r = BinInt.Z.add (BinNums.Zpos p) (BinInt.Z.pos_sub q r)
BinNat.N.pos_pred_succ :
forall n : BinNums.N, BinPos.Pos.pred_N (BinNat.N.succ_pos n) = n
BinNat.N.pos_pred_shiftl_low :
forall (p : BinNums.positive) (n m : BinNums.N), BinNat.N.lt m n -> BinNat.N.testbit (BinPos.Pos.pred_N (BinPos.Pos.shiftl p n)) m = true
BinNat.N.pos_pred_shiftl_high :
forall (p : BinNums.positive) (n m : BinNums.N), BinNat.N.le n m -> BinNat.N.testbit (BinPos.Pos.pred_N (BinPos.Pos.shiftl p n)) m = BinNat.N.testbit (BinNat.N.shiftl (BinPos.Pos.pred_N p) n) m
BinNat.N.pos_lxor_spec :
forall (p p' : BinNums.positive) (n : BinNums.N), BinNat.N.testbit (BinPos.Pos.lxor p p') n = xorb (BinPos.Pos.testbit p n) (BinPos.Pos.testbit p' n)
BinNat.N.pos_lor_spec :
forall (p p' : BinNums.positive) (n : BinNums.N), BinPos.Pos.testbit (BinPos.Pos.lor p p') n = (BinPos.Pos.testbit p n || BinPos.Pos.testbit p' n)%bool
BinNat.N.pos_ldiff_spec :
forall (p p' : BinNums.positive) (n : BinNums.N), BinNat.N.testbit (BinPos.Pos.ldiff p p') n = (BinPos.Pos.testbit p n && negb (BinPos.Pos.testbit p' n))%bool
BinNat.N.pos_land_spec :
forall (p p' : BinNums.positive) (n : BinNums.N), BinNat.N.testbit (BinPos.Pos.land p p') n = (BinPos.Pos.testbit p n && BinPos.Pos.testbit p' n)%bool
BinInt.Pos2Z.pos_is_pos :
forall p : BinNums.positive, BinInt.Z.lt BinNums.Z0 (BinNums.Zpos p)
BinNat.N.pos_div_eucl_spec :
forall (a : BinNums.positive) (b : BinNums.N), let (q, r) := BinNat.N.pos_div_eucl a b in BinNums.Npos a = BinNat.N.add (BinNat.N.mul q b) r
BinInt.Z.pos_div_eucl_eq :
forall (a : BinNums.positive) (b : BinNums.Z), BinInt.Z.lt BinNums.Z0 b -> let (q, r) := BinInt.Z.pos_div_eucl a b in BinNums.Zpos a = BinInt.Z.add (BinInt.Z.mul q b) r
BinInt.Z.pos_div_eucl_bound :
forall (a : BinNums.positive) (b : BinNums.Z), BinInt.Z.lt BinNums.Z0 b -> BinInt.Z.le BinNums.Z0 (snd (BinInt.Z.pos_div_eucl a b)) /\ BinInt.Z.lt (snd (BinInt.Z.pos_div_eucl a b)) b
ZMicromega.pop2_bop2 :
forall (op : RingMicromega.Op2) (q1 q2 : BinNums.Z), is_true (ZMicromega.Zeval_bop2 op q1 q2) <-> ZMicromega.Zeval_pop2 op q1 q2
plus_n_Sm :
forall n m : nat, S (n + m) = n + S m
plus_n_O :
forall n : nat, n = n + 0
plus_Sn_m :
forall n m : nat, S n + m = S (n + m)
Ring_theory.phi_ext1_Proper :
forall (R : Type) (req : R -> R -> Prop) (C : Type) (ceq : C -> C -> Prop) (phi : C -> R), (forall x y : C, ceq x y -> req (phi x) (phi y)) -> Morphisms.Proper (Morphisms.respectful ceq req) phi
RingMicromega.pexpr_times_nformula_correct :
forall (R : Type) (rO rI : R) (rplus rtimes rminus : R -> R -> R) (ropp : R -> R) (req rle rlt : R -> R -> Prop),
OrderedRing.SOR rO rI rplus rtimes rminus ropp req rle rlt ->
forall (C : Type) (cO cI : C) (cplus ctimes cminus : C -> C -> C) (copp : C -> C) (ceqb cleb : C -> C -> bool) (phi : C -> R) (E : Type) (pow_phi : BinNums.N -> E) (rpow : R -> E -> R),
RingMicromega.SORaddon rO rI rplus rtimes rminus ropp req rle cO cI cplus ctimes cminus copp ceqb cleb phi pow_phi rpow ->
forall (env : RingMicromega.PolEnv R) (e : RingMicromega.PolC C) (f f' : RingMicromega.NFormula C),
RingMicromega.eval_nformula rO rplus rtimes req rle rlt phi env f -> RingMicromega.pexpr_times_nformula cO cI cplus ctimes ceqb e f = Some f' -> RingMicromega.eval_nformula rO rplus rtimes req rle rlt phi env f'
Morphisms.per_partial_app_morphism_obligation_1 :
forall (A : Type) (R : Relation_Definitions.relation A), RelationClasses.PER R -> forall x : A, Morphisms.respectful R iff (R x) (R x)
BinInt.Z.peano_ind :
forall P : BinNums.Z -> Prop, P BinNums.Z0 -> (forall x : BinNums.Z, P x -> P (BinInt.Z.succ x)) -> (forall x : BinNums.Z, P x -> P (BinInt.Z.pred x)) -> forall z : BinNums.Z, P z
fin_maps.partial_alter_compose :
forall (K : Type) (M : Type -> Type) (H : base.FMap M) (H0 : forall A : Type, base.Lookup K A (M A)) (H1 : forall A : Type, base.Empty (M A)) (H2 : forall A : Type, base.PartialAlter K A (M A)) (H3 : base.OMap M) (H4 : base.Merge M) (H5 : forall A : Type, fin_maps.MapFold K A (M A))
  (EqDecision0 : base.RelDecision eq),
fin_maps.FinMap K M -> forall (A : Type) (f g : option A -> option A) (m : M A) (i : K), base.partial_alter (Basics.compose f g) i m = base.partial_alter f i (base.partial_alter g i m)
base.pair_proper' :
forall (A : Type) (RA : Relation_Definitions.relation A) (B : Type) (RB : Relation_Definitions.relation B), Morphisms.Proper (Morphisms.respectful RA (Morphisms.respectful RB (base.prod_relation RA RB))) pair
cmra.pair_pcore :
forall (SI : stepindex.sidx) (A B : cmra.cmra) (a : cmra.cmra_car A) (b : cmra.cmra_car B), cmra.pcore (a, b) = base.mbind (fun c1 : cmra.cmra_car A => base.mbind (fun c2 : cmra.cmra_car B => Some (c1, c2)) (cmra.pcore b)) (cmra.pcore a)
base.pair_inj :
forall A B : Type, base.Inj2 eq eq eq pair
BinInt.Z.order_induction_0 :
forall A : BinNums.Z -> Prop, Morphisms.Proper (Morphisms.respectful eq iff) A -> A BinNums.Z0 -> (forall n : BinNums.Z, BinInt.Z.le BinNums.Z0 n -> A n -> A (BinInt.Z.succ n)) -> (forall n : BinNums.Z, BinInt.Z.lt n BinNums.Z0 -> A (BinInt.Z.succ n) -> A n) -> forall n : BinNums.Z, A n
BinInt.Z.order_induction :
forall A : BinNums.Z -> Prop, Morphisms.Proper (Morphisms.respectful eq iff) A -> forall z : BinNums.Z, A z -> (forall n : BinNums.Z, BinInt.Z.le z n -> A n -> A (BinInt.Z.succ n)) -> (forall n : BinNums.Z, BinInt.Z.lt n z -> A (BinInt.Z.succ n) -> A n) -> forall n : BinNums.Z, A n
Bool.orb_true_iff :
forall b1 b2 : bool, (b1 || b2)%bool = true <-> b1 = true \/ b2 = true
Bool.orb_false_r :
forall b : bool, (b || false)%bool = b
Bool.orb_false_iff :
forall b1 b2 : bool, (b1 || b2)%bool = false <-> b1 = false /\ b2 = false
Bool.orb_false_elim :
forall b1 b2 : bool, (b1 || b2)%bool = false -> b1 = false /\ b2 = false
Bool.orb_comm :
forall b1 b2 : bool, (b1 || b2)%bool = (b2 || b1)%bool
ZifyClasses.or_morph :
forall s1 s2 t1 t2 : Prop, s1 <-> t1 -> s2 <-> t2 -> s1 \/ s2 <-> t1 \/ t2
or_iff_compat_r :
forall A B C : Prop, B <-> C -> B \/ A <-> C \/ A
or_comm :
forall A B : Prop, A \/ B <-> B \/ A
Tauto.or_cnf_opt_correct :
forall (Env Term' Annot : Type) (unsat : Term' -> bool) (deduce : Term' -> Term' -> option Term') (eval' : Env -> Term' -> Prop),
(forall (env : Env) (d : Term'), eval' env d \/ ~ eval' env d) ->
(forall t : Term', unsat t = true -> forall env : Env, eval' env t -> False) ->
(forall t t' u : Term', deduce t t' = Some u -> forall env : Env, eval' env t -> eval' env t' -> eval' env u) -> forall (env : Env) (f f' : Tauto.cnf Term' Annot), Tauto.eval_cnf eval' env (Tauto.or_cnf_opt unsat deduce f f') <-> Tauto.eval_cnf eval' env (Tauto.or_cnf unsat deduce f f')
Tauto.or_cnf_opt_cnf_ff_r :
forall (Term' Annot : Type) (unsat : Term' -> bool) (deduce : Term' -> Term' -> option Term') (f : Tauto.cnf Term' Annot), Tauto.or_cnf_opt unsat deduce f (Tauto.cnf_ff Term' Annot) = f
Tauto.or_cnf_opt_cnf_ff :
forall (Term' Annot : Type) (unsat : Term' -> bool) (deduce : Term' -> Term' -> option Term') (f : Tauto.cnf Term' Annot), Tauto.or_cnf_opt unsat deduce (Tauto.cnf_ff Term' Annot) f = f
Tauto.or_cnf_correct :
forall (Env Term' Annot : Type) (unsat : Term' -> bool) (deduce : Term' -> Term' -> option Term') (eval' : Env -> Term' -> Prop),
(forall (env : Env) (d : Term'), eval' env d \/ ~ eval' env d) ->
(forall t : Term', unsat t = true -> forall env : Env, eval' env t -> False) ->
(forall t t' u : Term', deduce t t' = Some u -> forall env : Env, eval' env t -> eval' env t' -> eval' env u) -> forall (env : Env) (f f' : Tauto.cnf Term' Annot), Tauto.eval_cnf eval' env (Tauto.or_cnf unsat deduce f f') <-> Tauto.eval_cnf eval' env f \/ Tauto.eval_cnf eval' env f'
Tauto.or_clause_correct :
forall (Env Term' Annot : Type) (unsat : Term' -> bool) (deduce : Term' -> Term' -> option Term') (eval' : Env -> Term' -> Prop),
(forall (env : Env) (d : Term'), eval' env d \/ ~ eval' env d) ->
(forall t : Term', unsat t = true -> forall env : Env, eval' env t -> False) ->
(forall t t' u : Term', deduce t t' = Some u -> forall env : Env, eval' env t -> eval' env t' -> eval' env u) ->
forall (cl cl' : Tauto.clause Term' Annot) (env : Env), Tauto.eval_opt_clause eval' env (Tauto.or_clause unsat deduce cl cl') <-> Tauto.eval_clause eval' env cl \/ Tauto.eval_clause eval' env cl'
Tauto.or_clause_cnf_correct :
forall (Env Term' Annot : Type) (unsat : Term' -> bool) (deduce : Term' -> Term' -> option Term') (eval' : Env -> Term' -> Prop),
(forall (env : Env) (d : Term'), eval' env d \/ ~ eval' env d) ->
(forall t : Term', unsat t = true -> forall env : Env, eval' env t -> False) ->
(forall t t' u : Term', deduce t t' = Some u -> forall env : Env, eval' env t -> eval' env t' -> eval' env u) ->
forall (env : Env) (t : Tauto.clause Term' Annot) (f : Tauto.cnf Term' Annot), Tauto.eval_cnf eval' env (Tauto.or_clause_cnf unsat deduce t f) <-> Tauto.eval_clause eval' env t \/ Tauto.eval_cnf eval' env f
or_cancel_r :
forall A B C : Prop, (B -> ~ A) -> (C -> ~ A) -> (B \/ A <-> C \/ A) <-> (B <-> C)
cmra.option_ucmra_mixin :
forall (SI : stepindex.sidx) (A : cmra.cmra), cmra.UcmraMixin (cmra.cmra_car (cmra.optionR A))
ofe.option_ofe_mixin :
forall (SI : stepindex.sidx) (A : ofe.ofe), ofe.OfeMixin (option (ofe.ofe_car A))
cmra.option_included :
forall (SI : stepindex.sidx) (A : cmra.cmra) (ma mb : option (cmra.cmra_car A)), cmra.included ma mb <-> ma = None \/ (exists a b : cmra.cmra_car A, ma = Some a /\ mb = Some b /\ (base.equiv a b \/ cmra.included a b))
ofe.option_fmap_ne :
forall (SI : stepindex.sidx) (A B : ofe.ofe) (n : stepindex.sidx_car), Morphisms.Proper (Morphisms.respectful (Morphisms.respectful (ofe.dist n) (ofe.dist n)) (Morphisms.respectful (ofe.dist n) (ofe.dist n))) base.fmap
option.option_fmap_id :
forall (A : Type) (mx : option A), base.fmap id mx = mx
option.option_eq_dec_subproof3 :
forall A : Type, None = None
option.option_eq_dec_subproof2 :
forall (A : Type) (a : A), None <> Some a
option.option_eq_dec_subproof1 :
forall (A : Type) (a : A), Some a <> None
option.option_eq_dec_subproof0 :
forall (A : Type) (x y : A), x <> y -> Some x <> Some y
option.option_eq_dec_subproof :
forall (A : Type) (x y : A), x = y -> Some x = Some y
option.option_eq :
forall (A : Type) (mx my : option A), mx = my <-> (forall x : A, mx = Some x <-> my = Some x)
countable.option_countable_obligation_1 :
forall (A : Type) (EqDecision0 : base.RelDecision eq) (H : countable.Countable A) (x0 : option A),
(if
  base.decide
    ((let program_branch_0 := fun _ : None = x0 => BinNums.xH in let program_branch_1 := fun (x : A) (_ : Some x = x0) => BinPos.Pos.succ (countable.encode x) in match x0 as o' return (o' = x0 -> BinNums.positive) with
                                                                                                                                                                  | Some x => program_branch_1 x
                                                                                                                                                                  | None => program_branch_0
                                                                                                                                                                  end eq_refl) =
     BinNums.xH)
 then Some None
 else
  base.fmap Some
    (countable.decode
       (BinPos.Pos.pred
          (let program_branch_0 := fun _ : None = x0 => BinNums.xH in let program_branch_1 := fun (x : A) (_ : Some x = x0) => BinPos.Pos.succ (countable.encode x) in match x0 as o' return (o' = x0 -> BinNums.positive) with
                                                                                                                                                                       | Some x => program_branch_1 x
                                                                                                                                                                       | None => program_branch_0
                                                                                                                                                                       end eq_refl)))) =
Some x0
cmra.option_cmra_mixin :
forall (SI : stepindex.sidx) (A : cmra.cmra), cmra.CmraMixin (option (cmra.cmra_car A))
option.option_Forall2_trans :
forall (A : Type) (R : Relation_Definitions.relation A), RelationClasses.Transitive R -> RelationClasses.Transitive (option.option_Forall2 R)
option.option_Forall2_sym :
forall (A : Type) (R : Relation_Definitions.relation A), RelationClasses.Symmetric R -> RelationClasses.Symmetric (option.option_Forall2 R)
option.option_Forall2_refl :
forall (A : Type) (R : Relation_Definitions.relation A), RelationClasses.Reflexive R -> RelationClasses.Reflexive (option.option_Forall2 R)
option.option_Forall2_equiv :
forall (A : Type) (R : Relation_Definitions.relation A), RelationClasses.Equivalence R -> RelationClasses.Equivalence (option.option_Forall2 R)
BinInt.Z.opp_succ :
forall n : BinNums.Z, BinInt.Z.opp (BinInt.Z.succ n) = BinInt.Z.pred (BinInt.Z.opp n)
BinInt.Z.opp_sub_distr :
forall n m : BinNums.Z, BinInt.Z.opp (BinInt.Z.sub n m) = BinInt.Z.add (BinInt.Z.opp n) m
BinInt.Z.opp_pred :
forall n : BinNums.Z, BinInt.Z.opp (BinInt.Z.pred n) = BinInt.Z.succ (BinInt.Z.opp n)
BinInt.Z.opp_pos_neg :
forall n : BinNums.Z, BinInt.Z.lt BinNums.Z0 (BinInt.Z.opp n) <-> BinInt.Z.lt n BinNums.Z0
BinInt.Z.opp_nonpos_nonneg :
forall n : BinNums.Z, BinInt.Z.le (BinInt.Z.opp n) BinNums.Z0 <-> BinInt.Z.le BinNums.Z0 n
BinInt.Z.opp_nonneg_nonpos :
forall n : BinNums.Z, BinInt.Z.le BinNums.Z0 (BinInt.Z.opp n) <-> BinInt.Z.le n BinNums.Z0
BinInt.Z.opp_mod_bound_or :
forall a b : BinNums.Z,
b <> BinNums.Z0 -> BinInt.Z.le BinNums.Z0 (BinInt.Z.opp (BinInt.Z.modulo a b)) /\ BinInt.Z.lt (BinInt.Z.opp (BinInt.Z.modulo a b)) (BinInt.Z.opp b) \/ BinInt.Z.lt (BinInt.Z.opp b) (BinInt.Z.opp (BinInt.Z.modulo a b)) /\ BinInt.Z.le (BinInt.Z.opp (BinInt.Z.modulo a b)) BinNums.Z0
BinInt.Z.opp_lt_mono :
forall n m : BinNums.Z, BinInt.Z.lt n m <-> BinInt.Z.lt (BinInt.Z.opp m) (BinInt.Z.opp n)
BinInt.Z.opp_le_mono :
forall n m : BinNums.Z, BinInt.Z.le n m <-> BinInt.Z.le (BinInt.Z.opp m) (BinInt.Z.opp n)
BinInt.Z.opp_involutive :
forall n : BinNums.Z, BinInt.Z.opp (BinInt.Z.opp n) = n
BinInt.Z.opp_inj_wd :
forall n m : BinNums.Z, BinInt.Z.opp n = BinInt.Z.opp m <-> n = m
BinInt.Z.opp_inj :
forall n m : BinNums.Z, BinInt.Z.opp n = BinInt.Z.opp m -> n = m
BinInt.Z.Private_BootStrap.opp_inj :
forall n m : BinNums.Z, BinInt.Z.opp n = BinInt.Z.opp m -> n = m
BinInt.Z.opp_add_distr :
forall n m : BinNums.Z, BinInt.Z.opp (BinInt.Z.add n m) = BinInt.Z.add (BinInt.Z.opp n) (BinInt.Z.opp m)
BinInt.Z.Private_BootStrap.opp_add_distr :
forall n m : BinNums.Z, BinInt.Z.opp (BinInt.Z.add n m) = BinInt.Z.add (BinInt.Z.opp n) (BinInt.Z.opp m)
BinInt.Z.opp_0 :
BinInt.Z.opp BinNums.Z0 = BinNums.Z0
cmra.op_None_left_id :
forall (SI : stepindex.sidx) (A : cmra.cmra), base.LeftId eq None cmra.op
BinInt.Z.one_succ :
BinNums.Zpos BinNums.xH = BinInt.Z.succ BinNums.Z0
PeanoNat.Nat.one_succ :
1 = 1
ofe.ofe_equivalence :
forall (SI : stepindex.sidx) (A : ofe.ofe), RelationClasses.Equivalence (base.equiv : Relation_Definitions.relation (ofe.ofe_car A))
ZifyInst.of_nat_to_nat_eq :
forall x : BinNums.Z, BinInt.Z.of_nat (BinInt.Z.to_nat x) = BinInt.Z.max BinNums.Z0 x
BinPos.Pos.of_nat_succ :
forall n : nat, BinPos.Pos.of_succ_nat n = BinPos.Pos.of_nat (S n)
BinInt.Z.odd_wd :
Morphisms.Proper (Morphisms.respectful eq eq) BinInt.Z.odd
BinInt.Z.odd_spec :
forall n : BinNums.Z, BinInt.Z.odd n = true <-> BinInt.Z.Odd n
BinInt.Z.odd_mul :
forall n m : BinNums.Z, BinInt.Z.odd (BinInt.Z.mul n m) = (BinInt.Z.odd n && BinInt.Z.odd m)%bool
BinInt.Z.odd_add_mul_even :
forall n m p : BinNums.Z, BinInt.Z.Even m -> BinInt.Z.odd (BinInt.Z.add n (BinInt.Z.mul m p)) = BinInt.Z.odd n
BinInt.Z.odd_add_mul_2 :
forall n m : BinNums.Z, BinInt.Z.odd (BinInt.Z.add n (BinInt.Z.mul (BinNums.Zpos (BinNums.xO BinNums.xH)) m)) = BinInt.Z.odd n
BinInt.Z.odd_add_even :
forall n m : BinNums.Z, BinInt.Z.Even m -> BinInt.Z.odd (BinInt.Z.add n m) = BinInt.Z.odd n
BinInt.Z.odd_add :
forall n m : BinNums.Z, BinInt.Z.odd (BinInt.Z.add n m) = xorb (BinInt.Z.odd n) (BinInt.Z.odd m)
BinInt.Z.odd_2 :
BinInt.Z.odd (BinNums.Zpos (BinNums.xO BinNums.xH)) = false
BinInt.Z.odd_1 :
BinInt.Z.odd (BinNums.Zpos BinNums.xH) = true
BinInt.Z.odd_0 :
BinInt.Z.odd BinNums.Z0 = false
rv64d_types.num_of_misaligned_exception_injective :
forall x y : rv64d_types.misaligned_exception, rv64d_types.num_of_misaligned_exception x = rv64d_types.num_of_misaligned_exception y -> x = y
rv64d_types.num_of_mem_payload_injective :
forall x y : rv64d_types.mem_payload, rv64d_types.num_of_mem_payload x = rv64d_types.num_of_mem_payload y -> x = y
rv64d_types.num_of_cbop_zicbop_injective :
forall x y : rv64d_types.cbop_zicbop, rv64d_types.num_of_cbop_zicbop x = rv64d_types.num_of_cbop_zicbop y -> x = y
rv64d_types.num_of_cbop_zicbom_injective :
forall x y : rv64d_types.cbop_zicbom, rv64d_types.num_of_cbop_zicbom x = rv64d_types.num_of_cbop_zicbom y -> x = y
rv64d_types.num_of_amoop_injective :
forall x y : rv64d_types.amoop, rv64d_types.num_of_amoop x = rv64d_types.num_of_amoop y -> x = y
rv64d_types.num_of_Splittability_injective :
forall x y : rv64d_types.Splittability, rv64d_types.num_of_Splittability x = rv64d_types.num_of_Splittability y -> x = y
rv64d_types.num_of_SATPMode_injective :
forall x y : rv64d_types.SATPMode, rv64d_types.num_of_SATPMode x = rv64d_types.num_of_SATPMode y -> x = y
rv64d_types.num_of_Reservability_injective :
forall x y : rv64d_types.Reservability, rv64d_types.num_of_Reservability x = rv64d_types.num_of_Reservability y -> x = y
rv64d_types.num_of_Privilege_injective :
forall x y : rv64d_types.Privilege, rv64d_types.num_of_Privilege x = rv64d_types.num_of_Privilege y -> x = y
rv64d_types.num_of_PmpAddrMatchType_injective :
forall x y : rv64d_types.PmpAddrMatchType, rv64d_types.num_of_PmpAddrMatchType x = rv64d_types.num_of_PmpAddrMatchType y -> x = y
rv64d_types.num_of_MemoryRegionType_injective :
forall x y : rv64d_types.MemoryRegionType, rv64d_types.num_of_MemoryRegionType x = rv64d_types.num_of_MemoryRegionType y -> x = y
rv64d_types.num_of_FeatureEnabledResult_injective :
forall x y : rv64d_types.FeatureEnabledResult, rv64d_types.num_of_FeatureEnabledResult x = rv64d_types.num_of_FeatureEnabledResult y -> x = y
rv64d_types.num_of_ExtStatus_injective :
forall x y : rv64d_types.ExtStatus, rv64d_types.num_of_ExtStatus x = rv64d_types.num_of_ExtStatus y -> x = y
rv64d_types.num_of_ExtContextPolicy_injective :
forall x y : rv64d_types.ExtContextPolicy, rv64d_types.num_of_ExtContextPolicy x = rv64d_types.num_of_ExtContextPolicy y -> x = y
rv64d_types.num_of_CSRAccessType_injective :
forall x y : rv64d_types.CSRAccessType, rv64d_types.num_of_CSRAccessType x = rv64d_types.num_of_CSRAccessType y -> x = y
rv64d_types.num_of_AtomicSupport_injective :
forall x y : rv64d_types.AtomicSupport, rv64d_types.num_of_AtomicSupport x = rv64d_types.num_of_AtomicSupport y -> x = y
Eqdep_dec.nu_left_inv_on :
forall (A : Type) (x : A) (eq_dec : forall y : A, x = y \/ x <> y) (y : A) (u : x = y),
(fun (y0 : A) (v : x = y0) => (fun (x0 y1 y' : A) (eq1 : x0 = y1) (eq2 : x0 = y') => eq_ind x0 (fun a : A => a = y') eq2 y1 eq1) x x y0 ((fun (y1 : A) (u0 : x = y1) => match eq_dec y1 with
                                                                                                                                                                        | or_introl eqxy => eqxy
                                                                                                                                                                        | or_intror neqxy => False_ind (x = y1) (neqxy u0)
                                                                                                                                                                        end) x eq_refl) v)
  y ((fun (y0 : A) (u0 : x = y0) => match eq_dec y0 with
                                    | or_introl eqxy => eqxy
                                    | or_intror neqxy => False_ind (x = y0) (neqxy u0)
                                    end) y u) =
u
Eqdep_dec.nu_constant :
forall (A : Type) (x : A) (eq_dec : forall y : A, x = y \/ x <> y) (y : A) (u v : x = y),
(fun (y0 : A) (u0 : x = y0) => match eq_dec y0 with
                               | or_introl eqxy => eqxy
                               | or_intror neqxy => False_ind (x = y0) (neqxy u0)
                               end) y u = (fun (y0 : A) (u0 : x = y0) => match eq_dec y0 with
                                                                         | or_introl eqxy => eqxy
                                                                         | or_intror neqxy => False_ind (x = y0) (neqxy u0)
                                                                         end) y v
Env.nth_spec :
forall (D : Type) (p : BinNums.positive) (l : Env.Env D), Env.nth p l = match p with
                                                                        | BinNums.xI p0 => Env.nth p0 (Env.jump p0 (Env.tail l))
                                                                        | BinNums.xO p0 => Env.nth p0 (Env.jump p0 l)
                                                                        | BinNums.xH => Env.hd l
                                                                        end
Env.nth_pred_double :
forall (D : Type) (p : BinNums.positive) (l : Env.Env D), Env.nth (BinPos.Pos.pred_double p) (Env.tail l) = Env.nth p (Env.jump p l)
BinList.nth_pred_double :
forall (A : Type) (default : A) (p : BinNums.positive) (l : list A), BinList.nth default (BinPos.Pos.pred_double p) (List.tl l) = BinList.nth default p (BinList.jump p l)
Env.nth_jump :
forall (D : Type) (p : BinNums.positive) (l : Env.Env D), Env.nth p (Env.tail l) = Env.hd (Env.jump p l)
BinList.nth_jump :
forall (A : Type) (default : A) (p : BinNums.positive) (l : list A), BinList.nth default p (List.tl l) = List.hd default (BinList.jump p l)
List.nth_in_or_default :
forall (A : Type) (n : nat) (l : list A) (d : A), {List.In (ListDef.nth n l d) l} + {ListDef.nth n l d = d}
Bool.not_true_iff_false :
forall b : bool, b <> true <-> b = false
BinInt.Z.Private_OrderTac.Tac.not_neq_eq :
forall x y : BinNums.Z, ~ x <> y -> x = y
BinPos.Pos.Private_Tac.not_neq_eq :
forall x y : BinNums.positive, ~ x <> y -> x = y
ZifyClasses.not_morph :
forall s1 t1 : Prop, s1 <-> t1 -> ~ s1 <-> ~ t1
BinInt.Z.Private_OrderTac.Tac.not_gt_le :
forall x y : BinNums.Z, ~ BinInt.Z.lt y x -> BinInt.Z.le x y
PeanoNat.Nat.Private_OrderTac.Tac.not_gt_le :
forall x y : nat, ~ y < x -> x <= y
BinNat.N.Private_OrderTac.Tac.not_gt_le :
forall x y : BinNums.N, ~ BinNat.N.lt y x -> BinNat.N.le x y
BinPos.Pos.Private_Tac.not_gt_le :
forall x y : BinNums.positive, ~ BinPos.Pos.lt y x -> BinPos.Pos.le x y
PeanoNat.Nat.Private_Tac.not_gt_le :
forall x y : nat, ~ y < x -> x <= y
BinInt.Z.Private_OrderTac.Tac.not_ge_lt :
forall x y : BinNums.Z, ~ BinInt.Z.le y x -> BinInt.Z.lt x y
PeanoNat.Nat.Private_OrderTac.Tac.not_ge_lt :
forall x y : nat, ~ y <= x -> x < y
BinNat.N.Private_OrderTac.Tac.not_ge_lt :
forall x y : BinNums.N, ~ BinNat.N.le y x -> BinNat.N.lt x y
BinPos.Pos.Private_Tac.not_ge_lt :
forall x y : BinNums.positive, ~ BinPos.Pos.le y x -> BinPos.Pos.lt x y
Bool.not_false_iff_true :
forall b : bool, b <> false <-> b = true
not_eq_sym :
forall (A : Type) (x y : A), x <> y -> y <> x
not_eq_S :
forall n m : nat, n <> m -> S n <> S m
option.not_eq_None_Some :
forall (A : Type) (mx : option A), mx <> None <-> option.is_Some mx
list_basics.not_elem_of_nil :
forall (A : Type) (x : A), ~ base.elem_of x nil
Decidable.not_and :
forall A B : Prop, Decidable.decidable A -> ~ (A /\ B) -> ~ A \/ ~ B
list_relations.not_Exists_Forall :
forall (A : Type) (P : A -> Prop), (forall x : A, base.Decision (P x)) -> forall l : list A, ~ List.Exists P l -> ListDef.Forall (Basics.compose not P) l
ZMicromega.normalise_correct :
forall (T : Type) (env : RingMicromega.PolEnv BinNums.Z) (t : RingMicromega.Formula BinNums.Z) (tg : T), Tauto.eval_cnf ZMicromega.eval_nformula env (ZMicromega.normalise t tg) <-> ZMicromega.Zeval_formula env Tauto.isProp t
Ring_polynom.norm_subst_spec :
forall (R : Type) (rO rI : R) (radd rmul rsub : R -> R -> R) (ropp : R -> R) (req : R -> R -> Prop),
RelationClasses.Equivalence req ->
Ring_theory.ring_eq_ext radd rmul ropp req ->
Ring_theory.almost_ring_theory rO rI radd rmul rsub ropp req ->
forall (C : Type) (cO cI : C) (cadd cmul csub : C -> C -> C) (copp : C -> C) (ceqb : C -> C -> bool) (phi : C -> R),
Ring_theory.ring_morph rO rI radd rmul rsub ropp req cO cI cadd cmul csub copp ceqb phi ->
forall (Cpow : Type) (Cp_phi : BinNums.N -> Cpow) (rpow : R -> Cpow -> R),
Ring_theory.power_theory rI rmul req Cp_phi rpow ->
forall cdiv : C -> C -> C * C,
Ring_theory.div_theory req cadd cmul phi cdiv ->
forall (n : nat) (lmp : list (C * Ring_polynom.Mon * Ring_polynom.Pol C)) (l : list R) (pe : Ring_polynom.PExpr C),
Ring_polynom.MPcond rO rI radd rmul req phi lmp l -> req (Ring_polynom.PEeval rO rI radd rmul rsub ropp phi Cp_phi rpow l pe) (Ring_polynom.Pphi rO radd rmul phi l (Ring_polynom.norm_subst cO cI cadd cmul csub copp ceqb cdiv n lmp pe))
Ring_polynom.norm_subst_ok :
forall (R : Type) (rO rI : R) (radd rmul rsub : R -> R -> R) (ropp : R -> R) (req : R -> R -> Prop),
RelationClasses.Equivalence req ->
Ring_theory.ring_eq_ext radd rmul ropp req ->
Ring_theory.almost_ring_theory rO rI radd rmul rsub ropp req ->
forall (C : Type) (cO cI : C) (cadd cmul csub : C -> C -> C) (copp : C -> C) (ceqb : C -> C -> bool) (phi : C -> R),
Ring_theory.ring_morph rO rI radd rmul rsub ropp req cO cI cadd cmul csub copp ceqb phi ->
forall (Cpow : Type) (Cp_phi : BinNums.N -> Cpow) (rpow : R -> Cpow -> R),
Ring_theory.power_theory rI rmul req Cp_phi rpow ->
forall cdiv : C -> C -> C * C,
Ring_theory.div_theory req cadd cmul phi cdiv ->
forall (n : nat) (l : list R) (lpe : list (Ring_polynom.PExpr C * Ring_polynom.PExpr C)) (pe : Ring_polynom.PExpr C),
Ring_polynom.interp_PElist rO rI radd rmul rsub ropp req phi Cp_phi rpow l lpe ->
req (Ring_polynom.PEeval rO rI radd rmul rsub ropp phi Cp_phi rpow l pe) (Ring_polynom.Pphi rO radd rmul phi l (Ring_polynom.norm_subst cO cI cadd cmul csub copp ceqb cdiv n (Ring_polynom.mk_monpol_list cO cI cadd cmul csub copp ceqb cdiv lpe) pe))
Ring_polynom.norm_aux_spec :
forall (R : Type) (rO rI : R) (radd rmul rsub : R -> R -> R) (ropp : R -> R) (req : R -> R -> Prop),
RelationClasses.Equivalence req ->
Ring_theory.ring_eq_ext radd rmul ropp req ->
Ring_theory.almost_ring_theory rO rI radd rmul rsub ropp req ->
forall (C : Type) (cO cI : C) (cadd cmul csub : C -> C -> C) (copp : C -> C) (ceqb : C -> C -> bool) (phi : C -> R),
Ring_theory.ring_morph rO rI radd rmul rsub ropp req cO cI cadd cmul csub copp ceqb phi ->
forall (Cpow : Type) (Cp_phi : BinNums.N -> Cpow) (rpow : R -> Cpow -> R),
Ring_theory.power_theory rI rmul req Cp_phi rpow -> forall (l : list R) (pe : Ring_polynom.PExpr C), req (Ring_polynom.PEeval rO rI radd rmul rsub ropp phi Cp_phi rpow l pe) (Ring_polynom.Pphi rO radd rmul phi l (Ring_polynom.norm_aux cO cI cadd cmul csub copp ceqb pe))
EnvRing.norm_aux_spec :
forall (R : Type) (rO rI : R) (radd rmul rsub : R -> R -> R) (ropp : R -> R) (req : R -> R -> Prop),
RelationClasses.Equivalence req ->
Ring_theory.ring_eq_ext radd rmul ropp req ->
Ring_theory.almost_ring_theory rO rI radd rmul rsub ropp req ->
forall (C : Type) (cO cI : C) (cadd cmul csub : C -> C -> C) (copp : C -> C) (ceqb : C -> C -> bool) (phi : C -> R),
Ring_theory.ring_morph rO rI radd rmul rsub ropp req cO cI cadd cmul csub copp ceqb phi ->
forall (Cpow : Type) (Cp_phi : BinNums.N -> Cpow) (rpow : R -> Cpow -> R),
Ring_theory.power_theory rI rmul req Cp_phi rpow -> forall (l : Env.Env R) (pe : EnvRing.PExpr C), req (EnvRing.PEeval radd rmul rsub ropp phi Cp_phi rpow l pe) (EnvRing.Pphi radd rmul phi l (EnvRing.norm_aux cO cI cadd cmul csub copp ceqb pe))
Ring_polynom.norm_aux_PEopp :
forall (C : Type) (cO cI : C) (cadd cmul csub : C -> C -> C) (copp : C -> C) (ceqb : C -> C -> bool) (pe : Ring_polynom.PExpr C),
match Ring_polynom.get_PEopp pe with
| Some pe' => Ring_polynom.norm_aux cO cI cadd cmul csub copp ceqb pe = Ring_polynom.Popp copp (Ring_polynom.norm_aux cO cI cadd cmul csub copp ceqb pe')
| None => True
end
EnvRing.norm_aux_PEopp :
forall (C : Type) (cO cI : C) (cadd cmul csub : C -> C -> C) (copp : C -> C) (ceqb : C -> C -> bool) (pe : EnvRing.PExpr C),
match EnvRing.get_PEopp pe with
| Some pe' => EnvRing.norm_aux cO cI cadd cmul csub copp ceqb pe = EnvRing.Popp copp (EnvRing.norm_aux cO cI cadd cmul csub copp ceqb pe')
| None => True
end
Ring_polynom.norm_aux_PEadd :
forall (C : Type) (cO cI : C) (cadd cmul csub : C -> C -> C) (copp : C -> C) (ceqb : C -> C -> bool) (pe1 pe2 : Ring_polynom.PExpr C),
Ring_polynom.norm_aux cO cI cadd cmul csub copp ceqb (Ring_polynom.PEadd pe1 pe2) =
match Ring_polynom.get_PEopp pe1 with
| Some pe1' => Ring_polynom.Psub cO cadd csub copp ceqb (Ring_polynom.norm_aux cO cI cadd cmul csub copp ceqb pe2) (Ring_polynom.norm_aux cO cI cadd cmul csub copp ceqb pe1')
| None =>
    match Ring_polynom.get_PEopp pe2 with
    | Some pe2' => Ring_polynom.Psub cO cadd csub copp ceqb (Ring_polynom.norm_aux cO cI cadd cmul csub copp ceqb pe1) (Ring_polynom.norm_aux cO cI cadd cmul csub copp ceqb pe2')
    | None => Ring_polynom.Padd cO cadd ceqb (Ring_polynom.norm_aux cO cI cadd cmul csub copp ceqb pe1) (Ring_polynom.norm_aux cO cI cadd cmul csub copp ceqb pe2)
    end
end
EnvRing.norm_aux_PEadd :
forall (C : Type) (cO cI : C) (cadd cmul csub : C -> C -> C) (copp : C -> C) (ceqb : C -> C -> bool) (pe1 pe2 : EnvRing.PExpr C),
EnvRing.norm_aux cO cI cadd cmul csub copp ceqb (EnvRing.PEadd pe1 pe2) =
match EnvRing.get_PEopp pe1 with
| Some pe1' => EnvRing.Psub cO cadd csub copp ceqb (EnvRing.norm_aux cO cI cadd cmul csub copp ceqb pe2) (EnvRing.norm_aux cO cI cadd cmul csub copp ceqb pe1')
| None =>
    match EnvRing.get_PEopp pe2 with
    | Some pe2' => EnvRing.Psub cO cadd csub copp ceqb (EnvRing.norm_aux cO cI cadd cmul csub copp ceqb pe1) (EnvRing.norm_aux cO cI cadd cmul csub copp ceqb pe2')
    | None => EnvRing.Padd cO cadd ceqb (EnvRing.norm_aux cO cI cadd cmul csub copp ceqb pe1) (EnvRing.norm_aux cO cI cadd cmul csub copp ceqb pe2)
    end
end
BinInt.Z.nlt_succ_diag_l :
forall n : BinNums.Z, ~ BinInt.Z.lt (BinInt.Z.succ n) n
PeanoNat.Nat.nlt_succ_diag_l :
forall n : nat, ~ S n < n
BinNat.N.nlt_succ_diag_l :
forall n : BinNums.N, ~ BinNat.N.lt (BinNat.N.succ n) n
BinInt.Z.nlt_ge :
forall n m : BinNums.Z, ~ BinInt.Z.lt n m <-> BinInt.Z.le m n
BinPos.Pos.nlt_1_r :
forall p : BinNums.positive, ~ BinPos.Pos.lt p BinNums.xH
PeanoNat.Nat.nlt_0_r :
forall n : nat, ~ n < 0
BinInt.Z.nle_succ_diag_l :
forall n : BinNums.Z, ~ BinInt.Z.le (BinInt.Z.succ n) n
PeanoNat.Nat.nle_succ_diag_l :
forall n : nat, ~ S n <= n
BinNat.N.nle_succ_diag_l :
forall n : BinNums.N, ~ BinNat.N.le (BinNat.N.succ n) n
PeanoNat.Nat.nle_succ_0 :
forall n : nat, ~ S n <= 0
BinInt.Z.nle_gt :
forall n m : BinNums.Z, ~ BinInt.Z.le n m <-> BinInt.Z.lt m n
RingMicromega.nformula_times_nformula_correct :
forall (R : Type) (rO rI : R) (rplus rtimes rminus : R -> R -> R) (ropp : R -> R) (req rle rlt : R -> R -> Prop),
OrderedRing.SOR rO rI rplus rtimes rminus ropp req rle rlt ->
forall (C : Type) (cO cI : C) (cplus ctimes cminus : C -> C -> C) (copp : C -> C) (ceqb cleb : C -> C -> bool) (phi : C -> R) (E : Type) (pow_phi : BinNums.N -> E) (rpow : R -> E -> R),
RingMicromega.SORaddon rO rI rplus rtimes rminus ropp req rle cO cI cplus ctimes cminus copp ceqb cleb phi pow_phi rpow ->
forall (env : RingMicromega.PolEnv R) (f1 f2 f : RingMicromega.NFormula C),
RingMicromega.eval_nformula rO rplus rtimes req rle rlt phi env f1 -> RingMicromega.eval_nformula rO rplus rtimes req rle rlt phi env f2 -> RingMicromega.nformula_times_nformula cO cI cplus ctimes ceqb f1 f2 = Some f -> RingMicromega.eval_nformula rO rplus rtimes req rle rlt phi env f
RingMicromega.nformula_plus_nformula_correct :
forall (R : Type) (rO rI : R) (rplus rtimes rminus : R -> R -> R) (ropp : R -> R) (req rle rlt : R -> R -> Prop),
OrderedRing.SOR rO rI rplus rtimes rminus ropp req rle rlt ->
forall (C : Type) (cO cI : C) (cplus ctimes cminus : C -> C -> C) (copp : C -> C) (ceqb cleb : C -> C -> bool) (phi : C -> R) (E : Type) (pow_phi : BinNums.N -> E) (rpow : R -> E -> R),
RingMicromega.SORaddon rO rI rplus rtimes rminus ropp req rle cO cI cplus ctimes cminus copp ceqb cleb phi pow_phi rpow ->
forall (env : RingMicromega.PolEnv R) (f1 f2 f : RingMicromega.NFormula C),
RingMicromega.eval_nformula rO rplus rtimes req rle rlt phi env f1 -> RingMicromega.eval_nformula rO rplus rtimes req rle rlt phi env f2 -> RingMicromega.nformula_plus_nformula cO cplus ceqb f1 f2 = Some f -> RingMicromega.eval_nformula rO rplus rtimes req rle rlt phi env f
BinInt.Z.neq_sym :
forall n m : BinNums.Z, n <> m -> m <> n
BinInt.Z.Private_OrderTac.Tac.neq_sym :
forall x y : BinNums.Z, x <> y -> y <> x
BinInt.Z.neq_succ_diag_l :
forall n : BinNums.Z, BinInt.Z.succ n <> n
PeanoNat.Nat.neq_succ_diag_l :
forall n : nat, S n <> n
BinNat.N.neq_succ_diag_l :
forall n : BinNums.N, BinNat.N.succ n <> n
PeanoNat.Nat.neq_succ_0 :
forall n : nat, S n <> 0
BinNat.N.neq_succ_0 :
forall n : BinNums.N, BinNat.N.succ n <> BinNums.N0
BinInt.Z.Private_OrderTac.Tac.neq_eq :
forall x y z : BinNums.Z, x <> y -> y = z -> x <> z
BinPos.Pos.Private_Tac.neq_eq :
forall x y z : BinNums.positive, x <> y -> y = z -> x <> z
Bool.negb_xorb_r :
forall b b' : bool, negb (xorb b b') = xorb b (negb b')
Bool.negb_xorb_l :
forall b b' : bool, negb (xorb b b') = xorb (negb b) b'
Bool.negb_true_iff :
forall b : bool, negb b = true <-> b = false
Bool.negb_sym :
forall b b' : bool, b' = negb b -> b = negb b'
Bool.negb_orb :
forall b1 b2 : bool, negb (b1 || b2) = (negb b1 && negb b2)%bool
BinInt.Z.negb_odd :
forall n : BinNums.Z, negb (BinInt.Z.odd n) = BinInt.Z.even n
Bool.negb_involutive :
forall b : bool, negb (negb b) = b
Bool.negb_false_iff :
forall b : bool, negb b = false <-> b = true
BinInt.Z.negb_even :
forall n : BinNums.Z, negb (BinInt.Z.even n) = BinInt.Z.odd n
Bool.negb_andb :
forall b1 b2 : bool, negb (b1 && b2) = (negb b1 || negb b2)%bool
ZMicromega.negate_correct :
forall (T : Type) (env : RingMicromega.PolEnv BinNums.Z) (t : RingMicromega.Formula BinNums.Z) (tg : T), Tauto.eval_cnf ZMicromega.eval_nformula env (ZMicromega.negate t tg) <-> ~ ZMicromega.Zeval_formula env Tauto.isProp t
BinInt.Z.neg_pos_cases :
forall n : BinNums.Z, n <> BinNums.Z0 <-> BinInt.Z.lt n BinNums.Z0 \/ BinInt.Z.lt BinNums.Z0 n
ofe.ne_proper_2 :
forall (SI : stepindex.sidx) (A B C : ofe.ofe) (f : ofe.ofe_car A -> ofe.ofe_car B -> ofe.ofe_car C),
(forall n : stepindex.sidx_car, Morphisms.Proper (Morphisms.respectful (ofe.dist n) (Morphisms.respectful (ofe.dist n) (ofe.dist n))) f) -> Morphisms.Proper (Morphisms.respectful base.equiv (Morphisms.respectful base.equiv base.equiv)) f
ofe.ne_proper :
forall (SI : stepindex.sidx) (A B : ofe.ofe) (f : ofe.ofe_car A -> ofe.ofe_car B), (forall n : stepindex.sidx_car, Morphisms.Proper (Morphisms.respectful (ofe.dist n) (ofe.dist n)) f) -> Morphisms.Proper (Morphisms.respectful base.equiv base.equiv) f
stepindex_finite.nat_sidx_mixin :
stepindex.SIdxMixin lt le 0 S
MachineWord.MachineWord.nat_idx_Z :
forall n : nat, MachineWord.MachineWord.nat_idx n = MachineWord.MachineWord.Z_idx (BinInt.Z.of_nat n)
countable.nat_countable_obligation_1 :
forall x : nat, base.fmap BinNat.N.to_nat (countable.decode (countable.encode (BinNat.N.of_nat x))) = Some x
Compare_dec.nat_compare_lt :
forall n m : nat, n < m <-> PeanoNat.Nat.compare n m = Lt
Compare_dec.nat_compare_le :
forall n m : nat, n <= m <-> PeanoNat.Nat.compare n m <> Gt
Znat.nat_N_Z :
forall n : nat, BinInt.Z.of_N (BinNat.N.of_nat n) = BinInt.Z.of_nat n
ZMicromega.narrow_interval_lower_bound :
forall a b x : BinNums.Z, BinInt.Z.gt a BinNums.Z0 -> BinInt.Z.ge (BinInt.Z.mul a x) b -> BinInt.Z.ge x (ZMicromega.ceiling b a)
gmultiset.multiset_unfold_empty :
forall (A : Type) (EqDecision0 : base.RelDecision eq) (H : countable.Countable A) (x : A), gmultiset.MultisetUnfold x base.empty 0
gmultiset.multiset_unfold_disj_union :
forall (A : Type) (EqDecision0 : base.RelDecision eq) (H : countable.Countable A) (x : A) (X Y : gmultiset.gmultiset A) (n m : nat), gmultiset.MultisetUnfold x X n -> gmultiset.MultisetUnfold x Y m -> gmultiset.MultisetUnfold x (base.disj_union X Y) (n + m)
gmultiset.multiset_unfold_default :
forall (A : Type) (EqDecision0 : base.RelDecision eq) (H : countable.Countable A) (x : A) (X : gmultiset.gmultiset A), gmultiset.MultisetUnfold x X (gmultiset.multiplicity x X)
gmultiset.multiplicity_empty :
forall (A : Type) (EqDecision0 : base.RelDecision eq) (H : countable.Countable A) (x : A), gmultiset.multiplicity x base.empty = 0
gmultiset.multiplicity_disj_union :
forall (A : Type) (EqDecision0 : base.RelDecision eq) (H : countable.Countable A) (X Y : gmultiset.gmultiset A) (x : A), gmultiset.multiplicity x (base.disj_union X Y) = gmultiset.multiplicity x X + gmultiset.multiplicity x Y
Ring_polynom.mult_dev_ok :
forall (R : Type) (rO rI : R) (radd rmul rsub : R -> R -> R) (ropp : R -> R) (req : R -> R -> Prop),
RelationClasses.Equivalence req ->
Ring_theory.ring_eq_ext radd rmul ropp req ->
Ring_theory.almost_ring_theory rO rI radd rmul rsub ropp req ->
forall (C : Type) (cO cI : C) (cadd cmul csub : C -> C -> C) (copp : C -> C) (ceqb : C -> C -> bool) (phi : C -> R),
Ring_theory.ring_morph rO rI radd rmul rsub ropp req cO cI cadd cmul csub copp ceqb phi ->
forall get_sign : C -> option C,
Ring_theory.sign_theory copp ceqb get_sign ->
forall (mkpow mkopp_pow : R -> BinNums.positive -> R) (mkmult_pow : R -> R -> BinNums.positive -> R),
(forall (r : R) (p : BinNums.positive), req (mkpow r p) (Ring_theory.pow_pos rmul r p)) ->
(forall (r : R) (p : BinNums.positive), req (mkopp_pow r p) (ropp (Ring_theory.pow_pos rmul r p))) ->
(forall (r x : R) (p : BinNums.positive), req (mkmult_pow r x p) (rmul r (Ring_theory.pow_pos rmul x p))) ->
forall (P : Ring_polynom.Pol C) (fv : list R) (n : BinNums.N) (lm : list (R * BinNums.positive)),
req (Ring_polynom.mult_dev rO rI radd rsub ropp cO cI ceqb phi get_sign mkpow mkopp_pow mkmult_pow P fv n lm) (rmul (rmul (Ring_polynom.Pphi rO radd rmul phi fv P) (Ring_theory.pow_N rI rmul (List.hd rO fv) n)) (Ring_polynom.r_list_pow rI rmul lm))
BinPos.Pos.mul_xO_r :
forall p q : BinNums.positive, BinPos.Pos.mul p (BinNums.xO q) = BinNums.xO (BinPos.Pos.mul p q)
BinPos.Pos.mul_xI_r :
forall p q : BinNums.positive, BinPos.Pos.mul p (BinNums.xI q) = BinPos.Pos.add p (BinNums.xO (BinPos.Pos.mul p q))
BinInt.Z.mul_succ_r :
forall n m : BinNums.Z, BinInt.Z.mul n (BinInt.Z.succ m) = BinInt.Z.add (BinInt.Z.mul n m) n
PeanoNat.Nat.mul_succ_r :
forall n m : nat, n * S m = n * m + n
BinInt.Z.mul_succ_l :
forall n m : BinNums.Z, BinInt.Z.mul (BinInt.Z.succ n) m = BinInt.Z.add (BinInt.Z.mul n m) m
PeanoNat.Nat.mul_succ_l :
forall n m : nat, S n * m = n * m + m
BinPos.Pos.mul_sub_distr_r :
forall p q r : BinNums.positive, BinPos.Pos.lt q p -> BinPos.Pos.mul (BinPos.Pos.sub p q) r = BinPos.Pos.sub (BinPos.Pos.mul p r) (BinPos.Pos.mul q r)
BinPos.Pos.mul_sub_distr_l :
forall p q r : BinNums.positive, BinPos.Pos.lt r q -> BinPos.Pos.mul p (BinPos.Pos.sub q r) = BinPos.Pos.sub (BinPos.Pos.mul p q) (BinPos.Pos.mul p r)
BinInt.Z.mul_shuffle1 :
forall n m p q : BinNums.Z, BinInt.Z.mul (BinInt.Z.mul n m) (BinInt.Z.mul p q) = BinInt.Z.mul (BinInt.Z.mul n p) (BinInt.Z.mul m q)
BinInt.Z.mul_shuffle0 :
forall n m p : BinNums.Z, BinInt.Z.mul (BinInt.Z.mul n m) p = BinInt.Z.mul (BinInt.Z.mul n p) m
BinInt.Z.mul_reg_r :
forall n m p : BinNums.Z, p <> BinNums.Z0 -> BinInt.Z.mul n p = BinInt.Z.mul m p -> n = m
BinInt.Z.mul_reg_l :
forall n m p : BinNums.Z, p <> BinNums.Z0 -> BinInt.Z.mul p n = BinInt.Z.mul p m -> n = m
BinInt.Z.mul_pow2_bits_add :
forall a n m : BinNums.Z, BinInt.Z.le BinNums.Z0 n -> BinInt.Z.testbit (BinInt.Z.mul a (BinInt.Z.pow (BinNums.Zpos (BinNums.xO BinNums.xH)) n)) (BinInt.Z.add n m) = BinInt.Z.testbit a m
BinInt.Z.mul_pow2_bits :
forall a n m : BinNums.Z, BinInt.Z.le BinNums.Z0 n -> BinInt.Z.testbit (BinInt.Z.mul a (BinInt.Z.pow (BinNums.Zpos (BinNums.xO BinNums.xH)) n)) m = BinInt.Z.testbit a (BinInt.Z.sub m n)
BinInt.Z.mul_pos_pos :
forall n m : BinNums.Z, BinInt.Z.lt BinNums.Z0 n -> BinInt.Z.lt BinNums.Z0 m -> BinInt.Z.lt BinNums.Z0 (BinInt.Z.mul n m)
BinInt.Z.mul_pos_neg :
forall n m : BinNums.Z, BinInt.Z.lt BinNums.Z0 n -> BinInt.Z.lt m BinNums.Z0 -> BinInt.Z.lt (BinInt.Z.mul n m) BinNums.Z0
BinInt.Z.mul_pos_cancel_l :
forall n m : BinNums.Z, BinInt.Z.lt BinNums.Z0 n -> BinInt.Z.lt BinNums.Z0 (BinInt.Z.mul n m) <-> BinInt.Z.lt BinNums.Z0 m
BinInt.Z.mul_opp_r :
forall n m : BinNums.Z, BinInt.Z.mul n (BinInt.Z.opp m) = BinInt.Z.opp (BinInt.Z.mul n m)
BinInt.Z.Private_BootStrap.mul_opp_r :
forall n m : BinNums.Z, BinInt.Z.mul n (BinInt.Z.opp m) = BinInt.Z.opp (BinInt.Z.mul n m)
BinInt.Z.mul_opp_opp :
forall n m : BinNums.Z, BinInt.Z.mul (BinInt.Z.opp n) (BinInt.Z.opp m) = BinInt.Z.mul n m
BinInt.Z.mul_opp_l :
forall n m : BinNums.Z, BinInt.Z.mul (BinInt.Z.opp n) m = BinInt.Z.opp (BinInt.Z.mul n m)
BinInt.Z.mul_opp_comm :
forall n m : BinNums.Z, BinInt.Z.mul (BinInt.Z.opp n) m = BinInt.Z.mul n (BinInt.Z.opp m)
BinInt.Z.mul_nonpos_nonneg :
forall n m : BinNums.Z, BinInt.Z.le n BinNums.Z0 -> BinInt.Z.le BinNums.Z0 m -> BinInt.Z.le (BinInt.Z.mul n m) BinNums.Z0
BinInt.Z.mul_nonneg_nonpos :
forall n m : BinNums.Z, BinInt.Z.le BinNums.Z0 n -> BinInt.Z.le m BinNums.Z0 -> BinInt.Z.le (BinInt.Z.mul n m) BinNums.Z0
BinInt.Z.mul_nonneg_nonneg :
forall n m : BinNums.Z, BinInt.Z.le BinNums.Z0 n -> BinInt.Z.le BinNums.Z0 m -> BinInt.Z.le BinNums.Z0 (BinInt.Z.mul n m)
BinInt.Z.mul_neg_pos :
forall n m : BinNums.Z, BinInt.Z.lt n BinNums.Z0 -> BinInt.Z.lt BinNums.Z0 m -> BinInt.Z.lt (BinInt.Z.mul n m) BinNums.Z0
BinInt.Z.mul_neg_neg :
forall n m : BinNums.Z, BinInt.Z.lt n BinNums.Z0 -> BinInt.Z.lt m BinNums.Z0 -> BinInt.Z.lt BinNums.Z0 (BinInt.Z.mul n m)
BinInt.Z.mul_lt_pred :
forall p q n m : BinNums.Z, BinInt.Z.succ p = q -> BinInt.Z.lt (BinInt.Z.mul p n) (BinInt.Z.mul p m) <-> BinInt.Z.lt (BinInt.Z.add (BinInt.Z.mul q n) m) (BinInt.Z.add (BinInt.Z.mul q m) n)
BinPos.Pos.mul_lt_mono_r :
forall p q r : BinNums.positive, BinPos.Pos.lt q r <-> BinPos.Pos.lt (BinPos.Pos.mul q p) (BinPos.Pos.mul r p)
BinInt.Z.mul_lt_mono_pos_r :
forall p n m : BinNums.Z, BinInt.Z.lt BinNums.Z0 p -> BinInt.Z.lt n m <-> BinInt.Z.lt (BinInt.Z.mul n p) (BinInt.Z.mul m p)
BinInt.Z.mul_lt_mono_pos_l :
forall p n m : BinNums.Z, BinInt.Z.lt BinNums.Z0 p -> BinInt.Z.lt n m <-> BinInt.Z.lt (BinInt.Z.mul p n) (BinInt.Z.mul p m)
BinInt.Z.mul_lt_mono_nonneg :
forall n m p q : BinNums.Z, BinInt.Z.le BinNums.Z0 n -> BinInt.Z.lt n m -> BinInt.Z.le BinNums.Z0 p -> BinInt.Z.lt p q -> BinInt.Z.lt (BinInt.Z.mul n p) (BinInt.Z.mul m q)
BinInt.Z.mul_lt_mono_neg_r :
forall p n m : BinNums.Z, BinInt.Z.lt p BinNums.Z0 -> BinInt.Z.lt n m <-> BinInt.Z.lt (BinInt.Z.mul m p) (BinInt.Z.mul n p)
BinInt.Z.mul_lt_mono_neg_l :
forall p n m : BinNums.Z, BinInt.Z.lt p BinNums.Z0 -> BinInt.Z.lt n m <-> BinInt.Z.lt (BinInt.Z.mul p m) (BinInt.Z.mul p n)
BinPos.Pos.mul_lt_mono_l :
forall p q r : BinNums.positive, BinPos.Pos.lt q r <-> BinPos.Pos.lt (BinPos.Pos.mul p q) (BinPos.Pos.mul p r)
BinInt.Z.mul_le_mono_pos_r :
forall n m p : BinNums.Z, BinInt.Z.lt BinNums.Z0 p -> BinInt.Z.le n m <-> BinInt.Z.le (BinInt.Z.mul n p) (BinInt.Z.mul m p)
BinInt.Z.mul_le_mono_pos_l :
forall n m p : BinNums.Z, BinInt.Z.lt BinNums.Z0 p -> BinInt.Z.le n m <-> BinInt.Z.le (BinInt.Z.mul p n) (BinInt.Z.mul p m)
BinInt.Z.mul_le_mono_nonpos_r :
forall n m p : BinNums.Z, BinInt.Z.le p BinNums.Z0 -> BinInt.Z.le n m -> BinInt.Z.le (BinInt.Z.mul m p) (BinInt.Z.mul n p)
BinInt.Z.mul_le_mono_nonpos_l :
forall n m p : BinNums.Z, BinInt.Z.le p BinNums.Z0 -> BinInt.Z.le n m -> BinInt.Z.le (BinInt.Z.mul p m) (BinInt.Z.mul p n)
BinInt.Z.mul_le_mono_nonneg_r :
forall n m p : BinNums.Z, BinInt.Z.le BinNums.Z0 p -> BinInt.Z.le n m -> BinInt.Z.le (BinInt.Z.mul n p) (BinInt.Z.mul m p)
BinInt.Z.mul_le_mono_nonneg_l :
forall n m p : BinNums.Z, BinInt.Z.le BinNums.Z0 p -> BinInt.Z.le n m -> BinInt.Z.le (BinInt.Z.mul p n) (BinInt.Z.mul p m)
BinInt.Z.mul_le_mono_nonneg :
forall n m p q : BinNums.Z, BinInt.Z.le BinNums.Z0 n -> BinInt.Z.le n m -> BinInt.Z.le BinNums.Z0 p -> BinInt.Z.le p q -> BinInt.Z.le (BinInt.Z.mul n p) (BinInt.Z.mul m q)
BinInt.Z.mul_le_mono_neg_l :
forall n m p : BinNums.Z, BinInt.Z.lt p BinNums.Z0 -> BinInt.Z.le n m <-> BinInt.Z.le (BinInt.Z.mul p m) (BinInt.Z.mul p n)
BinPos.Pos.mul_le_mono_l :
forall p q r : BinNums.positive, BinPos.Pos.le q r <-> BinPos.Pos.le (BinPos.Pos.mul p q) (BinPos.Pos.mul p r)
BinInt.Z.mul_id_l :
forall n m : BinNums.Z, m <> BinNums.Z0 -> BinInt.Z.mul n m = m <-> n = BinNums.Zpos BinNums.xH
BinInt.Z.mul_div_le :
forall a b : BinNums.Z, BinInt.Z.lt BinNums.Z0 b -> BinInt.Z.le (BinInt.Z.mul b (BinInt.Z.div a b)) a
BinPos.Pos.mul_compare_mono_r :
forall p q r : BinNums.positive, BinPos.Pos.compare (BinPos.Pos.mul q p) (BinPos.Pos.mul r p) = BinPos.Pos.compare q r
BinPos.Pos.mul_compare_mono_l :
forall p q r : BinNums.positive, BinPos.Pos.compare (BinPos.Pos.mul p q) (BinPos.Pos.mul p r) = BinPos.Pos.compare q r
BinInt.Z.mul_comm :
forall n m : BinNums.Z, BinInt.Z.mul n m = BinInt.Z.mul m n
BinPos.Pos.mul_comm :
forall p q : BinNums.positive, BinPos.Pos.mul p q = BinPos.Pos.mul q p
BinInt.Z.mul_cancel_r :
forall n m p : BinNums.Z, p <> BinNums.Z0 -> BinInt.Z.mul n p = BinInt.Z.mul m p <-> n = m
BinInt.Z.mul_cancel_l :
forall n m p : BinNums.Z, p <> BinNums.Z0 -> BinInt.Z.mul p n = BinInt.Z.mul p m <-> n = m
BinInt.Z.mul_assoc :
forall n m p : BinNums.Z, BinInt.Z.mul n (BinInt.Z.mul m p) = BinInt.Z.mul (BinInt.Z.mul n m) p
BinPos.Pos.mul_assoc :
forall p q r : BinNums.positive, BinPos.Pos.mul p (BinPos.Pos.mul q r) = BinPos.Pos.mul (BinPos.Pos.mul p q) r
BinInt.Z.mul_add_distr_r :
forall n m p : BinNums.Z, BinInt.Z.mul (BinInt.Z.add n m) p = BinInt.Z.add (BinInt.Z.mul n p) (BinInt.Z.mul m p)
BinInt.Z.Private_BootStrap.mul_add_distr_r :
forall n m p : BinNums.Z, BinInt.Z.mul (BinInt.Z.add n m) p = BinInt.Z.add (BinInt.Z.mul n p) (BinInt.Z.mul m p)
BinPos.Pos.mul_add_distr_r :
forall p q r : BinNums.positive, BinPos.Pos.mul (BinPos.Pos.add p q) r = BinPos.Pos.add (BinPos.Pos.mul p r) (BinPos.Pos.mul q r)
BinInt.Z.Private_BootStrap.mul_add_distr_pos :
forall (p : BinNums.positive) (n m : BinNums.Z), BinInt.Z.mul (BinInt.Z.add n m) (BinNums.Zpos p) = BinInt.Z.add (BinInt.Z.mul n (BinNums.Zpos p)) (BinInt.Z.mul m (BinNums.Zpos p))
BinInt.Z.mul_add_distr_l :
forall n m p : BinNums.Z, BinInt.Z.mul n (BinInt.Z.add m p) = BinInt.Z.add (BinInt.Z.mul n m) (BinInt.Z.mul n p)
BinPos.Pos.mul_add_distr_l :
forall p q r : BinNums.positive, BinPos.Pos.mul p (BinPos.Pos.add q r) = BinPos.Pos.add (BinPos.Pos.mul p q) (BinPos.Pos.mul p r)
BinInt.Z.mul_1_r :
forall n : BinNums.Z, BinInt.Z.mul n (BinNums.Zpos BinNums.xH) = n
BinPos.Pos.mul_1_r :
forall p : BinNums.positive, BinPos.Pos.mul p BinNums.xH = p
PeanoNat.Nat.mul_1_r :
forall n : nat, n * 1 = n
BinInt.Z.mul_1_l :
forall n : BinNums.Z, BinInt.Z.mul (BinNums.Zpos BinNums.xH) n = n
BinInt.Z.Private_BootStrap.mul_1_l :
forall n : BinNums.Z, BinInt.Z.mul (BinNums.Zpos BinNums.xH) n = n
BinInt.Z.mul_0_r :
forall n : BinNums.Z, BinInt.Z.mul n BinNums.Z0 = BinNums.Z0
BinInt.Z.Private_BootStrap.mul_0_r :
forall n : BinNums.Z, BinInt.Z.mul n BinNums.Z0 = BinNums.Z0
PeanoNat.Nat.mul_0_r :
forall n : nat, n * 0 = 0
BinInt.Z.mul_0_l :
forall n : BinNums.Z, BinInt.Z.mul BinNums.Z0 n = BinNums.Z0
PeanoNat.Nat.mul_0_l :
forall n : nat, 0 * n = 0
Ring_polynom.mon_of_pol_ok :
forall (R : Type) (rO rI : R) (radd rmul rsub : R -> R -> R) (ropp : R -> R) (req : R -> R -> Prop),
RelationClasses.Equivalence req ->
Ring_theory.ring_eq_ext radd rmul ropp req ->
Ring_theory.almost_ring_theory rO rI radd rmul rsub ropp req ->
forall (C : Type) (cO cI : C) (cadd cmul csub : C -> C -> C) (copp : C -> C) (ceqb : C -> C -> bool) (phi : C -> R),
Ring_theory.ring_morph rO rI radd rmul rsub ropp req cO cI cadd cmul csub copp ceqb phi ->
forall (P : Ring_polynom.Pol C) (m : C * Ring_polynom.Mon), Ring_polynom.mon_of_pol cO ceqb P = Some m -> forall l : list R, req (rmul (phi (fst m)) (Ring_polynom.Mphi rO rI rmul l (snd m))) (Ring_polynom.Pphi rO radd rmul phi l P)
BinInt.Z.mod_unique :
forall a b q r : BinNums.Z, BinInt.Z.le BinNums.Z0 r /\ BinInt.Z.lt r b \/ BinInt.Z.lt b r /\ BinInt.Z.le r BinNums.Z0 -> a = BinInt.Z.add (BinInt.Z.mul b q) r -> r = BinInt.Z.modulo a b
BinInt.Z.Private_NZDiv.mod_unique :
forall a b q r : BinNums.Z, BinInt.Z.le BinNums.Z0 a -> BinInt.Z.le BinNums.Z0 r /\ BinInt.Z.lt r b -> a = BinInt.Z.add (BinInt.Z.mul b q) r -> r = BinInt.Z.modulo a b
BinInt.Z.mod_small :
forall a b : BinNums.Z, BinInt.Z.le BinNums.Z0 a /\ BinInt.Z.lt a b -> BinInt.Z.modulo a b = a
BinInt.Z.Private_NZDiv.mod_small :
forall a b : BinNums.Z, BinInt.Z.le BinNums.Z0 a /\ BinInt.Z.lt a b -> BinInt.Z.modulo a b = a
BinInt.Z.mod_pos_bound :
forall a b : BinNums.Z, BinInt.Z.lt BinNums.Z0 b -> BinInt.Z.le BinNums.Z0 (BinInt.Z.modulo a b) /\ BinInt.Z.lt (BinInt.Z.modulo a b) b
BinInt.Z.mod_neg_bound :
forall a b : BinNums.Z, BinInt.Z.lt b BinNums.Z0 -> BinInt.Z.lt b (BinInt.Z.modulo a b) /\ BinInt.Z.le (BinInt.Z.modulo a b) BinNums.Z0
BinInt.Z.mod_mul :
forall a b : BinNums.Z, b <> BinNums.Z0 -> BinInt.Z.modulo (BinInt.Z.mul a b) b = BinNums.Z0
BinInt.Z.Private_NZDiv.mod_le :
forall a b : BinNums.Z, BinInt.Z.le BinNums.Z0 a -> BinInt.Z.lt BinNums.Z0 b -> BinInt.Z.le (BinInt.Z.modulo a b) a
BinInt.Z.mod_eq :
forall a b : BinNums.Z, b <> BinNums.Z0 -> BinInt.Z.modulo a b = BinInt.Z.sub a (BinInt.Z.mul b (BinInt.Z.div a b))
BinInt.Z.mod_bound_or :
forall a b : BinNums.Z, b <> BinNums.Z0 -> BinInt.Z.le BinNums.Z0 (BinInt.Z.modulo a b) /\ BinInt.Z.lt (BinInt.Z.modulo a b) b \/ BinInt.Z.lt b (BinInt.Z.modulo a b) /\ BinInt.Z.le (BinInt.Z.modulo a b) BinNums.Z0
BinInt.Z.mod_add :
forall a b c : BinNums.Z, c <> BinNums.Z0 -> BinInt.Z.modulo (BinInt.Z.add a (BinInt.Z.mul b c)) c = BinInt.Z.modulo a c
BinInt.Z.mod_0_l :
forall a : BinNums.Z, a <> BinNums.Z0 -> BinInt.Z.modulo BinNums.Z0 a = BinNums.Z0
ZifyClasses.mkrel :
forall (S T : Type) (R : S -> S -> Prop) (I : S -> T) (TR : T -> T -> Prop), (forall n m : S, R n m <-> TR (I n) (I m)) -> forall (s1 : S) (t1 : T), I s1 = t1 -> forall (s2 : S) (t2 : T), I s2 = t2 -> R s1 s2 <-> TR t1 t2
Ring_polynom.mkmultm1_ok :
forall (R : Type) (rO rI : R) (radd rmul rsub : R -> R -> R) (ropp : R -> R) (req : R -> R -> Prop),
RelationClasses.Equivalence req ->
Ring_theory.ring_eq_ext radd rmul ropp req ->
Ring_theory.almost_ring_theory rO rI radd rmul rsub ropp req ->
forall (mkopp_pow : R -> BinNums.positive -> R) (mkmult_pow : R -> R -> BinNums.positive -> R),
(forall (r : R) (p : BinNums.positive), req (mkopp_pow r p) (ropp (Ring_theory.pow_pos rmul r p))) ->
(forall (r x : R) (p : BinNums.positive), req (mkmult_pow r x p) (rmul r (Ring_theory.pow_pos rmul x p))) -> forall lm : list (R * BinNums.positive), req (Ring_polynom.mkmultm1 rI ropp mkopp_pow mkmult_pow lm) (ropp (Ring_polynom.r_list_pow rI rmul lm))
Ring_polynom.mkmult_rec_ok :
forall (R : Type) (rO rI : R) (radd rmul rsub : R -> R -> R) (ropp : R -> R) (req : R -> R -> Prop),
RelationClasses.Equivalence req ->
Ring_theory.ring_eq_ext radd rmul ropp req ->
Ring_theory.almost_ring_theory rO rI radd rmul rsub ropp req ->
forall mkmult_pow : R -> R -> BinNums.positive -> R,
(forall (r x : R) (p : BinNums.positive), req (mkmult_pow r x p) (rmul r (Ring_theory.pow_pos rmul x p))) -> forall (lm : list (R * BinNums.positive)) (r : R), req (Ring_polynom.mkmult_rec mkmult_pow r lm) (rmul r (Ring_polynom.r_list_pow rI rmul lm))
Ring_polynom.mkmult_c_pos_ok :
forall (R : Type) (rO rI : R) (radd rmul rsub : R -> R -> R) (ropp : R -> R) (req : R -> R -> Prop),
RelationClasses.Equivalence req ->
Ring_theory.ring_eq_ext radd rmul ropp req ->
Ring_theory.almost_ring_theory rO rI radd rmul rsub ropp req ->
forall (C : Type) (cO cI : C) (cadd cmul csub : C -> C -> C) (copp : C -> C) (ceqb : C -> C -> bool) (phi : C -> R),
Ring_theory.ring_morph rO rI radd rmul rsub ropp req cO cI cadd cmul csub copp ceqb phi ->
forall (mkpow : R -> BinNums.positive -> R) (mkmult_pow : R -> R -> BinNums.positive -> R),
(forall (r : R) (p : BinNums.positive), req (mkpow r p) (Ring_theory.pow_pos rmul r p)) ->
(forall (r x : R) (p : BinNums.positive), req (mkmult_pow r x p) (rmul r (Ring_theory.pow_pos rmul x p))) -> forall (c : C) (lm : list (R * BinNums.positive)), req (Ring_polynom.mkmult_c_pos rI cI ceqb phi mkpow mkmult_pow c lm) (rmul (phi c) (Ring_polynom.r_list_pow rI rmul lm))
Ring_polynom.mkmult_c_ok :
forall (R : Type) (rO rI : R) (radd rmul rsub : R -> R -> R) (ropp : R -> R) (req : R -> R -> Prop),
RelationClasses.Equivalence req ->
Ring_theory.ring_eq_ext radd rmul ropp req ->
Ring_theory.almost_ring_theory rO rI radd rmul rsub ropp req ->
forall (C : Type) (cO cI : C) (cadd cmul csub : C -> C -> C) (copp : C -> C) (ceqb : C -> C -> bool) (phi : C -> R),
Ring_theory.ring_morph rO rI radd rmul rsub ropp req cO cI cadd cmul csub copp ceqb phi ->
forall get_sign : C -> option C,
Ring_theory.sign_theory copp ceqb get_sign ->
forall (mkpow mkopp_pow : R -> BinNums.positive -> R) (mkmult_pow : R -> R -> BinNums.positive -> R),
(forall (r : R) (p : BinNums.positive), req (mkpow r p) (Ring_theory.pow_pos rmul r p)) ->
(forall (r : R) (p : BinNums.positive), req (mkopp_pow r p) (ropp (Ring_theory.pow_pos rmul r p))) ->
(forall (r x : R) (p : BinNums.positive), req (mkmult_pow r x p) (rmul r (Ring_theory.pow_pos rmul x p))) ->
forall (c : C) (lm : list (R * BinNums.positive)), req (Ring_polynom.mkmult_c rI ropp cI ceqb phi get_sign mkpow mkopp_pow mkmult_pow c lm) (rmul (phi c) (Ring_polynom.r_list_pow rI rmul lm))
Ring_polynom.mkmult1_ok :
forall (R : Type) (rO rI : R) (radd rmul rsub : R -> R -> R) (ropp : R -> R) (req : R -> R -> Prop),
RelationClasses.Equivalence req ->
Ring_theory.ring_eq_ext radd rmul ropp req ->
Ring_theory.almost_ring_theory rO rI radd rmul rsub ropp req ->
forall (mkpow : R -> BinNums.positive -> R) (mkmult_pow : R -> R -> BinNums.positive -> R),
(forall (r : R) (p : BinNums.positive), req (mkpow r p) (Ring_theory.pow_pos rmul r p)) ->
(forall (r x : R) (p : BinNums.positive), req (mkmult_pow r x p) (rmul r (Ring_theory.pow_pos rmul x p))) -> forall lm : list (R * BinNums.positive), req (Ring_polynom.mkmult1 rI mkpow mkmult_pow lm) (Ring_polynom.r_list_pow rI rmul lm)
ZifyClasses.mkapp2 :
forall (S1 S2 S3 T1 T2 T3 : Type) (Op : S1 -> S2 -> S3) (I1 : S1 -> T1) (I2 : S2 -> T2) (I3 : S3 -> T3) (TBOP : T1 -> T2 -> T3),
(forall (n : S1) (m : S2), I3 (Op n m) = TBOP (I1 n) (I2 m)) -> forall (s1 : S1) (t1 : T1), I1 s1 = t1 -> forall (s2 : S2) (t2 : T2), I2 s2 = t2 -> I3 (Op s1 s2) = TBOP t1 t2
ZifyClasses.mkapp :
forall (S1 S2 T1 T2 : Type) (OP : S1 -> S2) (I1 : S1 -> T1) (I2 : S2 -> T2) (TUOP : T1 -> T2), (forall n : S1, I2 (OP n) = TUOP (I1 n)) -> forall (s1 : S1) (t1 : T1), I1 s1 = t1 -> I2 (OP s1) = TUOP t1
Ring_polynom.mkadd_mult_ok :
forall (R : Type) (rO rI : R) (radd rmul rsub : R -> R -> R) (ropp : R -> R) (req : R -> R -> Prop),
RelationClasses.Equivalence req ->
Ring_theory.ring_eq_ext radd rmul ropp req ->
Ring_theory.almost_ring_theory rO rI radd rmul rsub ropp req ->
forall (C : Type) (cO cI : C) (cadd cmul csub : C -> C -> C) (copp : C -> C) (ceqb : C -> C -> bool) (phi : C -> R),
Ring_theory.ring_morph rO rI radd rmul rsub ropp req cO cI cadd cmul csub copp ceqb phi ->
forall get_sign : C -> option C,
Ring_theory.sign_theory copp ceqb get_sign ->
forall (mkpow : R -> BinNums.positive -> R) (mkmult_pow : R -> R -> BinNums.positive -> R),
(forall (r : R) (p : BinNums.positive), req (mkpow r p) (Ring_theory.pow_pos rmul r p)) ->
(forall (r x : R) (p : BinNums.positive), req (mkmult_pow r x p) (rmul r (Ring_theory.pow_pos rmul x p))) ->
forall (rP : R) (c : C) (lm : list (R * BinNums.positive)), req (Ring_polynom.mkadd_mult rI radd rsub cI ceqb phi get_sign mkpow mkmult_pow rP c lm) (radd rP (rmul (phi c) (Ring_polynom.r_list_pow rI rmul lm)))
Tauto.mk_iff_is_bool :
forall (Term Term' Annot : Type) (unsat : Term' -> bool) (deduce : Term' -> Term' -> option Term') (normalise negate : Term -> Annot -> Tauto.cnf Term' Annot) (TX : Tauto.kind -> Type) (AF : Type) (k : Tauto.kind) (f1 f2 : Tauto.TFormula Term Annot TX AF k) (pol : bool),
match Tauto.is_bool f2 with
| Some isb => Tauto.xcnf unsat deduce normalise negate (if isb then pol else negb pol) f1
| None => Tauto.mk_iff unsat deduce (Tauto.xcnf unsat deduce normalise negate) pol f1 f2
end = Tauto.mk_iff unsat deduce (Tauto.xcnf unsat deduce normalise negate) pol f1 f2
Ring_polynom.mkZmon_ok :
forall (R : Type) (rO rI : R) (rmul : R -> R -> R) (req : R -> R -> Prop), RelationClasses.Equivalence req -> forall (M : Ring_polynom.Mon) (j : BinNums.positive) (l : list R), req (Ring_polynom.Mphi rO rI rmul l (Ring_polynom.mkZmon j M)) (Ring_polynom.Mphi rO rI rmul l (Ring_polynom.zmon j M))
Ring_polynom.mkX_ok :
forall (R : Type) (rO rI : R) (radd rmul rsub : R -> R -> R) (ropp : R -> R) (req : R -> R -> Prop),
RelationClasses.Equivalence req ->
Ring_theory.ring_eq_ext radd rmul ropp req ->
Ring_theory.almost_ring_theory rO rI radd rmul rsub ropp req ->
forall (C : Type) (cO cI : C) (cadd cmul csub : C -> C -> C) (copp : C -> C) (ceqb : C -> C -> bool) (phi : C -> R),
Ring_theory.ring_morph rO rI radd rmul rsub ropp req cO cI cadd cmul csub copp ceqb phi -> forall (p : BinNums.positive) (l : list R), req (BinList.nth rO p l) (Ring_polynom.Pphi rO radd rmul phi l (Ring_polynom.mk_X cO cI p))
EnvRing.mkX_ok :
forall (R : Type) (rO rI : R) (radd rmul rsub : R -> R -> R) (ropp : R -> R) (req : R -> R -> Prop),
RelationClasses.Equivalence req ->
Ring_theory.ring_eq_ext radd rmul ropp req ->
Ring_theory.almost_ring_theory rO rI radd rmul rsub ropp req ->
forall (C : Type) (cO cI : C) (cadd cmul csub : C -> C -> C) (copp : C -> C) (ceqb : C -> C -> bool) (phi : C -> R),
Ring_theory.ring_morph rO rI radd rmul rsub ropp req cO cI cadd cmul csub copp ceqb phi -> forall (p : BinNums.positive) (l : Env.Env R), req (Env.nth p l) (EnvRing.Pphi radd rmul phi l (EnvRing.mk_X cO cI p))
Ring_polynom.mkVmon_ok :
forall (R : Type) (rO rI : R) (radd rmul rsub : R -> R -> R) (ropp : R -> R) (req : R -> R -> Prop),
RelationClasses.Equivalence req ->
Ring_theory.ring_eq_ext radd rmul ropp req ->
Ring_theory.almost_ring_theory rO rI radd rmul rsub ropp req -> forall (M : Ring_polynom.Mon) (i : BinNums.positive) (l : list R), req (Ring_polynom.Mphi rO rI rmul l (Ring_polynom.mkVmon i M)) (rmul (Ring_polynom.Mphi rO rI rmul l M) (Ring_theory.pow_pos rmul (List.hd rO l) i))
Ring_polynom.mkPinj_ok :
forall (R : Type) (rO : R) (radd rmul : R -> R -> R) (req : R -> R -> Prop),
RelationClasses.Equivalence req -> forall (C : Type) (phi : C -> R) (j : BinNums.positive) (l : list R) (P : Ring_polynom.Pol C), req (Ring_polynom.Pphi rO radd rmul phi l (Ring_polynom.mkPinj j P)) (Ring_polynom.Pphi rO radd rmul phi (BinList.jump j l) P)
EnvRing.mkPinj_ok :
forall (R : Type) (radd rmul : R -> R -> R) (req : R -> R -> Prop), RelationClasses.Equivalence req -> forall (C : Type) (phi : C -> R) (j : BinNums.positive) (l : Env.Env R) (P : EnvRing.Pol C), req (EnvRing.Pphi radd rmul phi l (EnvRing.mkPinj j P)) (EnvRing.Pphi radd rmul phi (Env.jump j l) P)
Ring_polynom.mkPinj_ext :
forall (R : Type) (rO : R) (radd rmul : R -> R -> R) (req : R -> R -> Prop),
RelationClasses.Equivalence req -> forall (C : Type) (phi : C -> R), Morphisms.Proper (Morphisms.respectful eq (Morphisms.respectful (Ring_polynom.Pequiv rO radd rmul req phi) (Ring_polynom.Pequiv rO radd rmul req phi))) (Ring_polynom.mkPinj (C:=C))
Ring_polynom.mkPX_ok :
forall (R : Type) (rO rI : R) (radd rmul rsub : R -> R -> R) (ropp : R -> R) (req : R -> R -> Prop),
RelationClasses.Equivalence req ->
Ring_theory.ring_eq_ext radd rmul ropp req ->
Ring_theory.almost_ring_theory rO rI radd rmul rsub ropp req ->
forall (C : Type) (cO cI : C) (cadd cmul csub : C -> C -> C) (copp : C -> C) (ceqb : C -> C -> bool) (phi : C -> R),
Ring_theory.ring_morph rO rI radd rmul rsub ropp req cO cI cadd cmul csub copp ceqb phi ->
forall (l : list R) (P : Ring_polynom.Pol C) (i : BinNums.positive) (Q : Ring_polynom.Pol C),
req (Ring_polynom.Pphi rO radd rmul phi l (Ring_polynom.mkPX cO ceqb P i Q)) (radd (rmul (Ring_polynom.Pphi rO radd rmul phi l P) (Ring_theory.pow_pos rmul (List.hd rO l) i)) (Ring_polynom.Pphi rO radd rmul phi (List.tl l) Q))
EnvRing.mkPX_ok :
forall (R : Type) (rO rI : R) (radd rmul rsub : R -> R -> R) (ropp : R -> R) (req : R -> R -> Prop),
RelationClasses.Equivalence req ->
Ring_theory.ring_eq_ext radd rmul ropp req ->
Ring_theory.almost_ring_theory rO rI radd rmul rsub ropp req ->
forall (C : Type) (cO cI : C) (cadd cmul csub : C -> C -> C) (copp : C -> C) (ceqb : C -> C -> bool) (phi : C -> R),
Ring_theory.ring_morph rO rI radd rmul rsub ropp req cO cI cadd cmul csub copp ceqb phi ->
forall (l : Env.Env R) (P : EnvRing.Pol C) (i : BinNums.positive) (Q : EnvRing.Pol C), req (EnvRing.Pphi radd rmul phi l (EnvRing.mkPX cO ceqb P i Q)) (radd (rmul (EnvRing.Pphi radd rmul phi l P) (Ring_theory.pow_pos rmul (Env.hd l) i)) (EnvRing.Pphi radd rmul phi (Env.tail l) Q))
Ring_polynom.mkPX_ext :
forall (R : Type) (rO rI : R) (radd rmul rsub : R -> R -> R) (ropp : R -> R) (req : R -> R -> Prop),
RelationClasses.Equivalence req ->
Ring_theory.ring_eq_ext radd rmul ropp req ->
Ring_theory.almost_ring_theory rO rI radd rmul rsub ropp req ->
forall (C : Type) (cO cI : C) (cadd cmul csub : C -> C -> C) (copp : C -> C) (ceqb : C -> C -> bool) (phi : C -> R),
Ring_theory.ring_morph rO rI radd rmul rsub ropp req cO cI cadd cmul csub copp ceqb phi ->
Morphisms.Proper (Morphisms.respectful (Ring_polynom.Pequiv rO radd rmul req phi) (Morphisms.respectful eq (Morphisms.respectful (Ring_polynom.Pequiv rO radd rmul req phi) (Ring_polynom.Pequiv rO radd rmul req phi)))) (Ring_polynom.mkPX cO ceqb)
rv64d_types.misaligned_exception_num_of_roundtrip :
forall x : rv64d_types.misaligned_exception, rv64d_types.misaligned_exception_of_num (rv64d_types.num_of_misaligned_exception x) = x
rv64d_types.mem_payload_num_of_roundtrip :
forall x : rv64d_types.mem_payload, rv64d_types.mem_payload_of_num (rv64d_types.num_of_mem_payload x) = x
ZMicromega.max_var_nformulae_mono_aux' :
forall (l : list (EnvRing.Pol BinNums.Z * RingMicromega.Op1)) (acc acc' : BinNums.positive), BinPos.Pos.le acc acc' -> BinPos.Pos.le (List.fold_left ZMicromega.F l acc) (List.fold_left ZMicromega.F l acc')
ZMicromega.max_var_nformulae_mono_aux :
forall (l : list (EnvRing.Pol BinNums.Z * RingMicromega.Op1)) (v acc : BinNums.positive), BinPos.Pos.le v acc -> BinPos.Pos.le v (List.fold_left ZMicromega.F l acc)
ZMicromega.max_var_acc :
forall (p : EnvRing.Pol BinNums.Z) (i j : BinNums.positive), ZMicromega.max_var (BinPos.Pos.add i j) p = BinPos.Pos.add (ZMicromega.max_var i p) j
BinInt.Z.max_spec :
forall n m : BinNums.Z, BinInt.Z.lt n m /\ BinInt.Z.max n m = m \/ BinInt.Z.le m n /\ BinInt.Z.max n m = n
BinPos.Pos.max_spec :
forall n m : BinNums.positive, BinPos.Pos.lt n m /\ BinPos.Pos.max n m = m \/ BinPos.Pos.le m n /\ BinPos.Pos.max n m = n
PeanoNat.Nat.max_spec :
forall n m : nat, n < m /\ PeanoNat.Nat.max n m = m \/ m <= n /\ PeanoNat.Nat.max n m = n
BinInt.Z.max_r :
forall n m : BinNums.Z, BinInt.Z.le n m -> BinInt.Z.max n m = m
BinPos.Pos.max_r :
forall x y : BinNums.positive, BinPos.Pos.le x y -> BinPos.Pos.max x y = y
PeanoNat.Nat.max_r :
forall n m : nat, n <= m -> PeanoNat.Nat.max n m = m
max_r :
forall n m : nat, n <= m -> Nat.max n m = m
BinPos.Pos.max_monotone :
forall f : BinNums.positive -> BinNums.positive, Morphisms.Proper (Morphisms.respectful BinPos.Pos.le BinPos.Pos.le) f -> forall x y : BinNums.positive, BinPos.Pos.max (f x) (f y) = f (BinPos.Pos.max x y)
BinPos.Pos.max_mono :
forall f : BinNums.positive -> BinNums.positive, Morphisms.Proper (Morphisms.respectful eq eq) f -> Morphisms.Proper (Morphisms.respectful BinPos.Pos.le BinPos.Pos.le) f -> forall x y : BinNums.positive, BinPos.Pos.max (f x) (f y) = f (BinPos.Pos.max x y)
BinPos.Pos.max_lub_iff :
forall n m p : BinNums.positive, BinPos.Pos.le (BinPos.Pos.max n m) p <-> BinPos.Pos.le n p /\ BinPos.Pos.le m p
BinPos.Pos.max_le_compat_r :
forall n m p : BinNums.positive, BinPos.Pos.le n m -> BinPos.Pos.le (BinPos.Pos.max n p) (BinPos.Pos.max m p)
BinInt.Z.max_l :
forall n m : BinNums.Z, BinInt.Z.le m n -> BinInt.Z.max n m = n
BinPos.Pos.max_l :
forall x y : BinNums.positive, BinPos.Pos.le y x -> BinPos.Pos.max x y = x
PeanoNat.Nat.max_l :
forall n m : nat, m <= n -> PeanoNat.Nat.max n m = n
max_l :
forall n m : nat, m <= n -> Nat.max n m = n
BinPos.Pos.max_1_l :
forall n : BinNums.positive, BinPos.Pos.max BinNums.xH n = n
mapset.mapset_eq_dec_subproof0 :
forall (M : Type -> Type) (m1 m2 : M unit), m1 <> m2 -> {| mapset.mapset_car := m1 |} <> {| mapset.mapset_car := m2 |}
mapset.mapset_eq_dec_subproof :
forall (M : Type -> Type) (m1 m2 : M unit), m1 = m2 -> {| mapset.mapset_car := m1 |} = {| mapset.mapset_car := m2 |}
fin_maps.map_wf :
forall (K : Type) (M : Type -> Type) (H : base.FMap M) (H0 : forall A : Type, base.Lookup K A (M A)) (H1 : forall A : Type, base.Empty (M A)) (H2 : forall A : Type, base.PartialAlter K A (M A)) (H3 : base.OMap M) (H4 : base.Merge M) (H5 : forall A : Type, fin_maps.MapFold K A (M A))
  (EqDecision0 : base.RelDecision eq),
fin_maps.FinMap K M -> forall A : Type, well_founded (base.strict base.subseteq)
fin_maps.map_to_list_unique :
forall (K : Type) (M : Type -> Type) (H : base.FMap M) (H0 : forall A : Type, base.Lookup K A (M A)) (H1 : forall A : Type, base.Empty (M A)) (H2 : forall A : Type, base.PartialAlter K A (M A)) (H3 : base.OMap M) (H4 : base.Merge M) (H5 : forall A : Type, fin_maps.MapFold K A (M A))
  (EqDecision0 : base.RelDecision eq),
fin_maps.FinMap K M -> forall (A : Type) (m : M A) (i : K) (x y : A), base.elem_of (i, x) (fin_maps.map_to_list m) -> base.elem_of (i, y) (fin_maps.map_to_list m) -> x = y
fin_maps.map_to_list_submseteq :
forall (K : Type) (M : Type -> Type) (H : base.FMap M) (H0 : forall A : Type, base.Lookup K A (M A)) (H1 : forall A : Type, base.Empty (M A)) (H2 : forall A : Type, base.PartialAlter K A (M A)) (H3 : base.OMap M) (H4 : base.Merge M) (H5 : forall A : Type, fin_maps.MapFold K A (M A))
  (EqDecision0 : base.RelDecision eq),
fin_maps.FinMap K M -> forall (A : Type) (m1 m2 : M A), base.subseteq m1 m2 -> list_relations.submseteq (fin_maps.map_to_list m1) (fin_maps.map_to_list m2)
fin_maps.map_to_list_spec :
forall (K : Type) (M : Type -> Type) (H : base.FMap M) (H0 : forall A : Type, base.Lookup K A (M A)) (H1 : forall A : Type, base.Empty (M A)) (H2 : forall A : Type, base.PartialAlter K A (M A)) (H3 : base.OMap M) (H4 : base.Merge M) (H5 : forall A : Type, fin_maps.MapFold K A (M A))
  (EqDecision0 : base.RelDecision eq),
fin_maps.FinMap K M -> forall (A : Type) (m : M A), base.NoDup (fin_maps.map_to_list m) /\ (forall (i : K) (x : A), base.elem_of (i, x) (fin_maps.map_to_list m) <-> base.lookup i m = Some x)
fin_maps.map_to_list_insert :
forall (K : Type) (M : Type -> Type) (H : base.FMap M) (H0 : forall A : Type, base.Lookup K A (M A)) (H1 : forall A : Type, base.Empty (M A)) (H2 : forall A : Type, base.PartialAlter K A (M A)) (H3 : base.OMap M) (H4 : base.Merge M) (H5 : forall A : Type, fin_maps.MapFold K A (M A))
  (EqDecision0 : base.RelDecision eq),
fin_maps.FinMap K M -> forall (A : Type) (m : M A) (i : K) (x : A), base.lookup i m = None -> Permutation.Permutation (fin_maps.map_to_list (base.insert i x m)) ((i, x) :: fin_maps.map_to_list m)
fin_maps.map_to_list_inj :
forall (K : Type) (M : Type -> Type) (H : base.FMap M) (H0 : forall A : Type, base.Lookup K A (M A)) (H1 : forall A : Type, base.Empty (M A)) (H2 : forall A : Type, base.PartialAlter K A (M A)) (H3 : base.OMap M) (H4 : base.Merge M) (H5 : forall A : Type, fin_maps.MapFold K A (M A))
  (EqDecision0 : base.RelDecision eq),
fin_maps.FinMap K M -> forall (A : Type) (m1 m2 : M A), Permutation.Permutation (fin_maps.map_to_list m1) (fin_maps.map_to_list m2) -> m1 = m2
fin_maps.map_to_list_empty_iff :
forall (K : Type) (M : Type -> Type) (H : base.FMap M) (H0 : forall A : Type, base.Lookup K A (M A)) (H1 : forall A : Type, base.Empty (M A)) (H2 : forall A : Type, base.PartialAlter K A (M A)) (H3 : base.OMap M) (H4 : base.Merge M) (H5 : forall A : Type, fin_maps.MapFold K A (M A))
  (EqDecision0 : base.RelDecision eq),
fin_maps.FinMap K M -> forall (A : Type) (m : M A), fin_maps.map_to_list m = nil <-> m = base.empty
fin_maps.map_to_list_empty :
forall (K : Type) (M : Type -> Type) (H : base.FMap M) (H0 : forall A : Type, base.Lookup K A (M A)) (H1 : forall A : Type, base.Empty (M A)) (H2 : forall A : Type, base.PartialAlter K A (M A)) (H3 : base.OMap M) (H4 : base.Merge M) (H5 : forall A : Type, fin_maps.MapFold K A (M A))
  (EqDecision0 : base.RelDecision eq),
fin_maps.FinMap K M -> forall A : Type, fin_maps.map_to_list base.empty = nil
fin_maps.map_subseteq_spec :
forall (K : Type) (M : Type -> Type) (H0 : forall A : Type, base.Lookup K A (M A)) (A : Type) (m1 m2 : M A), base.subseteq m1 m2 <-> (forall (i : K) (x : A), base.lookup i m1 = Some x -> base.lookup i m2 = Some x)
fin_maps.map_subseteq_size_eq :
forall (K : Type) (M : Type -> Type) (H : base.FMap M) (H0 : forall A : Type, base.Lookup K A (M A)) (H1 : forall A : Type, base.Empty (M A)) (H2 : forall A : Type, base.PartialAlter K A (M A)) (H3 : base.OMap M) (H4 : base.Merge M) (H5 : forall A : Type, fin_maps.MapFold K A (M A))
  (EqDecision0 : base.RelDecision eq),
fin_maps.FinMap K M -> forall (A : Type) (m1 m2 : M A), base.subseteq m1 m2 -> base.size m2 <= base.size m1 -> m1 = m2
fin_maps.map_subseteq_size :
forall (K : Type) (M : Type -> Type) (H : base.FMap M) (H0 : forall A : Type, base.Lookup K A (M A)) (H1 : forall A : Type, base.Empty (M A)) (H2 : forall A : Type, base.PartialAlter K A (M A)) (H3 : base.OMap M) (H4 : base.Merge M) (H5 : forall A : Type, fin_maps.MapFold K A (M A))
  (EqDecision0 : base.RelDecision eq),
fin_maps.FinMap K M -> forall (A : Type) (m1 m2 : M A), base.subseteq m1 m2 -> base.size m1 <= base.size m2
fin_maps.map_subseteq_po :
forall (K : Type) (M : Type -> Type) (H : base.FMap M) (H0 : forall A : Type, base.Lookup K A (M A)) (H1 : forall A : Type, base.Empty (M A)) (H2 : forall A : Type, base.PartialAlter K A (M A)) (H3 : base.OMap M) (H4 : base.Merge M) (H5 : forall A : Type, fin_maps.MapFold K A (M A))
  (EqDecision0 : base.RelDecision eq),
fin_maps.FinMap K M -> forall A : Type, base.PartialOrder base.subseteq
fin_maps.map_subset_size :
forall (K : Type) (M : Type -> Type) (H : base.FMap M) (H0 : forall A : Type, base.Lookup K A (M A)) (H1 : forall A : Type, base.Empty (M A)) (H2 : forall A : Type, base.PartialAlter K A (M A)) (H3 : base.OMap M) (H4 : base.Merge M) (H5 : forall A : Type, fin_maps.MapFold K A (M A))
  (EqDecision0 : base.RelDecision eq),
fin_maps.FinMap K M -> forall (A : Type) (m1 m2 : M A), base.strict base.subseteq m1 m2 -> base.size m1 < base.size m2
fin_maps.map_subset_alt :
forall (K : Type) (M : Type -> Type) (H : base.FMap M) (H0 : forall A : Type, base.Lookup K A (M A)) (H1 : forall A : Type, base.Empty (M A)) (H2 : forall A : Type, base.PartialAlter K A (M A)) (H3 : base.OMap M) (H4 : base.Merge M) (H5 : forall A : Type, fin_maps.MapFold K A (M A))
  (EqDecision0 : base.RelDecision eq),
fin_maps.FinMap K M -> forall (A : Type) (m1 m2 : M A), base.strict base.subseteq m1 m2 <-> base.subseteq m1 m2 /\ (exists i : K, base.lookup i m1 = None /\ option.is_Some (base.lookup i m2))
fin_maps.map_lookup_imap :
forall (K : Type) (M : Type -> Type) (H : base.FMap M) (H0 : forall A : Type, base.Lookup K A (M A)) (H1 : forall A : Type, base.Empty (M A)) (H2 : forall A : Type, base.PartialAlter K A (M A)) (H3 : base.OMap M) (H4 : base.Merge M) (H5 : forall A : Type, fin_maps.MapFold K A (M A))
  (EqDecision0 : base.RelDecision eq),
fin_maps.FinMap K M -> forall (A B : Type) (f : K -> A -> option B) (m : M A) (i : K), base.lookup i (fin_maps.map_imap f m) = base.mbind (f i) (base.lookup i m)
fin_maps.map_ind :
forall (K : Type) (M : Type -> Type) (H : base.FMap M) (H0 : forall A : Type, base.Lookup K A (M A)) (H1 : forall A : Type, base.Empty (M A)) (H2 : forall A : Type, base.PartialAlter K A (M A)) (H3 : base.OMap M) (H4 : base.Merge M) (H5 : forall A : Type, fin_maps.MapFold K A (M A))
  (EqDecision0 : base.RelDecision eq),
fin_maps.FinMap K M -> forall (A : Type) (P : M A -> Prop), P base.empty -> (forall (i : K) (x : A) (m : M A), base.lookup i m = None -> P m -> P (base.insert i x m)) -> forall m : M A, P m
fin_maps.map_included_preorder :
forall (K : Type) (M : Type -> Type) (H0 : forall A : Type, base.Lookup K A (M A)) (A : Type) (R : K -> Relation_Definitions.relation A), (forall i : K, RelationClasses.PreOrder (R i)) -> RelationClasses.PreOrder (fin_maps.map_included R : Relation_Definitions.relation (M A))
fin_maps.map_fold_weak_ind :
forall (K : Type) (M : Type -> Type) (H : base.FMap M) (H0 : forall A : Type, base.Lookup K A (M A)) (H1 : forall A : Type, base.Empty (M A)) (H2 : forall A : Type, base.PartialAlter K A (M A)) (H3 : base.OMap M) (H4 : base.Merge M) (H5 : forall A : Type, fin_maps.MapFold K A (M A))
  (EqDecision0 : base.RelDecision eq),
fin_maps.FinMap K M -> forall (A B : Type) (P : B -> M A -> Prop) (f : K -> A -> B -> B) (b : B), P b base.empty -> (forall (i : K) (x : A) (m : M A) (r : B), base.lookup i m = None -> P r m -> P (f i x r) (base.insert i x m)) -> forall m : M A, P (fin_maps.map_fold f b m) m
fin_maps.map_fold_ind :
forall (K : Type) (M : Type -> Type) (H : base.FMap M) (H0 : forall A : Type, base.Lookup K A (M A)) (H1 : forall A : Type, base.Empty (M A)) (H2 : forall A : Type, base.PartialAlter K A (M A)) (H3 : base.OMap M) (H4 : base.Merge M) (H5 : forall A : Type, fin_maps.MapFold K A (M A))
  (EqDecision0 : base.RelDecision eq),
fin_maps.FinMap K M ->
forall (A : Type) (P : M A -> Prop),
P base.empty -> (forall (i : K) (x : A) (m : M A), base.lookup i m = None -> (forall (B : Type) (f : K -> A -> B -> B) (b : B) (x' : A), fin_maps.map_fold f b (base.insert i x' m) = f i x' (fin_maps.map_fold f b m)) -> P m -> P (base.insert i x m)) -> forall m : M A, P m
fin_maps.map_choose_or_empty :
forall (K : Type) (M : Type -> Type) (H : base.FMap M) (H0 : forall A : Type, base.Lookup K A (M A)) (H1 : forall A : Type, base.Empty (M A)) (H2 : forall A : Type, base.PartialAlter K A (M A)) (H3 : base.OMap M) (H4 : base.Merge M) (H5 : forall A : Type, fin_maps.MapFold K A (M A))
  (EqDecision0 : base.RelDecision eq),
fin_maps.FinMap K M -> forall (A : Type) (m : M A), (exists (i : K) (x : A), base.lookup i m = Some x) \/ m = base.empty
fin_maps.map_choose :
forall (K : Type) (M : Type -> Type) (H : base.FMap M) (H0 : forall A : Type, base.Lookup K A (M A)) (H1 : forall A : Type, base.Empty (M A)) (H2 : forall A : Type, base.PartialAlter K A (M A)) (H3 : base.OMap M) (H4 : base.Merge M) (H5 : forall A : Type, fin_maps.MapFold K A (M A))
  (EqDecision0 : base.RelDecision eq),
fin_maps.FinMap K M -> forall (A : Type) (m : M A), m <> base.empty -> exists (i : K) (x : A), base.lookup i m = Some x
list_monad.mapM_fmap_Some :
forall (A B : Type) (f : A -> option B) (g : B -> A) (l : list B), (forall x : B, f (g x) = Some x) -> list_monad.mapM f (base.fmap g l) = Some l
list_monad.mapM_fmap_Forall_Some :
forall (A B : Type) (f : A -> option B) (g : B -> A) (l : list B), ListDef.Forall (fun x : B => f (g x) = Some x) l -> list_monad.mapM f (base.fmap g l) = Some l
Refl.make_impl_map :
forall (A B : Type) (eval : A -> Prop) (eval' : A * B -> Prop) (l : list (A * B)) (r : Prop), (forall x : A * B, eval' x <-> eval (fst x)) -> Refl.make_impl eval' l r <-> Refl.make_impl eval (ListDef.map fst l) r
Refl.make_conj_rapp :
forall (A : Type) (eval : A -> Prop) (l1 l2 : list A), Refl.make_conj eval (List.rev_append l1 l2) <-> Refl.make_conj eval (l1 ++ l2)
Refl.make_conj_in :
forall (A : Type) (eval : A -> Prop) (l : list A), Refl.make_conj eval l -> forall p : A, List.In p l -> eval p
Refl.make_conj_impl :
forall (A : Type) (eval : A -> Prop) (l : list A) (g : Prop), (Refl.make_conj eval l -> g) <-> Refl.make_impl eval l g
Refl.make_conj_cons :
forall (A : Type) (eval : A -> Prop) (a : A) (l : list A), Refl.make_conj eval (a :: l) <-> eval a /\ Refl.make_conj eval l
Refl.make_conj_app :
forall (A : Type) (eval : A -> Prop) (l1 l2 : list A), Refl.make_conj eval (l1 ++ l2) <-> Refl.make_conj eval l1 /\ Refl.make_conj eval l2
ZMicromega.makeCuttingPlane_ns_sound :
forall (env : RingMicromega.PolEnv BinNums.Z) (e e' : RingMicromega.PolC BinNums.Z) (c : BinNums.Z),
ZMicromega.eval_nformula env (e, RingMicromega.NonStrict) -> ZMicromega.makeCuttingPlane e = (e', c) -> ZMicromega.eval_nformula env (ZMicromega.nformula_of_cutting_plane (e', c, RingMicromega.NonStrict))
BinInt.Z.lxor_spec :
forall a b n : BinNums.Z, BinInt.Z.testbit (BinInt.Z.lxor a b) n = xorb (BinInt.Z.testbit a n) (BinInt.Z.testbit b n)
BinNat.N.lxor_spec :
forall a a' n : BinNums.N, BinNat.N.testbit (BinNat.N.lxor a a') n = xorb (BinNat.N.testbit a n) (BinNat.N.testbit a' n)
BinInt.Z.lxor_nonneg :
forall a b : BinNums.Z, BinInt.Z.le BinNums.Z0 (BinInt.Z.lxor a b) <-> (BinInt.Z.le BinNums.Z0 a <-> BinInt.Z.le BinNums.Z0 b)
BinInt.Z.lxor_lnot_lnot :
forall a b : BinNums.Z, BinInt.Z.lxor (BinInt.Z.lnot a) (BinInt.Z.lnot b) = BinInt.Z.lxor a b
BinInt.Z.lxor_comm :
forall a b : BinNums.Z, BinInt.Z.lxor a b = BinInt.Z.lxor b a
ZMicromega.ltof_bdepth_split_r :
forall (p : RingMicromega.PolC BinNums.Z) (pf1 pf2 : ZMicromega.ZArithProof), Wf_nat.ltof ZMicromega.ZArithProof ZMicromega.bdepth pf2 (ZMicromega.SplitProof p pf1 pf2)
ZMicromega.ltof_bdepth_split_l :
forall (p : RingMicromega.PolC BinNums.Z) (pf1 pf2 : ZMicromega.ZArithProof), Wf_nat.ltof ZMicromega.ZArithProof ZMicromega.bdepth pf1 (ZMicromega.SplitProof p pf1 pf2)
BinInt.Z.ltb_spec :
forall x y : BinNums.Z, BoolSpec (BinInt.Z.lt x y) (BinInt.Z.le y x) (BinInt.Z.ltb x y)
BinInt.Z.ltb_nlt :
forall x y : BinNums.Z, BinInt.Z.ltb x y = false <-> ~ BinInt.Z.lt x y
BinInt.Z.ltb_lt :
forall n m : BinNums.Z, BinInt.Z.ltb n m = true <-> BinInt.Z.lt n m
BinInt.Z.ltb_ge :
forall x y : BinNums.Z, BinInt.Z.ltb x y = false <-> BinInt.Z.le y x
BinInt.Z.lt_wf :
forall z : BinNums.Z, well_founded (fun n m : BinNums.Z => BinInt.Z.le z n /\ BinInt.Z.lt n m)
stepindex.SIdx.lt_wf :
forall SI : stepindex.sidx, well_founded stepindex.sidx_lt
PeanoNat.Nat.lt_wf :
forall z : nat, well_founded (fun n m : nat => z <= n < m)
BinNat.N.lt_wf :
forall z : BinNums.N, well_founded (fun n m : BinNums.N => BinNat.N.le z n /\ BinNat.N.lt n m)
BinInt.Z.lt_trichotomy :
forall n m : BinNums.Z, BinInt.Z.lt n m \/ n = m \/ BinInt.Z.lt m n
PeanoNat.Nat.lt_trichotomy :
forall n m : nat, n < m \/ n = m \/ m < n
BinNat.N.lt_trichotomy :
forall n m : BinNums.N, BinNat.N.lt n m \/ n = m \/ BinNat.N.lt m n
BinInt.Z.lt_trans :
forall n m p : BinNums.Z, BinInt.Z.lt n m -> BinInt.Z.lt m p -> BinInt.Z.lt n p
stepindex.SIdx.lt_trans :
forall SI : stepindex.sidx, RelationClasses.Transitive stepindex.sidx_lt
BinPos.Pos.lt_trans :
forall n m p : BinNums.positive, BinPos.Pos.lt n m -> BinPos.Pos.lt m p -> BinPos.Pos.lt n p
PeanoNat.Nat.lt_trans :
forall n m p : nat, n < m -> m < p -> n < p
BinNat.N.lt_trans :
forall n m p : BinNums.N, BinNat.N.lt n m -> BinNat.N.lt m p -> BinNat.N.lt n p
BinPos.Pos.lt_total :
forall p q : BinNums.positive, BinPos.Pos.lt p q \/ p = q \/ BinPos.Pos.lt q p
BinInt.Z.lt_succ_r :
forall n m : BinNums.Z, BinInt.Z.lt n (BinInt.Z.succ m) <-> BinInt.Z.le n m
BinPos.Pos.lt_succ_r :
forall p q : BinNums.positive, BinPos.Pos.lt p (BinPos.Pos.succ q) <-> BinPos.Pos.le p q
PeanoNat.Nat.lt_succ_r :
forall n m : nat, n < S m <-> n <= m
BinNat.N.lt_succ_r :
forall n m : BinNums.N, BinNat.N.lt n (BinNat.N.succ m) <-> BinNat.N.le n m
BinInt.Z.lt_succ_l :
forall n m : BinNums.Z, BinInt.Z.lt (BinInt.Z.succ n) m -> BinInt.Z.lt n m
PeanoNat.Nat.lt_succ_l :
forall n m : nat, S n < m -> n < m
BinNat.N.lt_succ_l :
forall n m : BinNums.N, BinNat.N.lt (BinNat.N.succ n) m -> BinNat.N.lt n m
BinInt.Z.lt_succ_diag_r :
forall n : BinNums.Z, BinInt.Z.lt n (BinInt.Z.succ n)
BinPos.Pos.lt_succ_diag_r :
forall p : BinNums.positive, BinPos.Pos.lt p (BinPos.Pos.succ p)
PeanoNat.Nat.lt_succ_diag_r :
forall n : nat, n < S n
BinNat.N.lt_succ_diag_r :
forall n : BinNums.N, BinNat.N.lt n (BinNat.N.succ n)
BinInt.Z.lt_sub_lt_add_r :
forall n m p : BinNums.Z, BinInt.Z.lt (BinInt.Z.sub n p) m <-> BinInt.Z.lt n (BinInt.Z.add m p)
BinInt.Z.lt_sub_0 :
forall n m : BinNums.Z, BinInt.Z.lt (BinInt.Z.sub n m) BinNums.Z0 <-> BinInt.Z.lt n m
BinInt.Z.lt_strorder :
RelationClasses.StrictOrder BinInt.Z.lt
BinPos.Pos.lt_strorder :
RelationClasses.StrictOrder BinPos.Pos.lt
PeanoNat.Nat.lt_strorder :
RelationClasses.StrictOrder lt
BinNat.N.lt_strorder :
RelationClasses.StrictOrder BinNat.N.lt
stepindex.SIdx.lt_strict :
forall SI : stepindex.sidx, RelationClasses.StrictOrder stepindex.sidx_lt
numbers.Qp.lt_strict :
RelationClasses.StrictOrder numbers.Qp.lt
BinInt.Z.lt_pred_l :
forall n : BinNums.Z, BinInt.Z.lt (BinInt.Z.pred n) n
numbers.Z.lt_pi :
forall x y : BinNums.Z, base.ProofIrrel (BinInt.Z.lt x y)
BinPos.Pos.lt_not_add_l :
forall p q : BinNums.positive, ~ BinPos.Pos.lt (BinPos.Pos.add p q) p
BinPos.Pos.lt_nle :
forall p q : BinNums.positive, BinPos.Pos.lt p q <-> ~ BinPos.Pos.le q p
BinInt.Z.lt_nge :
forall n m : BinNums.Z, BinInt.Z.lt n m <-> ~ BinInt.Z.le m n
BinInt.Z.lt_neq :
forall n m : BinNums.Z, BinInt.Z.lt n m -> n <> m
BinInt.Z.lt_lt_succ_r :
forall n m : BinNums.Z, BinInt.Z.lt n m -> BinInt.Z.lt n (BinInt.Z.succ m)
PeanoNat.Nat.lt_lt_succ_r :
forall n m : nat, n < m -> n < S m
BinNat.N.lt_lt_succ_r :
forall n m : BinNums.N, BinNat.N.lt n m -> BinNat.N.lt n (BinNat.N.succ m)
BinInt.Z.lt_le_trans :
forall n m p : BinNums.Z, BinInt.Z.lt n m -> BinInt.Z.le m p -> BinInt.Z.lt n p
BinPos.Pos.lt_le_trans :
forall n m p : BinNums.positive, BinPos.Pos.lt n m -> BinPos.Pos.le m p -> BinPos.Pos.lt n p
PeanoNat.Nat.lt_le_trans :
forall n m p : nat, n < m -> m <= p -> n < p
BinInt.Z.lt_le_pred :
forall n m : BinNums.Z, BinInt.Z.lt n m <-> BinInt.Z.le n (BinInt.Z.pred m)
BinInt.Z.lt_le_incl :
forall n m : BinNums.Z, BinInt.Z.lt n m -> BinInt.Z.le n m
numbers.Qp.lt_le_incl :
forall p q : numbers.Qp, numbers.Qp.lt p q -> numbers.Qp.le p q
BinPos.Pos.lt_le_incl :
forall p q : BinNums.positive, BinPos.Pos.lt p q -> BinPos.Pos.le p q
PeanoNat.Nat.lt_le_incl :
forall n m : nat, n < m -> n <= m
BinNat.N.lt_le_incl :
forall n m : BinNums.N, BinNat.N.lt n m -> BinNat.N.le n m
ZMicromega.lt_le_iff :
forall x : BinNums.Z, BinInt.Z.lt BinNums.Z0 x <-> BinInt.Z.le BinNums.Z0 (BinInt.Z.sub x (BinNums.Zpos BinNums.xH))
BinInt.Z.lt_irrefl :
forall x : BinNums.Z, ~ BinInt.Z.lt x x
BinInt.Z.Private_OrderTac.Tac.lt_irrefl :
forall x : BinNums.Z, ~ BinInt.Z.lt x x
PeanoNat.Nat.Private_OrderTac.Tac.lt_irrefl :
forall x : nat, ~ x < x
BinNat.N.Private_OrderTac.Tac.lt_irrefl :
forall x : BinNums.N, ~ BinNat.N.lt x x
BinPos.Pos.Private_Tac.lt_irrefl :
forall x : BinNums.positive, ~ BinPos.Pos.lt x x
PeanoNat.Nat.Private_Tac.lt_irrefl :
forall x : nat, ~ x < x
BinPos.Pos.lt_irrefl :
forall x : BinNums.positive, ~ BinPos.Pos.lt x x
PeanoNat.Nat.lt_irrefl :
forall x : nat, ~ x < x
BinNat.N.lt_irrefl :
forall x : BinNums.N, ~ BinNat.N.lt x x
PeanoNat.Nat.lt_ind_rel :
forall R : Relation_Definitions.relation nat, Morphisms.Proper (Morphisms.respectful eq (Morphisms.respectful eq iff)) R -> (forall m : nat, R 0 (S m)) -> (forall n m : nat, n < m -> R n m -> R (S n) (S m)) -> forall n m : nat, n < m -> R n m
BinNat.N.lt_ind_rel :
forall R : Relation_Definitions.relation BinNums.N,
Morphisms.Proper (Morphisms.respectful eq (Morphisms.respectful eq iff)) R -> (forall m : BinNums.N, R BinNums.N0 (BinNat.N.succ m)) -> (forall n m : BinNums.N, BinNat.N.lt n m -> R n m -> R (BinNat.N.succ n) (BinNat.N.succ m)) -> forall n m : BinNums.N, BinNat.N.lt n m -> R n m
BinInt.Z.lt_ind :
forall A : BinNums.Z -> Prop, Morphisms.Proper (Morphisms.respectful eq iff) A -> forall n : BinNums.Z, A (BinInt.Z.succ n) -> (forall m : BinNums.Z, BinInt.Z.lt n m -> A m -> A (BinInt.Z.succ m)) -> forall m : BinNums.Z, BinInt.Z.lt n m -> A m
PeanoNat.Nat.lt_ind :
forall A : nat -> Prop, Morphisms.Proper (Morphisms.respectful eq iff) A -> forall n : nat, A (S n) -> (forall m : nat, n < m -> A m -> A (S m)) -> forall m : nat, n < m -> A m
BinNat.N.lt_ind :
forall A : BinNums.N -> Prop, Morphisms.Proper (Morphisms.respectful eq iff) A -> forall n : BinNums.N, A (BinNat.N.succ n) -> (forall m : BinNums.N, BinNat.N.lt n m -> A m -> A (BinNat.N.succ m)) -> forall m : BinNums.N, BinNat.N.lt n m -> A m
BinPos.Pos.lt_iff_add :
forall p q : BinNums.positive, BinPos.Pos.lt p q <-> (exists r : BinNums.positive, BinPos.Pos.add p r = q)
BinInt.Z.lt_gt_cases :
forall n m : BinNums.Z, n <> m <-> BinInt.Z.lt n m \/ BinInt.Z.lt m n
BinInt.Z.lt_gt :
forall n m : BinNums.Z, BinInt.Z.lt n m -> BinInt.Z.gt m n
BinPos.Pos.lt_gt :
forall p q : BinNums.positive, BinPos.Pos.lt p q -> BinPos.Pos.gt q p
BinInt.Z.lt_ge_cases :
forall n m : BinNums.Z, BinInt.Z.lt n m \/ BinInt.Z.le m n
BinInt.Z.lt_exists_pred :
forall z n : BinNums.Z, BinInt.Z.lt z n -> exists k : BinNums.Z, n = BinInt.Z.succ k /\ BinInt.Z.le z k
PeanoNat.Nat.lt_exists_pred :
forall z n : nat, z < n -> exists k : nat, n = S k /\ z <= k
BinNat.N.lt_exists_pred :
forall z n : BinNums.N, BinNat.N.lt z n -> exists k : BinNums.N, n = BinNat.N.succ k /\ BinNat.N.le z k
BinInt.Z.lt_eq_cases :
forall n m : BinNums.Z, BinInt.Z.le n m <-> BinInt.Z.lt n m \/ n = m
BinPos.Pos.lt_eq_cases :
forall n m : BinNums.positive, BinPos.Pos.le n m <-> BinPos.Pos.lt n m \/ n = m
PeanoNat.Nat.lt_eq_cases :
forall n m : nat, n <= m <-> n < m \/ n = m
BinNat.N.lt_eq_cases :
forall n m : BinNums.N, BinNat.N.le n m <-> BinNat.N.lt n m \/ n = m
BinPos.Pos.lt_compat :
Morphisms.Proper (Morphisms.respectful eq (Morphisms.respectful eq iff)) BinPos.Pos.lt
BinInt.Z.lt_asymm :
forall n m : BinNums.Z, BinInt.Z.lt n m -> ~ BinInt.Z.lt m n
PeanoNat.Nat.lt_asymm :
forall n m : nat, n < m -> ~ m < n
BinNat.N.lt_asymm :
forall n m : BinNums.N, BinNat.N.lt n m -> ~ BinNat.N.lt m n
BinPos.Pos.lt_add_r :
forall p q : BinNums.positive, BinPos.Pos.lt p (BinPos.Pos.add p q)
BinInt.Z.lt_add_pos_r :
forall n m : BinNums.Z, BinInt.Z.lt BinNums.Z0 n -> BinInt.Z.lt m (BinInt.Z.add m n)
BinInt.Z.lt_add_pos_l :
forall n m : BinNums.Z, BinInt.Z.lt BinNums.Z0 n -> BinInt.Z.lt m (BinInt.Z.add n m)
BinInt.Z.lt_add_lt_sub_r :
forall n m p : BinNums.Z, BinInt.Z.lt (BinInt.Z.add n p) m <-> BinInt.Z.lt n (BinInt.Z.sub m p)
numbers.Qp.lt_add_l :
forall p q : numbers.Qp, numbers.Qp.lt p (numbers.Qp.add p q)
BinPos.Pos.lt_1_succ :
forall p : BinNums.positive, BinPos.Pos.lt BinNums.xH (BinPos.Pos.succ p)
BinInt.Z.lt_1_mul_pos :
forall n m : BinNums.Z, BinInt.Z.lt (BinNums.Zpos BinNums.xH) n -> BinInt.Z.lt BinNums.Z0 m -> BinInt.Z.lt (BinNums.Zpos BinNums.xH) (BinInt.Z.mul n m)
BinInt.Z.lt_1_l :
forall n m : BinNums.Z, BinInt.Z.lt BinNums.Z0 n -> BinInt.Z.lt n m -> BinInt.Z.lt (BinNums.Zpos BinNums.xH) m
BinInt.Z.lt_1_2 :
BinInt.Z.lt (BinNums.Zpos BinNums.xH) (BinNums.Zpos (BinNums.xO BinNums.xH))
PeanoNat.Nat.lt_0_succ :
forall n : nat, 0 < S n
BinInt.Z.lt_0_sub :
forall n m : BinNums.Z, BinInt.Z.lt BinNums.Z0 (BinInt.Z.sub m n) <-> BinInt.Z.lt n m
BinInt.Z.lt_0_2 :
BinInt.Z.lt BinNums.Z0 (BinNums.Zpos (BinNums.xO BinNums.xH))
BinInt.Z.lt_0_1 :
BinInt.Z.lt BinNums.Z0 (BinNums.Zpos BinNums.xH)
BinInt.Z.lor_spec :
forall a b n : BinNums.Z, BinInt.Z.testbit (BinInt.Z.lor a b) n = (BinInt.Z.testbit a n || BinInt.Z.testbit b n)%bool
BinNat.N.lor_spec :
forall a a' n : BinNums.N, BinNat.N.testbit (BinNat.N.lor a a') n = (BinNat.N.testbit a n || BinNat.N.testbit a' n)%bool
BinInt.Z.lor_nonneg :
forall a b : BinNums.Z, BinInt.Z.le BinNums.Z0 (BinInt.Z.lor a b) <-> BinInt.Z.le BinNums.Z0 a /\ BinInt.Z.le BinNums.Z0 b
BinInt.Z.lor_neg :
forall a b : BinNums.Z, BinInt.Z.lt (BinInt.Z.lor a b) BinNums.Z0 <-> BinInt.Z.lt a BinNums.Z0 \/ BinInt.Z.lt b BinNums.Z0
fin_maps.lookup_weaken_inv :
forall (K : Type) (M : Type -> Type) (H0 : forall A : Type, base.Lookup K A (M A)) (A : Type) (m1 m2 : M A) (i : K) (x y : A), base.lookup i m1 = Some x -> base.subseteq m1 m2 -> base.lookup i m2 = Some y -> x = y
fin_maps.lookup_weaken :
forall (K : Type) (M : Type -> Type) (H0 : forall A : Type, base.Lookup K A (M A)) (A : Type) (m1 m2 : M A) (i : K) (x : A), base.lookup i m1 = Some x -> base.subseteq m1 m2 -> base.lookup i m2 = Some x
fin_maps.lookup_union_with :
forall (K : Type) (M : Type -> Type) (H : base.FMap M) (H0 : forall A : Type, base.Lookup K A (M A)) (H1 : forall A : Type, base.Empty (M A)) (H2 : forall A : Type, base.PartialAlter K A (M A)) (H3 : base.OMap M) (H4 : base.Merge M) (H5 : forall A : Type, fin_maps.MapFold K A (M A))
  (EqDecision0 : base.RelDecision eq),
fin_maps.FinMap K M -> forall (A : Type) (f : A -> A -> option A) (m1 m2 : M A) (i : K), base.lookup i (base.union_with f m1 m2) = base.union_with f (base.lookup i m1) (base.lookup i m2)
fin_maps.lookup_proper :
forall (K : Type) (M : Type -> Type) (H0 : forall A : Type, base.Lookup K A (M A)) (A : Type) (H7 : base.Equiv A) (i : K), Morphisms.Proper (Morphisms.respectful base.equiv base.equiv) (base.lookup i)
gmap.lookup_op :
forall (SI : stepindex.sidx) (K : Type) (EqDecision0 : base.RelDecision eq) (H : countable.Countable K) (A : cmra.cmra) (m1 m2 : gmap.gmap K (cmra.cmra_car A)) (i : K), base.lookup i (cmra.op m1 m2) = cmra.op (base.lookup i m1) (base.lookup i m2)
fin_maps.lookup_insert_ne :
forall (K : Type) (M : Type -> Type) (H : base.FMap M) (H0 : forall A : Type, base.Lookup K A (M A)) (H1 : forall A : Type, base.Empty (M A)) (H2 : forall A : Type, base.PartialAlter K A (M A)) (H3 : base.OMap M) (H4 : base.Merge M) (H5 : forall A : Type, fin_maps.MapFold K A (M A))
  (EqDecision0 : base.RelDecision eq),
fin_maps.FinMap K M -> forall (A : Type) (m : M A) (i j : K) (x : A), i <> j -> base.lookup j (base.insert i x m) = base.lookup j m
fin_maps.lookup_insert :
forall (K : Type) (M : Type -> Type) (H : base.FMap M) (H0 : forall A : Type, base.Lookup K A (M A)) (H1 : forall A : Type, base.Empty (M A)) (H2 : forall A : Type, base.PartialAlter K A (M A)) (H3 : base.OMap M) (H4 : base.Merge M) (H5 : forall A : Type, fin_maps.MapFold K A (M A))
  (EqDecision0 : base.RelDecision eq),
fin_maps.FinMap K M -> forall (A : Type) (m : M A) (i : K) (x : A), base.lookup i (base.insert i x m) = Some x
gmap.lookup_included :
forall (SI : stepindex.sidx) (K : Type) (EqDecision0 : base.RelDecision eq) (H : countable.Countable K) (A : cmra.cmra) (m1 m2 : gmap.gmap K (cmra.cmra_car A)), cmra.included m1 m2 <-> (forall i : K, cmra.included (base.lookup i m1) (base.lookup i m2))
fin_maps.lookup_empty_Some :
forall (K : Type) (M : Type -> Type) (H : base.FMap M) (H0 : forall A : Type, base.Lookup K A (M A)) (H1 : forall A : Type, base.Empty (M A)) (H2 : forall A : Type, base.PartialAlter K A (M A)) (H3 : base.OMap M) (H4 : base.Merge M) (H5 : forall A : Type, fin_maps.MapFold K A (M A))
  (EqDecision0 : base.RelDecision eq),
fin_maps.FinMap K M -> forall (A : Type) (i : K) (x : A), base.lookup i (base.empty : M A) <> Some x
fin_maps.lookup_delete_ne :
forall (K : Type) (M : Type -> Type) (H : base.FMap M) (H0 : forall A : Type, base.Lookup K A (M A)) (H1 : forall A : Type, base.Empty (M A)) (H2 : forall A : Type, base.PartialAlter K A (M A)) (H3 : base.OMap M) (H4 : base.Merge M) (H5 : forall A : Type, fin_maps.MapFold K A (M A))
  (EqDecision0 : base.RelDecision eq),
fin_maps.FinMap K M -> forall (A : Type) (m : M A) (i j : K), i <> j -> base.lookup j (base.delete i m) = base.lookup j m
fin_maps.lookup_delete_Some :
forall (K : Type) (M : Type -> Type) (H : base.FMap M) (H0 : forall A : Type, base.Lookup K A (M A)) (H1 : forall A : Type, base.Empty (M A)) (H2 : forall A : Type, base.PartialAlter K A (M A)) (H3 : base.OMap M) (H4 : base.Merge M) (H5 : forall A : Type, fin_maps.MapFold K A (M A))
  (EqDecision0 : base.RelDecision eq),
fin_maps.FinMap K M -> forall (A : Type) (m : M A) (i j : K) (y : A), base.lookup j (base.delete i m) = Some y <-> i <> j /\ base.lookup j m = Some y
fin_maps.lookup_delete :
forall (K : Type) (M : Type -> Type) (H : base.FMap M) (H0 : forall A : Type, base.Lookup K A (M A)) (H1 : forall A : Type, base.Empty (M A)) (H2 : forall A : Type, base.PartialAlter K A (M A)) (H3 : base.OMap M) (H4 : base.Merge M) (H5 : forall A : Type, fin_maps.MapFold K A (M A))
  (EqDecision0 : base.RelDecision eq),
fin_maps.FinMap K M -> forall (A : Type) (m : M A) (i : K), base.lookup i (base.delete i m) = None
gmap.lookup_core :
forall (SI : stepindex.sidx) (K : Type) (EqDecision0 : base.RelDecision eq) (H : countable.Countable K) (A : cmra.cmra) (m : gmap.gmap K (cmra.cmra_car A)) (i : K), base.lookup i (cmra.core m) = cmra.core (base.lookup i m)
BinInt.Z.log2_wd :
Morphisms.Proper (Morphisms.respectful eq eq) BinInt.Z.log2
BinInt.Z.log2_unique' :
forall a b c : BinNums.Z, BinInt.Z.le BinNums.Z0 b -> BinInt.Z.le BinNums.Z0 c /\ BinInt.Z.lt c (BinInt.Z.pow (BinNums.Zpos (BinNums.xO BinNums.xH)) b) -> a = BinInt.Z.add (BinInt.Z.pow (BinNums.Zpos (BinNums.xO BinNums.xH)) b) c -> BinInt.Z.log2 a = b
BinInt.Z.log2_unique :
forall a b : BinNums.Z, BinInt.Z.le BinNums.Z0 b -> BinInt.Z.le (BinInt.Z.pow (BinNums.Zpos (BinNums.xO BinNums.xH)) b) a /\ BinInt.Z.lt a (BinInt.Z.pow (BinNums.Zpos (BinNums.xO BinNums.xH)) (BinInt.Z.succ b)) -> BinInt.Z.log2 a = b
BinInt.Z.log2_spec_alt :
forall a : BinNums.Z, BinInt.Z.lt BinNums.Z0 a -> exists r : BinNums.Z, a = BinInt.Z.add (BinInt.Z.pow (BinNums.Zpos (BinNums.xO BinNums.xH)) (BinInt.Z.log2 a)) r /\ BinInt.Z.le BinNums.Z0 r /\ BinInt.Z.lt r (BinInt.Z.pow (BinNums.Zpos (BinNums.xO BinNums.xH)) (BinInt.Z.log2 a))
BinInt.Z.log2_spec :
forall n : BinNums.Z, BinInt.Z.lt BinNums.Z0 n -> BinInt.Z.le (BinInt.Z.pow (BinNums.Zpos (BinNums.xO BinNums.xH)) (BinInt.Z.log2 n)) n /\ BinInt.Z.lt n (BinInt.Z.pow (BinNums.Zpos (BinNums.xO BinNums.xH)) (BinInt.Z.succ (BinInt.Z.log2 n)))
BinInt.Z.log2_pow2 :
forall a : BinNums.Z, BinInt.Z.le BinNums.Z0 a -> BinInt.Z.log2 (BinInt.Z.pow (BinNums.Zpos (BinNums.xO BinNums.xH)) a) = a
BinInt.Z.log2_nonpos :
forall n : BinNums.Z, BinInt.Z.le n BinNums.Z0 -> BinInt.Z.log2 n = BinNums.Z0
BinInt.Z.log2_nonneg :
forall a : BinNums.Z, BinInt.Z.le BinNums.Z0 (BinInt.Z.log2 a)
BinInt.Z.log2_lt_pow2 :
forall a b : BinNums.Z, BinInt.Z.lt BinNums.Z0 a -> BinInt.Z.lt a (BinInt.Z.pow (BinNums.Zpos (BinNums.xO BinNums.xH)) b) <-> BinInt.Z.lt (BinInt.Z.log2 a) b
BinInt.Z.log2_lt_cancel :
forall a b : BinNums.Z, BinInt.Z.lt (BinInt.Z.log2 a) (BinInt.Z.log2 b) -> BinInt.Z.lt a b
BinInt.Z.log2_le_pow2 :
forall a b : BinNums.Z, BinInt.Z.lt BinNums.Z0 a -> BinInt.Z.le (BinInt.Z.pow (BinNums.Zpos (BinNums.xO BinNums.xH)) b) a <-> BinInt.Z.le b (BinInt.Z.log2 a)
BinInt.Z.log2_le_mono :
forall a b : BinNums.Z, BinInt.Z.le a b -> BinInt.Z.le (BinInt.Z.log2 a) (BinInt.Z.log2 b)
Ring_polynom.local_mkpow_ok :
forall (R : Type) (rI : R) (rmul : R -> R -> R) (req : R -> R -> Prop),
RelationClasses.Equivalence req ->
forall (Cpow : Type) (Cp_phi : BinNums.N -> Cpow) (rpow : R -> Cpow -> R), Ring_theory.power_theory rI rmul req Cp_phi rpow -> forall (r : R) (p : BinNums.positive), req match p with
                                                                                                                                                                          | BinNums.xH => r
                                                                                                                                                                          | _ => rpow r (Cp_phi (BinNums.Npos p))
                                                                                                                                                                          end (Ring_theory.pow_pos rmul r p)
BinInt.Z.lnot_wd :
Morphisms.Proper (Morphisms.respectful eq eq) BinInt.Z.lnot
BinInt.Z.lnot_spec :
forall a n : BinNums.Z, BinInt.Z.le BinNums.Z0 n -> BinInt.Z.testbit (BinInt.Z.lnot a) n = negb (BinInt.Z.testbit a n)
BinInt.Z.lnot_nonneg :
forall a : BinNums.Z, BinInt.Z.le BinNums.Z0 (BinInt.Z.lnot a) <-> BinInt.Z.lt a BinNums.Z0
BinInt.Z.lnot_neg :
forall a : BinNums.Z, BinInt.Z.lt (BinInt.Z.lnot a) BinNums.Z0 <-> BinInt.Z.le BinNums.Z0 a
BinInt.Z.lnot_land :
forall a b : BinNums.Z, BinInt.Z.lnot (BinInt.Z.land a b) = BinInt.Z.lor (BinInt.Z.lnot a) (BinInt.Z.lnot b)
BinInt.Z.lnot_involutive :
forall a : BinNums.Z, BinInt.Z.lnot (BinInt.Z.lnot a) = a
fin_maps.list_to_map_to_list :
forall (K : Type) (M : Type -> Type) (H : base.FMap M) (H0 : forall A : Type, base.Lookup K A (M A)) (H1 : forall A : Type, base.Empty (M A)) (H2 : forall A : Type, base.PartialAlter K A (M A)) (H3 : base.OMap M) (H4 : base.Merge M) (H5 : forall A : Type, fin_maps.MapFold K A (M A))
  (EqDecision0 : base.RelDecision eq),
fin_maps.FinMap K M -> forall (A : Type) (m : M A), fin_maps.list_to_map (fin_maps.map_to_list m) = m
fin_maps.list_to_map_proper :
forall (K : Type) (M : Type -> Type) (H : base.FMap M) (H0 : forall A : Type, base.Lookup K A (M A)) (H1 : forall A : Type, base.Empty (M A)) (H2 : forall A : Type, base.PartialAlter K A (M A)) (H3 : base.OMap M) (H4 : base.Merge M) (H5 : forall A : Type, fin_maps.MapFold K A (M A))
  (EqDecision0 : base.RelDecision eq),
fin_maps.FinMap K M -> forall (A : Type) (l1 l2 : list (K * A)), base.NoDup (base.fmap fst l1) -> Permutation.Permutation l1 l2 -> (fin_maps.list_to_map l1 : M A) = fin_maps.list_to_map l2
fin_maps.list_to_map_inj :
forall (K : Type) (M : Type -> Type) (H : base.FMap M) (H0 : forall A : Type, base.Lookup K A (M A)) (H1 : forall A : Type, base.Empty (M A)) (H2 : forall A : Type, base.PartialAlter K A (M A)) (H3 : base.OMap M) (H4 : base.Merge M) (H5 : forall A : Type, fin_maps.MapFold K A (M A))
  (EqDecision0 : base.RelDecision eq),
fin_maps.FinMap K M -> forall (A : Type) (l1 l2 : list (K * A)), base.NoDup (base.fmap fst l1) -> base.NoDup (base.fmap fst l2) -> (fin_maps.list_to_map l1 : M A) = fin_maps.list_to_map l2 -> Permutation.Permutation l1 l2
list_monad.list_lookup_fmap :
forall (A B : Type) (f : A -> B) (l : list A) (i : nat), base.lookup i (base.fmap f l) = base.fmap f (base.lookup i l)
countable.list_countable_obligation_1 :
forall (A : Type) (EqA : base.RelDecision eq) (CA : countable.Countable A) (xs : list A), base.mbind (fun positives : list BinNums.positive => list_monad.mapM countable.decode positives) (list_misc.positives_unflatten (list_misc.positives_flatten (base.fmap countable.encode xs))) = Some xs
MachineWord.MachineWord.list_concat_step :
forall (n : BinNums.N) (l : list (MachineWord.MachineWord.word n)) (w : MachineWord.MachineWord.word n), BinNat.N.add n (BinNat.N.mul n (BinNat.N.of_nat (length l))) = BinNat.N.mul n (BinNat.N.of_nat (length (w :: l)))
MachineWord.MachineWord.list_concat_base :
forall n : BinNums.N, BinNums.N0 = BinNat.N.mul n (BinNat.N.of_nat (length nil))
fin_maps.length_map_to_list :
forall (K : Type) (M : Type -> Type) (H : base.FMap M) (H0 : forall A : Type, base.Lookup K A (M A)) (H1 : forall A : Type, base.Empty (M A)) (H2 : forall A : Type, base.PartialAlter K A (M A)) (H3 : base.OMap M) (H4 : base.Merge M) (H5 : forall A : Type, fin_maps.MapFold K A (M A))
  (EqDecision0 : base.RelDecision eq),
fin_maps.FinMap K M -> forall (A : Type) (m : M A), length (fin_maps.map_to_list m) = base.size m
list_basics.length_app :
forall (A : Type) (l l' : list A), length (l ++ l') = length l + length l'
List.length_app :
forall (A : Type) (l l' : list A), length (l ++ l') = length l + length l'
list_relations.length_Permutation_proper :
forall A : Type, Morphisms.Proper (Morphisms.respectful Permutation.Permutation eq) length
base.leibniz_equiv_iff :
forall (A : Type) (H : base.Equiv A), base.LeibnizEquiv A -> RelationClasses.Reflexive base.equiv -> forall x y : A, base.equiv x y <-> x = y
BinInt.Z.left_induction :
forall A : BinNums.Z -> Prop, Morphisms.Proper (Morphisms.respectful eq iff) A -> forall z : BinNums.Z, A z -> (forall n : BinNums.Z, BinInt.Z.lt n z -> A (BinInt.Z.succ n) -> A n) -> forall n : BinNums.Z, BinInt.Z.le n z -> A n
base.left_id_L :
forall (A : Type) (i : A) (f : A -> A -> A), base.LeftId eq i f -> forall x : A, f i x = x
BinInt.Z.leb_spec :
forall x y : BinNums.Z, BoolSpec (BinInt.Z.le x y) (BinInt.Z.lt y x) (BinInt.Z.leb x y)
BinNat.N.leb_spec :
forall x y : BinNums.N, BoolSpec (BinNat.N.le x y) (BinNat.N.lt y x) (BinNat.N.leb x y)
BinInt.Z.leb_nle :
forall x y : BinNums.Z, BinInt.Z.leb x y = false <-> ~ BinInt.Z.le x y
BinInt.Z.leb_le :
forall n m : BinNums.Z, BinInt.Z.leb n m = true <-> BinInt.Z.le n m
BinPos.Pos.leb_le :
forall p q : BinNums.positive, BinPos.Pos.leb p q = true <-> BinPos.Pos.le p q
BinNat.N.leb_le :
forall n m : BinNums.N, BinNat.N.leb n m = true <-> BinNat.N.le n m
BinInt.Z.leb_gt :
forall x y : BinNums.Z, BinInt.Z.leb x y = false <-> BinInt.Z.lt y x
BinInt.Z.le_wd :
Morphisms.Proper (Morphisms.respectful eq (Morphisms.respectful eq iff)) BinInt.Z.le
PeanoNat.Nat.le_wd :
Morphisms.Proper (Morphisms.respectful eq (Morphisms.respectful eq iff)) le
BinNat.N.le_wd :
Morphisms.Proper (Morphisms.respectful eq (Morphisms.respectful eq iff)) BinNat.N.le
BinInt.Z.le_trans :
forall n m p : BinNums.Z, BinInt.Z.le n m -> BinInt.Z.le m p -> BinInt.Z.le n p
BinPos.Pos.le_trans :
forall n m p : BinNums.positive, BinPos.Pos.le n m -> BinPos.Pos.le m p -> BinPos.Pos.le n p
PeanoNat.Nat.le_trans :
forall n m p : nat, n <= m -> m <= p -> n <= p
BinNat.N.le_trans :
forall n m p : BinNums.N, BinNat.N.le n m -> BinNat.N.le m p -> BinNat.N.le n p
BinInt.Z.le_succ_r :
forall n m : BinNums.Z, BinInt.Z.le n (BinInt.Z.succ m) <-> BinInt.Z.le n m \/ n = BinInt.Z.succ m
PeanoNat.Nat.le_succ_r :
forall n m : nat, n <= S m <-> n <= m \/ n = S m
BinNat.N.le_succ_r :
forall n m : BinNums.N, BinNat.N.le n (BinNat.N.succ m) <-> BinNat.N.le n m \/ n = BinNat.N.succ m
BinInt.Z.le_succ_l :
forall n m : BinNums.Z, BinInt.Z.le (BinInt.Z.succ n) m <-> BinInt.Z.lt n m
BinPos.Pos.le_succ_l :
forall n m : BinNums.positive, BinPos.Pos.le (BinPos.Pos.succ n) m <-> BinPos.Pos.lt n m
PeanoNat.Nat.le_succ_l :
forall n m : nat, S n <= m <-> n < m
BinNat.N.le_succ_l :
forall n m : BinNums.N, BinNat.N.le (BinNat.N.succ n) m <-> BinNat.N.lt n m
BinInt.Z.le_sub_le_add_r :
forall n m p : BinNums.Z, BinInt.Z.le (BinInt.Z.sub n p) m <-> BinInt.Z.le n (BinInt.Z.add m p)
BinInt.Z.le_sub_le_add_l :
forall n m p : BinNums.Z, BinInt.Z.le (BinInt.Z.sub n m) p <-> BinInt.Z.le n (BinInt.Z.add m p)
BinInt.Z.le_refl :
forall n : BinNums.Z, BinInt.Z.le n n
BinInt.Z.Private_OrderTac.Tac.le_refl :
forall x : BinNums.Z, BinInt.Z.le x x
BinPos.Pos.le_refl :
forall p : BinNums.positive, BinPos.Pos.le p p
PeanoNat.Nat.le_refl :
forall n : nat, n <= n
BinNat.N.le_refl :
forall n : BinNums.N, BinNat.N.le n n
BinInt.Z.le_preorder :
RelationClasses.PreOrder BinInt.Z.le
BinPos.Pos.le_preorder :
RelationClasses.PreOrder BinPos.Pos.le
PeanoNat.Nat.le_preorder :
RelationClasses.PreOrder le
BinNat.N.le_preorder :
RelationClasses.PreOrder BinNat.N.le
BinInt.Z.le_pred_l :
forall n : BinNums.Z, BinInt.Z.le (BinInt.Z.pred n) n
le_pred :
forall n m : nat, n <= m -> Nat.pred n <= Nat.pred m
stepindex.SIdx.le_po :
forall SI : stepindex.sidx, base.PartialOrder stepindex.sidx_le
numbers.Qp.le_po :
base.PartialOrder numbers.Qp.le
BinPos.Pos.le_nlt :
forall p q : BinNums.positive, BinPos.Pos.le p q <-> ~ BinPos.Pos.lt q p
BinInt.Z.le_ngt :
forall n m : BinNums.Z, BinInt.Z.le n m <-> ~ BinInt.Z.lt m n
PeanoNat.Nat.le_ngt :
forall n m : nat, n <= m <-> ~ m < n
BinInt.Z.Private_OrderTac.Tac.le_neq_lt :
forall x y : BinNums.Z, BinInt.Z.le x y -> x <> y -> BinInt.Z.lt x y
BinPos.Pos.Private_Tac.le_neq_lt :
forall x y : BinNums.positive, BinPos.Pos.le x y -> x <> y -> BinPos.Pos.lt x y
BinInt.Z.le_neq :
forall n m : BinNums.Z, BinInt.Z.lt n m <-> BinInt.Z.le n m /\ n <> m
PeanoNat.Nat.le_neq :
forall n m : nat, n < m <-> n <= m /\ n <> m
ZMicromega.le_neg :
forall x : BinNums.Z, (BinInt.Z.le BinNums.Z0 x -> False) <-> BinInt.Z.lt BinNums.Z0 (BinInt.Z.opp x)
le_n_S :
forall n m : nat, n <= m -> S n <= S m
BinPos.Pos.le_max_r :
forall n m : BinNums.positive, BinPos.Pos.le m (BinPos.Pos.max n m)
PeanoNat.Nat.le_max_r :
forall n m : nat, m <= PeanoNat.Nat.max n m
BinPos.Pos.le_max_l :
forall n m : BinNums.positive, BinPos.Pos.le n (BinPos.Pos.max n m)
PeanoNat.Nat.le_max_l :
forall n m : nat, n <= PeanoNat.Nat.max n m
stepindex.SIdx.le_lteq :
forall (SI : stepindex.sidx) (n m : stepindex.sidx_car), stepindex.sidx_le n m <-> stepindex.sidx_lt n m \/ n = m
BinInt.Z.le_lt_trans :
forall n m p : BinNums.Z, BinInt.Z.le n m -> BinInt.Z.lt m p -> BinInt.Z.lt n p
PeanoNat.Nat.le_lt_trans :
forall n m p : nat, n <= m -> m < p -> n < p
BinInt.Z.le_lt_add_lt :
forall n m p q : BinNums.Z, BinInt.Z.le n m -> BinInt.Z.lt (BinInt.Z.add p m) (BinInt.Z.add q n) -> BinInt.Z.lt p q
BinInt.Z.le_le_succ_r :
forall n m : BinNums.Z, BinInt.Z.le n m -> BinInt.Z.le n (BinInt.Z.succ m)
PeanoNat.Nat.le_le_succ_r :
forall n m : nat, n <= m -> n <= S m
BinNat.N.le_le_succ_r :
forall n m : BinNums.N, BinNat.N.le n m -> BinNat.N.le n (BinNat.N.succ m)
BinInt.Z.le_ind :
forall A : BinNums.Z -> Prop, Morphisms.Proper (Morphisms.respectful eq iff) A -> forall n : BinNums.Z, A n -> (forall m : BinNums.Z, BinInt.Z.le n m -> A m -> A (BinInt.Z.succ m)) -> forall m : BinNums.Z, BinInt.Z.le n m -> A m
BinInt.Z.le_gt_cases :
forall n m : BinNums.Z, BinInt.Z.le n m \/ BinInt.Z.lt m n
PeanoNat.Nat.le_gt_cases :
forall n m : nat, n <= m \/ m < n
BinNat.N.le_gt_cases :
forall n m : BinNums.N, BinNat.N.le n m \/ BinNat.N.lt m n
BinInt.Z.le_ge_cases :
forall n m : BinNums.Z, BinInt.Z.le n m \/ BinInt.Z.le m n
BinInt.Z.le_ge :
forall n m : BinNums.Z, BinInt.Z.le n m -> BinInt.Z.ge m n
BinInt.Z.le_exists_sub :
forall n m : BinNums.Z, BinInt.Z.le n m -> exists p : BinNums.Z, m = BinInt.Z.add p n /\ BinInt.Z.le BinNums.Z0 p
BinInt.Z.le_decidable :
forall n m : BinNums.Z, Decidable.decidable (BinInt.Z.le n m)
BinInt.Z.le_antisymm :
forall n m : BinNums.Z, BinInt.Z.le n m -> BinInt.Z.le m n -> n = m
BinInt.Z.Private_OrderTac.Tac.le_antisym :
forall x y : BinNums.Z, BinInt.Z.le x y -> BinInt.Z.le y x -> x = y
PeanoNat.Nat.Private_OrderTac.Tac.le_antisym :
forall x y : nat, x <= y -> y <= x -> x = y
BinPos.Pos.Private_Tac.le_antisym :
forall x y : BinNums.positive, BinPos.Pos.le x y -> BinPos.Pos.le y x -> x = y
BinPos.Pos.le_antisym :
forall p q : BinNums.positive, BinPos.Pos.le p q -> BinPos.Pos.le q p -> p = q
BinInt.Z.le_add_le_sub_r :
forall n m p : BinNums.Z, BinInt.Z.le (BinInt.Z.add n p) m <-> BinInt.Z.le n (BinInt.Z.sub m p)
BinInt.Z.le_add_le_sub_l :
forall n m p : BinNums.Z, BinInt.Z.le (BinInt.Z.add n p) m <-> BinInt.Z.le p (BinInt.Z.sub m n)
numbers.Qp.le_add_l :
forall p q : numbers.Qp, numbers.Qp.le p (numbers.Qp.add p q)
le_S_n :
forall n m : nat, S n <= S m -> n <= m
BinPos.Pos.le_1_l :
forall p : BinNums.positive, BinPos.Pos.le BinNums.xH p
BinInt.Z.le_0_sub :
forall n m : BinNums.Z, BinInt.Z.le BinNums.Z0 (BinInt.Z.sub m n) <-> BinInt.Z.le n m
PeanoNat.Nat.le_0_r :
forall n : nat, n <= 0 <-> n = 0
le_0_n :
forall n : nat, 0 <= n
PeanoNat.Nat.le_0_l :
forall n : nat, 0 <= n
BinNat.N.le_0_l :
forall n : BinNums.N, BinNat.N.le BinNums.N0 n
ZMicromega.le_0_iff :
forall x y : BinNums.Z, BinInt.Z.le x y <-> BinInt.Z.le BinNums.Z0 (BinInt.Z.sub y x)
BinInt.Z.le_0_2 :
BinInt.Z.le BinNums.Z0 (BinNums.Zpos (BinNums.xO BinNums.xH))
BinInt.Z.le_0_1 :
BinInt.Z.le BinNums.Z0 (BinNums.Zpos BinNums.xH)
BinNat.N.ldiff_spec :
forall a a' n : BinNums.N, BinNat.N.testbit (BinNat.N.ldiff a a') n = (BinNat.N.testbit a n && negb (BinNat.N.testbit a' n))%bool
BinInt.Z.land_spec :
forall a b n : BinNums.Z, BinInt.Z.testbit (BinInt.Z.land a b) n = (BinInt.Z.testbit a n && BinInt.Z.testbit b n)%bool
BinNat.N.land_spec :
forall a a' n : BinNums.N, BinNat.N.testbit (BinNat.N.land a a') n = (BinNat.N.testbit a n && BinNat.N.testbit a' n)%bool
BinInt.Z.land_nonneg :
forall a b : BinNums.Z, BinInt.Z.le BinNums.Z0 (BinInt.Z.land a b) <-> BinInt.Z.le BinNums.Z0 a \/ BinInt.Z.le BinNums.Z0 b
BinList.jump_tl :
forall (A : Type) (j : BinNums.positive) (l : list A), List.tl (BinList.jump j l) = BinList.jump j (List.tl l)
BinList.jump_succ :
forall (A : Type) (j : BinNums.positive) (l : list A), BinList.jump (BinPos.Pos.succ j) l = BinList.jump BinNums.xH (BinList.jump j l)
Env.jump_simpl :
forall (D : Type) (p : BinNums.positive) (l : Env.Env D) (x : BinNums.positive), Env.jump p l x = match p with
                                                                                                  | BinNums.xI p0 => Env.jump p0 (Env.jump p0 (Env.tail l)) x
                                                                                                  | BinNums.xO p0 => Env.jump p0 (Env.jump p0 l) x
                                                                                                  | BinNums.xH => Env.tail l x
                                                                                                  end
Env.jump_pred_double :
forall (D : Type) (i : BinNums.positive) (l : Env.Env D) (x : BinNums.positive), Env.jump (BinPos.Pos.pred_double i) (Env.tail l) x = Env.jump i (Env.jump i l) x
BinList.jump_pred_double :
forall (A : Type) (i : BinNums.positive) (l : list A), BinList.jump (BinPos.Pos.pred_double i) (List.tl l) = BinList.jump i (BinList.jump i l)
Ring_polynom.jump_add' :
forall (R : Type) (i j : BinNums.positive) (l : list R), BinList.jump (BinPos.Pos.add i j) l = BinList.jump j (BinList.jump i l)
Env.jump_add :
forall (D : Type) (i j : BinNums.positive) (l : Env.Env D) (x : BinNums.positive), Env.jump (BinPos.Pos.add i j) l x = Env.jump i (Env.jump j l) x
BinList.jump_add :
forall (A : Type) (i j : BinNums.positive) (l : list A), BinList.jump (BinPos.Pos.add i j) l = BinList.jump i (BinList.jump j l)
BinPos.Pos.iter_swap_gen :
forall (A B : Type) (f : A -> B) (g : A -> A) (h : B -> B), (forall a : A, f (g a) = h (f a)) -> forall (p : BinNums.positive) (a : A), f (BinPos.Pos.iter g a p) = BinPos.Pos.iter h (f a) p
BinPos.Pos.iter_swap :
forall (p : BinNums.positive) (A : Type) (f : A -> A) (x : A), BinPos.Pos.iter f (f x) p = f (BinPos.Pos.iter f x p)
BinPos.Pos.iter_succ :
forall (p : BinNums.positive) (A : Type) (f : A -> A) (x : A), BinPos.Pos.iter f x (BinPos.Pos.succ p) = f (BinPos.Pos.iter f x p)
BinPos.Pos.iter_op_succ :
forall (A : Type) (op : A -> A -> A), (forall x y z : A, op x (op y z) = op (op x y) z) -> forall (p : BinNums.positive) (a : A), BinPos.Pos.iter_op op (BinPos.Pos.succ p) a = op a (BinPos.Pos.iter_op op p a)
BinPos.Pos.iter_invariant :
forall (p : BinNums.positive) (A : Type) (f : A -> A) (Inv : A -> Prop), (forall x : A, Inv x -> Inv (f x)) -> forall x : A, Inv x -> Inv (BinPos.Pos.iter f x p)
BinPos.Pos.iter_ind :
forall (A : Type) (f : A -> A) (a : A) (P : BinNums.positive -> A -> Prop), P BinNums.xH (f a) -> (forall (p : BinNums.positive) (a' : A), P p a' -> P (BinPos.Pos.succ p) (f a')) -> forall p : BinNums.positive, P p (BinPos.Pos.iter f a p)
BinPos.Pos.iter_add :
forall (p q : BinNums.positive) (A : Type) (f : A -> A) (x : A), BinPos.Pos.iter f x (BinPos.Pos.add p q) = BinPos.Pos.iter f (BinPos.Pos.iter f x q) p
ofe.iso_ofe_mixin :
forall (SI : stepindex.sidx) (A : ofe.ofe) (B : Type) (Equiv0 : base.Equiv B) (Dist0 : ofe.Dist B) (g : B -> ofe.ofe_car A),
(forall y1 y2 : B, base.equiv y1 y2 <-> base.equiv (g y1) (g y2)) -> (forall (n : stepindex.sidx_car) (y1 y2 : B), ofe.dist n y1 y2 <-> ofe.dist n (g y1) (g y2)) -> ofe.OfeMixin B
cmra.iso_cmra_mixin_restrict_validity :
forall (SI : stepindex.sidx) (A : cmra.cmra) (B : ofe.ofe) (PCore0 : cmra.PCore (ofe.ofe_car B)) (Op0 : cmra.Op (ofe.ofe_car B)) (Valid0 : cmra.Valid (ofe.ofe_car B)) (ValidN0 : cmra.ValidN (ofe.ofe_car B)) (f : cmra.cmra_car A -> ofe.ofe_car B) (g : ofe.ofe_car B -> cmra.cmra_car A),
(forall (n : stepindex.sidx_car) (y1 y2 : ofe.ofe_car B), ofe.dist n y1 y2 <-> ofe.dist n (g y1) (g y2)) ->
(forall x : cmra.cmra_car A, base.equiv (g (f x)) x) ->
(forall y : ofe.ofe_car B, base.equiv (cmra.pcore (g y)) (base.fmap g (cmra.pcore y))) ->
(forall y1 y2 : ofe.ofe_car B, base.equiv (g (cmra.op y1 y2)) (cmra.op (g y1) (g y2))) ->
(forall (n : stepindex.sidx_car) (y : ofe.ofe_car B), cmra.validN n y -> cmra.validN n (g y)) ->
(forall n : stepindex.sidx_car, Morphisms.Proper (Morphisms.respectful (ofe.dist n) Basics.impl) (cmra.validN n)) ->
(forall y : ofe.ofe_car B, cmra.valid y <-> (forall n : stepindex.sidx_car, cmra.validN n y)) ->
(forall (n m : stepindex.sidx_car) (y : ofe.ofe_car B), cmra.validN n y -> stepindex.sidx_le m n -> cmra.validN m y) -> (forall (n : stepindex.sidx_car) (y1 y2 : ofe.ofe_car B), cmra.validN n (cmra.op y1 y2) -> cmra.validN n y1) -> cmra.CmraMixin (ofe.ofe_car B)
Pnat.Pos2Nat.is_succ :
forall p : BinNums.positive, exists n : nat, BinPos.Pos.to_nat p = S n
Pnat.Pos2Nat.is_pos :
forall p : BinNums.positive, 0 < BinPos.Pos.to_nat p
ZMicromega.is_pol_Z0_eval_pol :
forall p : RingMicromega.PolC BinNums.Z, ZMicromega.is_pol_Z0 p = true -> forall env : RingMicromega.PolEnv BinNums.Z, ZMicromega.eval_pol env p = BinNums.Z0
BinInt.Pos2Z.is_nonneg :
forall p : BinNums.positive, BinInt.Z.le BinNums.Z0 (BinNums.Zpos p)
Znat.Nat2Z.is_nonneg :
forall n : nat, BinInt.Z.le BinNums.Z0 (BinInt.Z.of_nat n)
Znat.N2Z.is_nonneg :
forall n : BinNums.N, BinInt.Z.le BinNums.Z0 (BinInt.Z.of_N n)
Tauto.is_cnf_tt_inv :
forall (Term' Annot : Type) (f1 : Tauto.cnf Term' Annot), Tauto.is_cnf_tt f1 = true -> f1 = Tauto.cnf_tt Term' Annot
Tauto.is_cnf_tt_cnf_ff :
forall Term' Annot : Type, Tauto.is_cnf_tt (Tauto.cnf_ff Term' Annot) = false
Tauto.is_cnf_ff_inv :
forall (Term' Annot : Type) (f1 : Tauto.cnf Term' Annot), Tauto.is_cnf_ff f1 = true -> f1 = Tauto.cnf_ff Term' Annot
Tauto.is_cnf_ff_cnf_ff :
forall Term' Annot : Type, Tauto.is_cnf_ff (Tauto.cnf_ff Term' Annot) = true
Tauto.is_bool_inv :
forall (Term Annot : Type) (TX : Tauto.kind -> Type) (AF : Type) (k : Tauto.kind) (f : Tauto.TFormula Term Annot TX AF k) (res : bool), Tauto.is_bool f = Some res -> f = (if res then Tauto.TT k else Tauto.FF k)
option.is_Some_alt :
forall (A : Type) (mx : option A), option.is_Some mx <-> match mx with
                                                         | Some _ => True
                                                         | None => False
                                                         end
Pnat.SuccNat2Pos.inv :
forall (n : nat) (p : BinNums.positive), BinPos.Pos.to_nat p = S n -> BinPos.Pos.of_succ_nat n = p
Ring_polynom.interp_PElist_ok :
forall (R : Type) (rO rI : R) (radd rmul rsub : R -> R -> R) (ropp : R -> R) (req : R -> R -> Prop),
RelationClasses.Equivalence req ->
Ring_theory.ring_eq_ext radd rmul ropp req ->
Ring_theory.almost_ring_theory rO rI radd rmul rsub ropp req ->
forall (C : Type) (cO cI : C) (cadd cmul csub : C -> C -> C) (copp : C -> C) (ceqb : C -> C -> bool) (phi : C -> R),
Ring_theory.ring_morph rO rI radd rmul rsub ropp req cO cI cadd cmul csub copp ceqb phi ->
forall (Cpow : Type) (Cp_phi : BinNums.N -> Cpow) (rpow : R -> Cpow -> R),
Ring_theory.power_theory rI rmul req Cp_phi rpow ->
forall cdiv : C -> C -> C * C,
Ring_theory.div_theory req cadd cmul phi cdiv ->
forall (l : list R) (lpe : list (Ring_polynom.PExpr C * Ring_polynom.PExpr C)), Ring_polynom.interp_PElist rO rI radd rmul rsub ropp req phi Cp_phi rpow l lpe -> Ring_polynom.MPcond rO rI radd rmul req phi (Ring_polynom.mk_monpol_list cO cI cadd cmul csub copp ceqb cdiv lpe) l
fin_maps.insert_id :
forall (K : Type) (M : Type -> Type) (H : base.FMap M) (H0 : forall A : Type, base.Lookup K A (M A)) (H1 : forall A : Type, base.Empty (M A)) (H2 : forall A : Type, base.PartialAlter K A (M A)) (H3 : base.OMap M) (H4 : base.Merge M) (H5 : forall A : Type, fin_maps.MapFold K A (M A))
  (EqDecision0 : base.RelDecision eq),
fin_maps.FinMap K M -> forall (A : Type) (m : M A) (i : K) (x : A), base.lookup i m = Some x -> base.insert i x m = m
fin_maps.insert_delete_insert :
forall (K : Type) (M : Type -> Type) (H : base.FMap M) (H0 : forall A : Type, base.Lookup K A (M A)) (H1 : forall A : Type, base.Empty (M A)) (H2 : forall A : Type, base.PartialAlter K A (M A)) (H3 : base.OMap M) (H4 : base.Merge M) (H5 : forall A : Type, fin_maps.MapFold K A (M A))
  (EqDecision0 : base.RelDecision eq),
fin_maps.FinMap K M -> forall (A : Type) (m : M A) (i : K) (x : A), base.insert i x (base.delete i m) = base.insert i x m
fin_maps.insert_delete :
forall (K : Type) (M : Type -> Type) (H : base.FMap M) (H0 : forall A : Type, base.Lookup K A (M A)) (H1 : forall A : Type, base.Empty (M A)) (H2 : forall A : Type, base.PartialAlter K A (M A)) (H3 : base.OMap M) (H4 : base.Merge M) (H5 : forall A : Type, fin_maps.MapFold K A (M A))
  (EqDecision0 : base.RelDecision eq),
fin_maps.FinMap K M -> forall (A : Type) (m : M A) (i : K) (x : A), base.lookup i m = Some x -> base.insert i x (base.delete i m) = m
numbers.inject_Z_Qred :
forall n : BinNums.Z, Qreduction.Qred (QArith_base.inject_Z n) = QArith_base.inject_Z n
BinInt.Pos2Z.inj_succ :
forall p : BinNums.positive, BinNums.Zpos (BinPos.Pos.succ p) = BinInt.Z.succ (BinNums.Zpos p)
Pnat.Pos2Nat.inj_succ :
forall p : BinNums.positive, BinPos.Pos.to_nat (BinPos.Pos.succ p) = S (BinPos.Pos.to_nat p)
Znat.Nat2Z.inj_succ :
forall n : nat, BinInt.Z.of_nat (S n) = BinInt.Z.succ (BinInt.Z.of_nat n)
Znat.Nat2Z.inj_sub_max :
forall n m : nat, BinInt.Z.of_nat (n - m) = BinInt.Z.max BinNums.Z0 (BinInt.Z.sub (BinInt.Z.of_nat n) (BinInt.Z.of_nat m))
Znat.N2Z.inj_sub_max :
forall n m : BinNums.N, BinInt.Z.of_N (BinNat.N.sub n m) = BinInt.Z.max BinNums.Z0 (BinInt.Z.sub (BinInt.Z.of_N n) (BinInt.Z.of_N m))
Nnat.Nat2N.inj_sub :
forall n n' : nat, BinNat.N.of_nat (n - n') = BinNat.N.sub (BinNat.N.of_nat n) (BinNat.N.of_nat n')
Nnat.N2Nat.inj_sub :
forall a a' : BinNums.N, BinNat.N.to_nat (BinNat.N.sub a a') = BinNat.N.to_nat a - BinNat.N.to_nat a'
BinInt.Pos2Z.inj_mul :
forall p q : BinNums.positive, BinNums.Zpos (BinPos.Pos.mul p q) = BinInt.Z.mul (BinNums.Zpos p) (BinNums.Zpos q)
Znat.N2Z.inj_mul :
forall n m : BinNums.N, BinInt.Z.of_N (BinNat.N.mul n m) = BinInt.Z.mul (BinInt.Z.of_N n) (BinInt.Z.of_N m)
Znat.Z2Nat.inj_lt :
forall n m : BinNums.Z, BinInt.Z.le BinNums.Z0 n -> BinInt.Z.le BinNums.Z0 m -> BinInt.Z.lt n m <-> BinInt.Z.to_nat n < BinInt.Z.to_nat m
Pnat.Pos2Nat.inj_lt :
forall p q : BinNums.positive, BinPos.Pos.lt p q <-> BinPos.Pos.to_nat p < BinPos.Pos.to_nat q
Znat.Nat2Z.inj_lt :
forall n m : nat, n < m <-> BinInt.Z.lt (BinInt.Z.of_nat n) (BinInt.Z.of_nat m)
Znat.Z2Nat.inj_le :
forall n m : BinNums.Z, BinInt.Z.le BinNums.Z0 n -> BinInt.Z.le BinNums.Z0 m -> BinInt.Z.le n m <-> BinInt.Z.to_nat n <= BinInt.Z.to_nat m
Znat.Nat2Z.inj_le :
forall n m : nat, n <= m <-> BinInt.Z.le (BinInt.Z.of_nat n) (BinInt.Z.of_nat m)
BinInt.Pos2Z.inj_iff :
forall p q : BinNums.positive, BinNums.Zpos p = BinNums.Zpos q <-> p = q
Znat.Nat2Z.inj_iff :
forall n m : nat, BinInt.Z.of_nat n = BinInt.Z.of_nat m <-> n = m
Znat.N2Z.inj_iff :
forall n m : BinNums.N, BinInt.Z.of_N n = BinInt.Z.of_N m <-> n = m
countable.inj_countable_obligation_1 :
forall (A : Type) (EqDecision0 : base.RelDecision eq) (H : countable.Countable A) (B : Type) (f : B -> A) (g : A -> option B), (forall x : B, g (f x) = Some x) -> forall y : B, base.mbind (fun x : A => g x) (countable.decode (countable.encode (f y))) = Some y
countable.inj_countable'_obligation_1 :
forall (A B : Type) (f : B -> A) (g : A -> B), (forall x : B, g (f x) = x) -> forall x : B, Basics.compose Some g (f x) = Some x
Znat.Z2Nat.inj_compare :
forall n m : BinNums.Z, BinInt.Z.le BinNums.Z0 n -> BinInt.Z.le BinNums.Z0 m -> PeanoNat.Nat.compare (BinInt.Z.to_nat n) (BinInt.Z.to_nat m) = BinInt.Z.compare n m
Pnat.Pos2Nat.inj_compare :
forall p q : BinNums.positive, BinPos.Pos.compare p q = PeanoNat.Nat.compare (BinPos.Pos.to_nat p) (BinPos.Pos.to_nat q)
Znat.Nat2Z.inj_compare :
forall n m : nat, BinInt.Z.compare (BinInt.Z.of_nat n) (BinInt.Z.of_nat m) = PeanoNat.Nat.compare n m
Nnat.Nat2N.inj_compare :
forall n n' : nat, PeanoNat.Nat.compare n n' = BinNat.N.compare (BinNat.N.of_nat n) (BinNat.N.of_nat n')
Znat.N2Z.inj_compare :
forall n m : BinNums.N, BinInt.Z.compare (BinInt.Z.of_N n) (BinInt.Z.of_N m) = BinNat.N.compare n m
Nnat.N2Nat.inj_compare :
forall a a' : BinNums.N, BinNat.N.compare a a' = PeanoNat.Nat.compare (BinNat.N.to_nat a) (BinNat.N.to_nat a')
cmra.inj_cmra_mixin_restrict_validity :
forall (SI : stepindex.sidx) (A : cmra.cmra) (B : ofe.ofe) (PCore0 : cmra.PCore (ofe.ofe_car B)) (Op0 : cmra.Op (ofe.ofe_car B)) (Valid0 : cmra.Valid (ofe.ofe_car B)) (ValidN0 : cmra.ValidN (ofe.ofe_car B)) (f : cmra.cmra_car A -> option (ofe.ofe_car B)) (g : ofe.ofe_car B -> cmra.cmra_car A),
(forall (n : stepindex.sidx_car) (y1 y2 : ofe.ofe_car B), ofe.dist n y1 y2 <-> ofe.dist n (g y1) (g y2)) ->
(forall (x : cmra.cmra_car A) (y : ofe.ofe_car B) (n : stepindex.sidx_car), ofe.dist n (f x) (Some y) <-> ofe.dist n (g y) x) ->
(forall (y cy : ofe.ofe_car B) (n : stepindex.sidx_car), ofe.dist n (cmra.pcore y) (Some cy) <-> ofe.dist n (cmra.pcore (g y)) (Some (g cy))) ->
(forall y1 y2 : ofe.ofe_car B, base.equiv (g (cmra.op y1 y2)) (cmra.op (g y1) (g y2))) ->
(forall (x : cmra.cmra_car A) (y : ofe.ofe_car B), base.equiv (g (cmra.opM y (f x))) (cmra.op (g y) x)) ->
(forall (n : stepindex.sidx_car) (y : ofe.ofe_car B), cmra.validN n y -> cmra.validN n (g y)) ->
(forall n : stepindex.sidx_car, Morphisms.Proper (Morphisms.respectful (ofe.dist n) Basics.impl) (cmra.validN n)) ->
(forall y : ofe.ofe_car B, cmra.valid y <-> (forall n : stepindex.sidx_car, cmra.validN n y)) ->
(forall (n n' : stepindex.sidx_car) (y : ofe.ofe_car B), cmra.validN n y -> stepindex.sidx_le n' n -> cmra.validN n' y) -> (forall (n : stepindex.sidx_car) (y1 y2 : ofe.ofe_car B), cmra.validN n (cmra.op y1 y2) -> cmra.validN n y1) -> cmra.CmraMixin (ofe.ofe_car B)
Pnat.Pos2Nat.inj_add :
forall p q : BinNums.positive, BinPos.Pos.to_nat (BinPos.Pos.add p q) = BinPos.Pos.to_nat p + BinPos.Pos.to_nat q
Znat.Nat2Z.inj_add :
forall n m : nat, BinInt.Z.of_nat (n + m) = BinInt.Z.add (BinInt.Z.of_nat n) (BinInt.Z.of_nat m)
Nnat.Nat2N.inj_add :
forall n n' : nat, BinNat.N.of_nat (n + n') = BinNat.N.add (BinNat.N.of_nat n) (BinNat.N.of_nat n')
Znat.N2Z.inj_add :
forall n m : BinNums.N, BinInt.Z.of_N (BinNat.N.add n m) = BinInt.Z.add (BinInt.Z.of_N n) (BinInt.Z.of_N m)
Nnat.N2Nat.inj_add :
forall a a' : BinNums.N, BinNat.N.to_nat (BinNat.N.add a a') = BinNat.N.to_nat a + BinNat.N.to_nat a'
Pnat.Pos2Nat.inj_1 :
BinPos.Pos.to_nat BinNums.xH = 1
base.inj2_inj_2 :
forall (A B C : Type) (R1 : Relation_Definitions.relation A) (R2 : Relation_Definitions.relation B) (R3 : Relation_Definitions.relation C) (f : A -> B -> C), base.Inj2 R1 R2 R3 f -> forall x : A, base.Inj R2 R3 (f x)
BinInt.Pos2Z.inj :
forall p q : BinNums.positive, BinNums.Zpos p = BinNums.Zpos q -> p = q
Pnat.Pos2Nat.inj :
forall p q : BinNums.positive, BinPos.Pos.to_nat p = BinPos.Pos.to_nat q -> p = q
Znat.Nat2Z.inj :
forall n m : nat, BinInt.Z.of_nat n = BinInt.Z.of_nat m -> n = m
Znat.N2Z.inj :
forall n m : BinNums.N, BinInt.Z.of_N n = BinInt.Z.of_N m -> n = m
Nnat.N2Nat.inj :
forall a a' : BinNums.N, BinNat.N.to_nat a = BinNat.N.to_nat a' -> a = a'
PeanoNat.Nat.induction :
forall A : nat -> Prop, Morphisms.Proper (Morphisms.respectful eq iff) A -> A 0 -> (forall n : nat, A n -> A (S n)) -> forall n : nat, A n
BinNat.N.induction :
forall A : BinNums.N -> Prop, Morphisms.Proper (Morphisms.respectful eq iff) A -> A BinNums.N0 -> (forall n : BinNums.N, A n -> A (BinNat.N.succ n)) -> forall n : BinNums.N, A n
ZMicromega.in_bdepth :
forall (l : list ZMicromega.ZArithProof) (a b : ZMicromega.ZWitness) (y : ZMicromega.ZArithProof), List.In y l -> Wf_nat.ltof ZMicromega.ZArithProof ZMicromega.bdepth y (ZMicromega.EnumProof a b l)
ZifyClasses.impl_morph :
forall s1 s2 t1 t2 : Prop, s1 <-> t1 -> s2 <-> t2 -> (s1 -> s2) <-> (t1 -> t2)
iff_trans :
forall A B C : Prop, A <-> B -> B <-> C -> A <-> C
iff_sym :
forall A B : Prop, A <-> B -> B <-> A
iff_stepl :
forall A B C : Prop, A <-> B -> A <-> C -> C <-> B
iff_refl :
forall A : Prop, A <-> A
ZifyClasses.iff_morph :
forall s1 s2 t1 t2 : Prop, s1 <-> t1 -> s2 <-> t2 -> (s1 <-> s2) <-> (t1 <-> t2)
Morphisms.iff_impl_subrelation :
RelationClasses.subrelation iff Basics.impl
Morphisms.iff_flip_impl_subrelation :
RelationClasses.subrelation iff (Basics.flip Basics.impl)
ssreflect.iffLR :
forall P Q : Prop, P <-> Q -> P -> Q
Tauto.if_cnf_tt :
forall (Term' Annot : Type) (f : Tauto.cnf Term' Annot), (if Tauto.is_cnf_tt f then Tauto.cnf_tt Term' Annot else f) = f
MachineWord.MachineWord.idx_Z_idx_mul :
forall x y : BinNums.N, MachineWord.MachineWord.idx_Z (MachineWord.MachineWord.idx_mul x y) = BinInt.Z.mul (MachineWord.MachineWord.idx_Z x) (MachineWord.MachineWord.idx_Z y)
MachineWord.MachineWord.idx_Z_idx :
forall z : BinNums.Z, BinInt.Z.ge z BinNums.Z0 -> MachineWord.MachineWord.idx_Z (MachineWord.MachineWord.Z_idx z) = z
Pnat.SuccNat2Pos.id_succ :
forall n : nat, BinPos.Pos.to_nat (BinPos.Pos.of_succ_nat n) = S n
Znat.Zabs2Nat.id_abs :
forall n : BinNums.Z, BinInt.Z.of_nat (BinInt.Z.abs_nat n) = BinInt.Z.abs n
Znat.Zabs2N.id_abs :
forall n : BinNums.Z, BinInt.Z.of_N (BinInt.Z.abs_N n) = BinInt.Z.abs n
BinInt.Z2Pos.id :
forall x : BinNums.Z, BinInt.Z.lt BinNums.Z0 x -> BinNums.Zpos (BinInt.Z.to_pos x) = x
Znat.Z2Nat.id :
forall n : BinNums.Z, BinInt.Z.le BinNums.Z0 n -> BinInt.Z.of_nat (BinInt.Z.to_nat n) = n
Znat.Z2N.id :
forall n : BinNums.Z, BinInt.Z.le BinNums.Z0 n -> BinInt.Z.of_N (BinInt.Z.to_N n) = n
Pnat.Pos2Nat.id :
forall p : BinNums.positive, BinPos.Pos.of_nat (BinPos.Pos.to_nat p) = p
Znat.Nat2Z.id :
forall n : nat, BinInt.Z.to_nat (BinInt.Z.of_nat n) = n
Pnat.Nat2Pos.id :
forall n : nat, n <> 0 -> BinPos.Pos.to_nat (BinPos.Pos.of_nat n) = n
Nnat.Nat2N.id :
forall n : nat, BinNat.N.to_nat (BinNat.N.of_nat n) = n
Znat.N2Z.id :
forall n : BinNums.N, BinInt.Z.to_N (BinInt.Z.of_N n) = n
Nnat.N2Nat.id :
forall a : BinNums.N, BinNat.N.of_nat (BinNat.N.to_nat a) = a
Tauto.hold_eTT :
forall k : Tauto.kind, Tauto.hold k (Tauto.eTT k)
Tauto.hold_eOR :
forall (k : Tauto.kind) (r1 r2 : Tauto.rtyp k), Tauto.hold k (Tauto.eOR k r1 r2) <-> Tauto.hold k r1 \/ Tauto.hold k r2
Tauto.hold_eNOT :
forall (k : Tauto.kind) (e : Tauto.rtyp k), Tauto.hold k (Tauto.eNOT k e) <-> ~ Tauto.hold k e
Tauto.hold_eIMPL :
forall (k : Tauto.kind) (e1 e2 : Tauto.rtyp k), Tauto.hold k (Tauto.eIMPL k e1 e2) <-> (Tauto.hold k e1 -> Tauto.hold k e2)
Tauto.hold_eIFF_IMPL :
forall (k : Tauto.kind) (e1 e2 : Tauto.rtyp k), Tauto.hold k (Tauto.eIFF k e1 e2) <-> Tauto.hold k (Tauto.eAND k (Tauto.eIMPL k e1 e2) (Tauto.eIMPL k e2 e1))
Tauto.hold_eIFF :
forall (k : Tauto.kind) (e1 e2 : Tauto.rtyp k), Tauto.hold k (Tauto.eIFF k e1 e2) <-> (Tauto.hold k e1 <-> Tauto.hold k e2)
Tauto.hold_eFF :
forall k : Tauto.kind, Tauto.hold k (Tauto.eNOT k (Tauto.eFF k))
Tauto.hold_eEQ :
forall e1 e2 : Tauto.rtyp Tauto.isBool, Tauto.hold Tauto.isBool (Tauto.eIFF Tauto.isBool e1 e2) <-> e1 = e2
Tauto.hold_eAND :
forall (k : Tauto.kind) (r1 r2 : Tauto.rtyp k), Tauto.hold k (Tauto.eAND k r1 r2) <-> Tauto.hold k r1 /\ Tauto.hold k r2
BinInt.Z.gtb_spec :
forall n m : BinNums.Z, BoolSpec (BinInt.Z.lt m n) (BinInt.Z.le n m) (BinInt.Z.gtb n m)
BinInt.Z.gtb_ltb :
forall n m : BinNums.Z, BinInt.Z.gtb n m = BinInt.Z.ltb m n
BinInt.Z.gtb_lt :
forall n m : BinNums.Z, BinInt.Z.gtb n m = true <-> BinInt.Z.lt m n
BinInt.Z.gtb_gt :
forall n m : BinNums.Z, BinInt.Z.gtb n m = true <-> BinInt.Z.gt n m
BinInt.Z.gt_wf :
forall z : BinNums.Z, well_founded (fun n m : BinNums.Z => BinInt.Z.lt m n /\ BinInt.Z.le n z)
BinInt.Z.gt_lt_iff :
forall n m : BinNums.Z, BinInt.Z.gt n m <-> BinInt.Z.lt m n
BinPos.Pos.gt_lt_iff :
forall p q : BinNums.positive, BinPos.Pos.gt p q <-> BinPos.Pos.lt q p
BinInt.Z.gt_lt :
forall n m : BinNums.Z, BinInt.Z.gt n m -> BinInt.Z.lt m n
BinPos.Pos.gt_lt :
forall p q : BinNums.positive, BinPos.Pos.gt p q -> BinPos.Pos.lt q p
gmultiset.gmultiset_ucmra_mixin :
forall (K : Type) (EqDecision0 : base.RelDecision eq) (H : countable.Countable K) (SI : stepindex.sidx), cmra.UcmraMixin (gmultiset.gmultiset K)
gmultiset.gmultiset_ra_mixin :
forall (K : Type) (EqDecision0 : base.RelDecision eq) (H : countable.Countable K) (SI : stepindex.sidx), cmra.RAMixin (gmultiset.gmultiset K)
gmultiset.gmultiset_op :
forall (K : Type) (EqDecision0 : base.RelDecision eq) (H : countable.Countable K) (X Y : gmultiset.gmultiset K), cmra.op X Y = base.disj_union X Y
gmultiset.gmultiset_leibniz :
forall (A : Type) (EqDecision0 : base.RelDecision eq) (H : countable.Countable A), base.LeibnizEquiv (gmultiset.gmultiset A)
gmultiset.gmultiset_equiv_equivalence :
forall (A : Type) (EqDecision0 : base.RelDecision eq) (H : countable.Countable A), RelationClasses.Equivalence base.equiv
gmultiset.gmultiset_eq :
forall (A : Type) (EqDecision0 : base.RelDecision eq) (H : countable.Countable A) (X Y : gmultiset.gmultiset A), X = Y <-> (forall x : A, gmultiset.multiplicity x X = gmultiset.multiplicity x Y)
gmultiset.gmultiset_disj_union_left_id :
forall (A : Type) (EqDecision0 : base.RelDecision eq) (H : countable.Countable A), base.LeftId eq base.empty base.disj_union
gmultiset.gmultiset_disj_union_comm :
forall (A : Type) (EqDecision0 : base.RelDecision eq) (H : countable.Countable A), base.Comm eq base.disj_union
gmultiset.gmultiset_disj_union_assoc :
forall (A : Type) (EqDecision0 : base.RelDecision eq) (H : countable.Countable A), base.Assoc eq base.disj_union
gmultiset.gmultiset_core :
forall (K : Type) (EqDecision0 : base.RelDecision eq) (H : countable.Countable K) (X : gmultiset.gmultiset K), cmra.core X = base.empty
gmap.gmap_ucmra_mixin :
forall (SI : stepindex.sidx) (K : Type) (EqDecision0 : base.RelDecision eq) (H : countable.Countable K) (A : cmra.cmra), cmra.UcmraMixin (gmap.gmap K (cmra.cmra_car A))
gmap.gmap_ofe_mixin :
forall (SI : stepindex.sidx) (K : Type) (EqDecision0 : base.RelDecision eq) (H : countable.Countable K) (A : ofe.ofe), ofe.OfeMixin (gmap.gmap K (ofe.ofe_car A))
gmap.gmap_key_pi :
forall (K : Type) (EqDecision0 : base.RelDecision eq) (H : countable.Countable K) (q : BinNums.positive), base.ProofIrrel (gmap.gmap_key K q)
gmap.gmap_key_encode :
forall (K : Type) (EqDecision0 : base.RelDecision eq) (H : countable.Countable K) (k : K), gmap.gmap_key K (countable.encode k)
gmap.gmap_finmap :
forall (K : Type) (EqDecision0 : base.RelDecision eq) (H : countable.Countable K), fin_maps.FinMap K (gmap.gmap K)
gmap.gmap_empty :
forall (K : Type) (EqDecision0 : base.RelDecision eq) (H : countable.Countable K) (A : Type), base.Empty (gmap.gmap K A)
gmap.gmap_dep_partial_alter_GNode :
forall (A : Type) (P : BinNums.positive -> Prop) (f : option A -> option A) (i : BinNums.positive) (p : P i) (ml : gmap.gmap_dep A (fun p0 : BinNums.positive => P (BinNums.xO p0))) (mx : option (P BinNums.xH * A)) (mr : gmap.gmap_dep A (fun p0 : BinNums.positive => P (BinNums.xI p0))),
gmap.GNode_valid ml mx mr ->
gmap.gmap_dep_partial_alter f i p (gmap.GNode ml mx mr) =
match i as i0 return (P i0 -> gmap.gmap_dep A P) with
| BinNums.xI i0 => fun p0 : (fun p0 : BinNums.positive => P (BinNums.xI p0)) i0 => gmap.GNode ml mx (gmap.gmap_dep_partial_alter f i0 p0 mr)
| BinNums.xO i0 => fun p0 : P (BinNums.xO i0) => gmap.GNode (gmap.gmap_dep_partial_alter f i0 p0 ml) mx mr
| BinNums.xH => fun p0 : P BinNums.xH => gmap.GNode ml (base.fmap (pair p0) (f (base.fmap snd mx))) mr
end p
gmap.gmap_dep_omap_GNode :
forall (A B : Type) (P : BinNums.positive -> Prop) (f : A -> option B) (ml : gmap.gmap_dep A (fun p : BinNums.positive => P (BinNums.xO p))) (mx : option (P BinNums.xH * A)) (mr : gmap.gmap_dep A (fun p : BinNums.positive => P (BinNums.xI p))),
gmap.GNode_valid ml mx mr -> gmap.gmap_dep_omap f (gmap.GNode ml mx mr) = gmap.GNode (gmap.gmap_dep_omap f ml) (base.mbind (fun '(p, x) => base.fmap (pair p) (f x)) mx) (gmap.gmap_dep_omap f mr)
gmap.gmap_dep_ne_lookup_singleton_ne :
forall (A : Type) (P : BinNums.positive -> Prop) (i j : BinNums.positive) (p : P i) (x : A), i <> j -> gmap.gmap_dep_ne_lookup j (gmap.gmap_dep_ne_singleton i p x) = None
gmap.gmap_dep_ne_lookup_singleton :
forall (A : Type) (P : BinNums.positive -> Prop) (i : BinNums.positive) (p : P i) (x : A), gmap.gmap_dep_ne_lookup i (gmap.gmap_dep_ne_singleton i p x) = Some x
gmap.gmap_dep_ne_lookup_not_None :
forall (A : Type) (P : BinNums.positive -> Prop) (t : gmap.gmap_dep_ne A P), exists i : BinNums.positive, P i /\ gmap.gmap_dep_ne_lookup i t <> None
gmap.gmap_dep_ne_eq_dec_subproof9 :
forall (A : Type) (P : BinNums.positive -> Prop) (y : P BinNums.xH) (x1 : A) (y0 : P BinNums.xH) (x2 : A), x1 <> x2 -> gmap.GNode010 y x1 <> gmap.GNode010 y0 x2
gmap.gmap_dep_ne_eq_dec_subproof8 :
forall (A : Type) (P : BinNums.positive -> Prop), (forall i : BinNums.positive, base.ProofIrrel (P i)) -> forall (y : P BinNums.xH) (x1 : A) (y0 : P BinNums.xH) (x2 : A), x1 = x2 -> gmap.GNode010 y x1 = gmap.GNode010 y0 x2
gmap.gmap_dep_ne_eq_dec_subproof7 :
forall (A : Type) (P : BinNums.positive -> Prop) (y : P BinNums.xH) (a : A) (g : gmap.gmap_dep_ne A (fun p : BinNums.positive => P (BinNums.xI p))), gmap.GNode010 y a <> gmap.GNode001 g
gmap.gmap_dep_ne_eq_dec_subproof6 :
forall (A : Type) (P : BinNums.positive -> Prop) (g : gmap.gmap_dep_ne A (fun p : BinNums.positive => P (BinNums.xI p))) (g0 : gmap.gmap_dep_ne A (fun p : BinNums.positive => P (BinNums.xO p))) (y : P BinNums.xH) (a : A) (g1 : gmap.gmap_dep_ne A (fun p : BinNums.positive => P (BinNums.xI p))),
gmap.GNode001 g <> gmap.GNode111 g0 y a g1
gmap.gmap_dep_ne_eq_dec_subproof59 :
forall (A : Type) (P : BinNums.positive -> Prop) (l1 : gmap.gmap_dep_ne A (fun p : BinNums.positive => P (BinNums.xO p))) (y : P BinNums.xH) (x1 : A) (r1 : gmap.gmap_dep_ne A (fun p : BinNums.positive => P (BinNums.xI p))) (l2 : gmap.gmap_dep_ne A (fun p : BinNums.positive => P (BinNums.xO p)))
  (y0 : P BinNums.xH) (x2 : A) (r2 : gmap.gmap_dep_ne A (fun p : BinNums.positive => P (BinNums.xI p))),
l1 <> l2 -> gmap.GNode111 l1 y x1 r1 <> gmap.GNode111 l2 y0 x2 r2
gmap.gmap_dep_ne_eq_dec_subproof58 :
forall (A : Type) (P : BinNums.positive -> Prop) (l1 : gmap.gmap_dep_ne A (fun p : BinNums.positive => P (BinNums.xO p))) (y : P BinNums.xH) (x1 : A) (r1 : gmap.gmap_dep_ne A (fun p : BinNums.positive => P (BinNums.xI p))) (l2 : gmap.gmap_dep_ne A (fun p : BinNums.positive => P (BinNums.xO p)))
  (y0 : P BinNums.xH) (x2 : A) (r2 : gmap.gmap_dep_ne A (fun p : BinNums.positive => P (BinNums.xI p))),
l1 = l2 -> x1 <> x2 -> gmap.GNode111 l1 y x1 r1 <> gmap.GNode111 l2 y0 x2 r2
gmap.gmap_dep_ne_eq_dec_subproof57 :
forall (A : Type) (P : BinNums.positive -> Prop) (l1 : gmap.gmap_dep_ne A (fun p : BinNums.positive => P (BinNums.xO p))) (y : P BinNums.xH) (x1 : A) (r1 : gmap.gmap_dep_ne A (fun p : BinNums.positive => P (BinNums.xI p))) (l2 : gmap.gmap_dep_ne A (fun p : BinNums.positive => P (BinNums.xO p)))
  (y0 : P BinNums.xH) (x2 : A) (r2 : gmap.gmap_dep_ne A (fun p : BinNums.positive => P (BinNums.xI p))),
l1 = l2 -> r1 <> r2 -> gmap.GNode111 l1 y x1 r1 <> gmap.GNode111 l2 y0 x2 r2
gmap.gmap_dep_ne_eq_dec_subproof56 :
forall (A : Type) (P : BinNums.positive -> Prop),
(forall i : BinNums.positive, base.ProofIrrel (P i)) ->
forall (l1 : gmap.gmap_dep_ne A (fun p : BinNums.positive => P (BinNums.xO p))) (y : P BinNums.xH) (x1 : A) (r1 : gmap.gmap_dep_ne A (fun p : BinNums.positive => P (BinNums.xI p))) (l2 : gmap.gmap_dep_ne A (fun p : BinNums.positive => P (BinNums.xO p))) (y0 : P BinNums.xH) 
  (x2 : A) (r2 : gmap.gmap_dep_ne A (fun p : BinNums.positive => P (BinNums.xI p))),
l1 = l2 -> x1 = x2 -> r1 = r2 -> gmap.GNode111 l1 y x1 r1 = gmap.GNode111 l2 y0 x2 r2
gmap.gmap_dep_ne_eq_dec_subproof55 :
forall (A : Type) (P : BinNums.positive -> Prop) (g : gmap.gmap_dep_ne A (fun p : BinNums.positive => P (BinNums.xO p))) (y : P BinNums.xH) (a : A) (g0 : gmap.gmap_dep_ne A (fun p : BinNums.positive => P (BinNums.xI p))) (g1 : gmap.gmap_dep_ne A (fun p : BinNums.positive => P (BinNums.xO p)))
  (y0 : P BinNums.xH) (a0 : A),
gmap.GNode111 g y a g0 <> gmap.GNode110 g1 y0 a0
gmap.gmap_dep_ne_eq_dec_subproof54 :
forall (A : Type) (P : BinNums.positive -> Prop) (g : gmap.gmap_dep_ne A (fun p : BinNums.positive => P (BinNums.xO p))) (y : P BinNums.xH) (a : A) (g0 : gmap.gmap_dep_ne A (fun p : BinNums.positive => P (BinNums.xI p))) (g1 : gmap.gmap_dep_ne A (fun p : BinNums.positive => P (BinNums.xO p)))
  (g2 : gmap.gmap_dep_ne A (fun p : BinNums.positive => P (BinNums.xI p))),
gmap.GNode111 g y a g0 <> gmap.GNode101 g1 g2
gmap.gmap_dep_ne_eq_dec_subproof53 :
forall (A : Type) (P : BinNums.positive -> Prop) (g : gmap.gmap_dep_ne A (fun p : BinNums.positive => P (BinNums.xO p))) (y : P BinNums.xH) (a : A) (g0 : gmap.gmap_dep_ne A (fun p : BinNums.positive => P (BinNums.xI p))) (g1 : gmap.gmap_dep_ne A (fun p : BinNums.positive => P (BinNums.xO p))),
gmap.GNode111 g y a g0 <> gmap.GNode100 g1
gmap.gmap_dep_ne_eq_dec_subproof52 :
forall (A : Type) (P : BinNums.positive -> Prop) (g : gmap.gmap_dep_ne A (fun p : BinNums.positive => P (BinNums.xO p))) (y : P BinNums.xH) (a : A) (g0 : gmap.gmap_dep_ne A (fun p : BinNums.positive => P (BinNums.xI p))) (y0 : P BinNums.xH) (a0 : A)
  (g1 : gmap.gmap_dep_ne A (fun p : BinNums.positive => P (BinNums.xI p))),
gmap.GNode111 g y a g0 <> gmap.GNode011 y0 a0 g1
gmap.gmap_dep_ne_eq_dec_subproof51 :
forall (A : Type) (P : BinNums.positive -> Prop) (g : gmap.gmap_dep_ne A (fun p : BinNums.positive => P (BinNums.xO p))) (y : P BinNums.xH) (a : A) (g0 : gmap.gmap_dep_ne A (fun p : BinNums.positive => P (BinNums.xI p))) (y0 : P BinNums.xH) (a0 : A), gmap.GNode111 g y a g0 <> gmap.GNode010 y0 a0
gmap.gmap_dep_ne_eq_dec_subproof50 :
forall (A : Type) (P : BinNums.positive -> Prop) (g : gmap.gmap_dep_ne A (fun p : BinNums.positive => P (BinNums.xO p))) (y : P BinNums.xH) (a : A) (g0 g1 : gmap.gmap_dep_ne A (fun p : BinNums.positive => P (BinNums.xI p))), gmap.GNode111 g y a g0 <> gmap.GNode001 g1
gmap.gmap_dep_ne_eq_dec_subproof5 :
forall (A : Type) (P : BinNums.positive -> Prop) (g : gmap.gmap_dep_ne A (fun p : BinNums.positive => P (BinNums.xI p))) (g0 : gmap.gmap_dep_ne A (fun p : BinNums.positive => P (BinNums.xO p))) (y : P BinNums.xH) (a : A), gmap.GNode001 g <> gmap.GNode110 g0 y a
gmap.gmap_dep_ne_eq_dec_subproof49 :
forall (A : Type) (P : BinNums.positive -> Prop) (g : gmap.gmap_dep_ne A (fun p : BinNums.positive => P (BinNums.xO p))) (y : P BinNums.xH) (a : A) (g0 : gmap.gmap_dep_ne A (fun p : BinNums.positive => P (BinNums.xO p))) (y0 : P BinNums.xH) (a0 : A)
  (g1 : gmap.gmap_dep_ne A (fun p : BinNums.positive => P (BinNums.xI p))),
gmap.GNode110 g y a <> gmap.GNode111 g0 y0 a0 g1
gmap.gmap_dep_ne_eq_dec_subproof48 :
forall (A : Type) (P : BinNums.positive -> Prop) (l1 : gmap.gmap_dep_ne A (fun p : BinNums.positive => P (BinNums.xO p))) (y : P BinNums.xH) (x1 : A) (l2 : gmap.gmap_dep_ne A (fun p : BinNums.positive => P (BinNums.xO p))) (y0 : P BinNums.xH) (x2 : A),
l1 <> l2 -> gmap.GNode110 l1 y x1 <> gmap.GNode110 l2 y0 x2
gmap.gmap_dep_ne_eq_dec_subproof47 :
forall (A : Type) (P : BinNums.positive -> Prop) (l1 : gmap.gmap_dep_ne A (fun p : BinNums.positive => P (BinNums.xO p))) (y : P BinNums.xH) (x1 : A) (l2 : gmap.gmap_dep_ne A (fun p : BinNums.positive => P (BinNums.xO p))) (y0 : P BinNums.xH) (x2 : A),
l1 = l2 -> x1 <> x2 -> gmap.GNode110 l1 y x1 <> gmap.GNode110 l2 y0 x2
gmap.gmap_dep_ne_eq_dec_subproof46 :
forall (A : Type) (P : BinNums.positive -> Prop),
(forall i : BinNums.positive, base.ProofIrrel (P i)) ->
forall (l1 : gmap.gmap_dep_ne A (fun p : BinNums.positive => P (BinNums.xO p))) (y : P BinNums.xH) (x1 : A) (l2 : gmap.gmap_dep_ne A (fun p : BinNums.positive => P (BinNums.xO p))) (y0 : P BinNums.xH) (x2 : A), l1 = l2 -> x1 = x2 -> gmap.GNode110 l1 y x1 = gmap.GNode110 l2 y0 x2
gmap.gmap_dep_ne_eq_dec_subproof45 :
forall (A : Type) (P : BinNums.positive -> Prop) (g : gmap.gmap_dep_ne A (fun p : BinNums.positive => P (BinNums.xO p))) (y : P BinNums.xH) (a : A) (g0 : gmap.gmap_dep_ne A (fun p : BinNums.positive => P (BinNums.xO p))) (g1 : gmap.gmap_dep_ne A (fun p : BinNums.positive => P (BinNums.xI p))),
gmap.GNode110 g y a <> gmap.GNode101 g0 g1
gmap.gmap_dep_ne_eq_dec_subproof44 :
forall (A : Type) (P : BinNums.positive -> Prop) (g : gmap.gmap_dep_ne A (fun p : BinNums.positive => P (BinNums.xO p))) (y : P BinNums.xH) (a : A) (g0 : gmap.gmap_dep_ne A (fun p : BinNums.positive => P (BinNums.xO p))), gmap.GNode110 g y a <> gmap.GNode100 g0
gmap.gmap_dep_ne_eq_dec_subproof43 :
forall (A : Type) (P : BinNums.positive -> Prop) (g : gmap.gmap_dep_ne A (fun p : BinNums.positive => P (BinNums.xO p))) (y : P BinNums.xH) (a : A) (y0 : P BinNums.xH) (a0 : A) (g0 : gmap.gmap_dep_ne A (fun p : BinNums.positive => P (BinNums.xI p))), gmap.GNode110 g y a <> gmap.GNode011 y0 a0 g0
gmap.gmap_dep_ne_eq_dec_subproof42 :
forall (A : Type) (P : BinNums.positive -> Prop) (g : gmap.gmap_dep_ne A (fun p : BinNums.positive => P (BinNums.xO p))) (y : P BinNums.xH) (a : A) (y0 : P BinNums.xH) (a0 : A), gmap.GNode110 g y a <> gmap.GNode010 y0 a0
gmap.gmap_dep_ne_eq_dec_subproof41 :
forall (A : Type) (P : BinNums.positive -> Prop) (g : gmap.gmap_dep_ne A (fun p : BinNums.positive => P (BinNums.xO p))) (y : P BinNums.xH) (a : A) (g0 : gmap.gmap_dep_ne A (fun p : BinNums.positive => P (BinNums.xI p))), gmap.GNode110 g y a <> gmap.GNode001 g0
gmap.gmap_dep_ne_eq_dec_subproof40 :
forall (A : Type) (P : BinNums.positive -> Prop) (g : gmap.gmap_dep_ne A (fun p : BinNums.positive => P (BinNums.xO p))) (g0 : gmap.gmap_dep_ne A (fun p : BinNums.positive => P (BinNums.xI p))) (g1 : gmap.gmap_dep_ne A (fun p : BinNums.positive => P (BinNums.xO p))) (y : P BinNums.xH) 
  (a : A) (g2 : gmap.gmap_dep_ne A (fun p : BinNums.positive => P (BinNums.xI p))),
gmap.GNode101 g g0 <> gmap.GNode111 g1 y a g2
gmap.gmap_dep_ne_eq_dec_subproof4 :
forall (A : Type) (P : BinNums.positive -> Prop) (g : gmap.gmap_dep_ne A (fun p : BinNums.positive => P (BinNums.xI p))) (g0 : gmap.gmap_dep_ne A (fun p : BinNums.positive => P (BinNums.xO p))) (g1 : gmap.gmap_dep_ne A (fun p : BinNums.positive => P (BinNums.xI p))),
gmap.GNode001 g <> gmap.GNode101 g0 g1
gmap.gmap_dep_ne_eq_dec_subproof39 :
forall (A : Type) (P : BinNums.positive -> Prop) (g : gmap.gmap_dep_ne A (fun p : BinNums.positive => P (BinNums.xO p))) (g0 : gmap.gmap_dep_ne A (fun p : BinNums.positive => P (BinNums.xI p))) (g1 : gmap.gmap_dep_ne A (fun p : BinNums.positive => P (BinNums.xO p))) (y : P BinNums.xH) (a : A),
gmap.GNode101 g g0 <> gmap.GNode110 g1 y a
gmap.gmap_dep_ne_eq_dec_subproof38 :
forall (A : Type) (P : BinNums.positive -> Prop) (l1 : gmap.gmap_dep_ne A (fun p : BinNums.positive => P (BinNums.xO p))) (r1 : gmap.gmap_dep_ne A (fun p : BinNums.positive => P (BinNums.xI p))) (l2 : gmap.gmap_dep_ne A (fun p : BinNums.positive => P (BinNums.xO p)))
  (r2 : gmap.gmap_dep_ne A (fun p : BinNums.positive => P (BinNums.xI p))),
l1 <> l2 -> gmap.GNode101 l1 r1 <> gmap.GNode101 l2 r2
gmap.gmap_dep_ne_eq_dec_subproof37 :
forall (A : Type) (P : BinNums.positive -> Prop) (l1 : gmap.gmap_dep_ne A (fun p : BinNums.positive => P (BinNums.xO p))) (r1 : gmap.gmap_dep_ne A (fun p : BinNums.positive => P (BinNums.xI p))) (l2 : gmap.gmap_dep_ne A (fun p : BinNums.positive => P (BinNums.xO p)))
  (r2 : gmap.gmap_dep_ne A (fun p : BinNums.positive => P (BinNums.xI p))),
l1 = l2 -> r1 <> r2 -> gmap.GNode101 l1 r1 <> gmap.GNode101 l2 r2
gmap.gmap_dep_ne_eq_dec_subproof36 :
forall (A : Type) (P : BinNums.positive -> Prop) (l1 : gmap.gmap_dep_ne A (fun p : BinNums.positive => P (BinNums.xO p))) (r1 : gmap.gmap_dep_ne A (fun p : BinNums.positive => P (BinNums.xI p))) (l2 : gmap.gmap_dep_ne A (fun p : BinNums.positive => P (BinNums.xO p)))
  (r2 : gmap.gmap_dep_ne A (fun p : BinNums.positive => P (BinNums.xI p))),
l1 = l2 -> r1 = r2 -> gmap.GNode101 l1 r1 = gmap.GNode101 l2 r2
gmap.gmap_dep_ne_eq_dec_subproof35 :
forall (A : Type) (P : BinNums.positive -> Prop) (g : gmap.gmap_dep_ne A (fun p : BinNums.positive => P (BinNums.xO p))) (g0 : gmap.gmap_dep_ne A (fun p : BinNums.positive => P (BinNums.xI p))) (g1 : gmap.gmap_dep_ne A (fun p : BinNums.positive => P (BinNums.xO p))),
gmap.GNode101 g g0 <> gmap.GNode100 g1
gmap.gmap_dep_ne_eq_dec_subproof34 :
forall (A : Type) (P : BinNums.positive -> Prop) (g : gmap.gmap_dep_ne A (fun p : BinNums.positive => P (BinNums.xO p))) (g0 : gmap.gmap_dep_ne A (fun p : BinNums.positive => P (BinNums.xI p))) (y : P BinNums.xH) (a : A) (g1 : gmap.gmap_dep_ne A (fun p : BinNums.positive => P (BinNums.xI p))),
gmap.GNode101 g g0 <> gmap.GNode011 y a g1
gmap.gmap_dep_ne_eq_dec_subproof33 :
forall (A : Type) (P : BinNums.positive -> Prop) (g : gmap.gmap_dep_ne A (fun p : BinNums.positive => P (BinNums.xO p))) (g0 : gmap.gmap_dep_ne A (fun p : BinNums.positive => P (BinNums.xI p))) (y : P BinNums.xH) (a : A), gmap.GNode101 g g0 <> gmap.GNode010 y a
gmap.gmap_dep_ne_eq_dec_subproof32 :
forall (A : Type) (P : BinNums.positive -> Prop) (g : gmap.gmap_dep_ne A (fun p : BinNums.positive => P (BinNums.xO p))) (g0 g1 : gmap.gmap_dep_ne A (fun p : BinNums.positive => P (BinNums.xI p))), gmap.GNode101 g g0 <> gmap.GNode001 g1
gmap.gmap_dep_ne_eq_dec_subproof31 :
forall (A : Type) (P : BinNums.positive -> Prop) (g g0 : gmap.gmap_dep_ne A (fun p : BinNums.positive => P (BinNums.xO p))) (y : P BinNums.xH) (a : A) (g1 : gmap.gmap_dep_ne A (fun p : BinNums.positive => P (BinNums.xI p))), gmap.GNode100 g <> gmap.GNode111 g0 y a g1
gmap.gmap_dep_ne_eq_dec_subproof30 :
forall (A : Type) (P : BinNums.positive -> Prop) (g g0 : gmap.gmap_dep_ne A (fun p : BinNums.positive => P (BinNums.xO p))) (y : P BinNums.xH) (a : A), gmap.GNode100 g <> gmap.GNode110 g0 y a
gmap.gmap_dep_ne_eq_dec_subproof3 :
forall (A : Type) (P : BinNums.positive -> Prop) (g : gmap.gmap_dep_ne A (fun p : BinNums.positive => P (BinNums.xI p))) (g0 : gmap.gmap_dep_ne A (fun p : BinNums.positive => P (BinNums.xO p))), gmap.GNode001 g <> gmap.GNode100 g0
gmap.gmap_dep_ne_eq_dec_subproof29 :
forall (A : Type) (P : BinNums.positive -> Prop) (g g0 : gmap.gmap_dep_ne A (fun p : BinNums.positive => P (BinNums.xO p))) (g1 : gmap.gmap_dep_ne A (fun p : BinNums.positive => P (BinNums.xI p))), gmap.GNode100 g <> gmap.GNode101 g0 g1
gmap.gmap_dep_ne_eq_dec_subproof28 :
forall (A : Type) (P : BinNums.positive -> Prop) (l1 l2 : gmap.gmap_dep_ne A (fun p : BinNums.positive => P (BinNums.xO p))), l1 <> l2 -> gmap.GNode100 l1 <> gmap.GNode100 l2
gmap.gmap_dep_ne_eq_dec_subproof27 :
forall (A : Type) (P : BinNums.positive -> Prop) (l1 l2 : gmap.gmap_dep_ne A (fun p : BinNums.positive => P (BinNums.xO p))), l1 = l2 -> gmap.GNode100 l1 = gmap.GNode100 l2
gmap.gmap_dep_ne_eq_dec_subproof26 :
forall (A : Type) (P : BinNums.positive -> Prop) (g : gmap.gmap_dep_ne A (fun p : BinNums.positive => P (BinNums.xO p))) (y : P BinNums.xH) (a : A) (g0 : gmap.gmap_dep_ne A (fun p : BinNums.positive => P (BinNums.xI p))), gmap.GNode100 g <> gmap.GNode011 y a g0
gmap.gmap_dep_ne_eq_dec_subproof25 :
forall (A : Type) (P : BinNums.positive -> Prop) (g : gmap.gmap_dep_ne A (fun p : BinNums.positive => P (BinNums.xO p))) (y : P BinNums.xH) (a : A), gmap.GNode100 g <> gmap.GNode010 y a
gmap.gmap_dep_ne_eq_dec_subproof24 :
forall (A : Type) (P : BinNums.positive -> Prop) (g : gmap.gmap_dep_ne A (fun p : BinNums.positive => P (BinNums.xO p))) (g0 : gmap.gmap_dep_ne A (fun p : BinNums.positive => P (BinNums.xI p))), gmap.GNode100 g <> gmap.GNode001 g0
gmap.gmap_dep_ne_eq_dec_subproof23 :
forall (A : Type) (P : BinNums.positive -> Prop) (y : P BinNums.xH) (a : A) (g : gmap.gmap_dep_ne A (fun p : BinNums.positive => P (BinNums.xI p))) (g0 : gmap.gmap_dep_ne A (fun p : BinNums.positive => P (BinNums.xO p))) (y0 : P BinNums.xH) (a0 : A)
  (g1 : gmap.gmap_dep_ne A (fun p : BinNums.positive => P (BinNums.xI p))),
gmap.GNode011 y a g <> gmap.GNode111 g0 y0 a0 g1
gmap.gmap_dep_ne_eq_dec_subproof22 :
forall (A : Type) (P : BinNums.positive -> Prop) (y : P BinNums.xH) (a : A) (g : gmap.gmap_dep_ne A (fun p : BinNums.positive => P (BinNums.xI p))) (g0 : gmap.gmap_dep_ne A (fun p : BinNums.positive => P (BinNums.xO p))) (y0 : P BinNums.xH) (a0 : A), gmap.GNode011 y a g <> gmap.GNode110 g0 y0 a0
gmap.gmap_dep_ne_eq_dec_subproof21 :
forall (A : Type) (P : BinNums.positive -> Prop) (y : P BinNums.xH) (a : A) (g : gmap.gmap_dep_ne A (fun p : BinNums.positive => P (BinNums.xI p))) (g0 : gmap.gmap_dep_ne A (fun p : BinNums.positive => P (BinNums.xO p))) (g1 : gmap.gmap_dep_ne A (fun p : BinNums.positive => P (BinNums.xI p))),
gmap.GNode011 y a g <> gmap.GNode101 g0 g1
gmap.gmap_dep_ne_eq_dec_subproof20 :
forall (A : Type) (P : BinNums.positive -> Prop) (y : P BinNums.xH) (a : A) (g : gmap.gmap_dep_ne A (fun p : BinNums.positive => P (BinNums.xI p))) (g0 : gmap.gmap_dep_ne A (fun p : BinNums.positive => P (BinNums.xO p))), gmap.GNode011 y a g <> gmap.GNode100 g0
gmap.gmap_dep_ne_eq_dec_subproof2 :
forall (A : Type) (P : BinNums.positive -> Prop) (g : gmap.gmap_dep_ne A (fun p : BinNums.positive => P (BinNums.xI p))) (y : P BinNums.xH) (a : A) (g0 : gmap.gmap_dep_ne A (fun p : BinNums.positive => P (BinNums.xI p))), gmap.GNode001 g <> gmap.GNode011 y a g0
gmap.gmap_dep_ne_eq_dec_subproof19 :
forall (A : Type) (P : BinNums.positive -> Prop) (y : P BinNums.xH) (x1 : A) (r1 : gmap.gmap_dep_ne A (fun p : BinNums.positive => P (BinNums.xI p))) (y0 : P BinNums.xH) (x2 : A) (r2 : gmap.gmap_dep_ne A (fun p : BinNums.positive => P (BinNums.xI p))),
x1 <> x2 -> gmap.GNode011 y x1 r1 <> gmap.GNode011 y0 x2 r2
gmap.gmap_dep_ne_eq_dec_subproof18 :
forall (A : Type) (P : BinNums.positive -> Prop) (y : P BinNums.xH) (x1 : A) (r1 : gmap.gmap_dep_ne A (fun p : BinNums.positive => P (BinNums.xI p))) (y0 : P BinNums.xH) (x2 : A) (r2 : gmap.gmap_dep_ne A (fun p : BinNums.positive => P (BinNums.xI p))),
r1 <> r2 -> gmap.GNode011 y x1 r1 <> gmap.GNode011 y0 x2 r2
gmap.gmap_dep_ne_eq_dec_subproof17 :
forall (A : Type) (P : BinNums.positive -> Prop),
(forall i : BinNums.positive, base.ProofIrrel (P i)) ->
forall (y : P BinNums.xH) (x1 : A) (r1 : gmap.gmap_dep_ne A (fun p : BinNums.positive => P (BinNums.xI p))) (y0 : P BinNums.xH) (x2 : A) (r2 : gmap.gmap_dep_ne A (fun p : BinNums.positive => P (BinNums.xI p))), x1 = x2 -> r1 = r2 -> gmap.GNode011 y x1 r1 = gmap.GNode011 y0 x2 r2
gmap.gmap_dep_ne_eq_dec_subproof16 :
forall (A : Type) (P : BinNums.positive -> Prop) (y : P BinNums.xH) (a : A) (g : gmap.gmap_dep_ne A (fun p : BinNums.positive => P (BinNums.xI p))) (y0 : P BinNums.xH) (a0 : A), gmap.GNode011 y a g <> gmap.GNode010 y0 a0
gmap.gmap_dep_ne_eq_dec_subproof15 :
forall (A : Type) (P : BinNums.positive -> Prop) (y : P BinNums.xH) (a : A) (g g0 : gmap.gmap_dep_ne A (fun p : BinNums.positive => P (BinNums.xI p))), gmap.GNode011 y a g <> gmap.GNode001 g0
gmap.gmap_dep_ne_eq_dec_subproof14 :
forall (A : Type) (P : BinNums.positive -> Prop) (y : P BinNums.xH) (a : A) (g : gmap.gmap_dep_ne A (fun p : BinNums.positive => P (BinNums.xO p))) (y0 : P BinNums.xH) (a0 : A) (g0 : gmap.gmap_dep_ne A (fun p : BinNums.positive => P (BinNums.xI p))), gmap.GNode010 y a <> gmap.GNode111 g y0 a0 g0
gmap.gmap_dep_ne_eq_dec_subproof13 :
forall (A : Type) (P : BinNums.positive -> Prop) (y : P BinNums.xH) (a : A) (g : gmap.gmap_dep_ne A (fun p : BinNums.positive => P (BinNums.xO p))) (y0 : P BinNums.xH) (a0 : A), gmap.GNode010 y a <> gmap.GNode110 g y0 a0
gmap.gmap_dep_ne_eq_dec_subproof12 :
forall (A : Type) (P : BinNums.positive -> Prop) (y : P BinNums.xH) (a : A) (g : gmap.gmap_dep_ne A (fun p : BinNums.positive => P (BinNums.xO p))) (g0 : gmap.gmap_dep_ne A (fun p : BinNums.positive => P (BinNums.xI p))), gmap.GNode010 y a <> gmap.GNode101 g g0
gmap.gmap_dep_ne_eq_dec_subproof11 :
forall (A : Type) (P : BinNums.positive -> Prop) (y : P BinNums.xH) (a : A) (g : gmap.gmap_dep_ne A (fun p : BinNums.positive => P (BinNums.xO p))), gmap.GNode010 y a <> gmap.GNode100 g
gmap.gmap_dep_ne_eq_dec_subproof10 :
forall (A : Type) (P : BinNums.positive -> Prop) (y : P BinNums.xH) (a : A) (y0 : P BinNums.xH) (a0 : A) (g : gmap.gmap_dep_ne A (fun p : BinNums.positive => P (BinNums.xI p))), gmap.GNode010 y a <> gmap.GNode011 y0 a0 g
gmap.gmap_dep_ne_eq_dec_subproof1 :
forall (A : Type) (P : BinNums.positive -> Prop) (g : gmap.gmap_dep_ne A (fun p : BinNums.positive => P (BinNums.xI p))) (y : P BinNums.xH) (a : A), gmap.GNode001 g <> gmap.GNode010 y a
gmap.gmap_dep_ne_eq_dec_subproof0 :
forall (A : Type) (P : BinNums.positive -> Prop) (r1 r2 : gmap.gmap_dep_ne A (fun p : BinNums.positive => P (BinNums.xI p))), r1 <> r2 -> gmap.GNode001 r1 <> gmap.GNode001 r2
gmap.gmap_dep_ne_eq_dec_subproof :
forall (A : Type) (P : BinNums.positive -> Prop) (r1 r2 : gmap.gmap_dep_ne A (fun p : BinNums.positive => P (BinNums.xI p))), r1 = r2 -> gmap.GNode001 r1 = gmap.GNode001 r2
gmap.gmap_dep_merge_GNode_GNode :
forall (A B C : Type) (f : option A -> option B -> option C) (P : BinNums.positive -> Prop) (ml1 : gmap.gmap_dep A (fun p : BinNums.positive => P (BinNums.xO p))) (ml2 : gmap.gmap_dep B (fun p : BinNums.positive => P (BinNums.xO p))) (mx1 : option (P BinNums.xH * A))
  (mx2 : option (P BinNums.xH * B)) (mr1 : gmap.gmap_dep A (fun p : BinNums.positive => P (BinNums.xI p))) (mr2 : gmap.gmap_dep B (fun p : BinNums.positive => P (BinNums.xI p))),
gmap.GNode_valid ml1 mx1 mr1 -> gmap.GNode_valid ml2 mx2 mr2 -> gmap.gmap_dep_merge f (gmap.GNode ml1 mx1 mr1) (gmap.GNode ml2 mx2 mr2) = gmap.GNode (gmap.gmap_dep_merge f ml1 ml2) (gmap.diag_None' f mx1 mx2) (gmap.gmap_dep_merge f mr1 mr2)
gmap.gmap_dep_merge_GNode_GEmpty :
forall (A B C : Type) (f : option A -> option B -> option C) (P : BinNums.positive -> Prop) (ml : gmap.gmap_dep A (fun p : BinNums.positive => P (BinNums.xO p))) (mx : option (P BinNums.xH * A)) (mr : gmap.gmap_dep A (fun p : BinNums.positive => P (BinNums.xI p))),
gmap.GNode_valid ml mx mr -> gmap.gmap_dep_merge f (gmap.GNode ml mx mr) gmap.GEmpty = gmap.GNode (gmap.gmap_dep_omap (fun x : A => f (Some x) None) ml) (gmap.diag_None' f mx None) (gmap.gmap_dep_omap (fun x : A => f (Some x) None) mr)
gmap.gmap_dep_merge_GEmpty_GNode :
forall (A B C : Type) (f : option A -> option B -> option C) (P : BinNums.positive -> Prop) (ml : gmap.gmap_dep B (fun p : BinNums.positive => P (BinNums.xO p))) (mx : option (P BinNums.xH * B)) (mr : gmap.gmap_dep B (fun p : BinNums.positive => P (BinNums.xI p))),
gmap.GNode_valid ml mx mr -> gmap.gmap_dep_merge f gmap.GEmpty (gmap.GNode ml mx mr) = gmap.GNode (gmap.gmap_dep_omap (fun x : B => f None (Some x)) ml) (gmap.diag_None' f None mx) (gmap.gmap_dep_omap (fun x : B => f None (Some x)) mr)
gmap.gmap_dep_lookup_partial_alter_ne :
forall (A : Type) (P : BinNums.positive -> Prop) (f : option A -> option A) (mt : gmap.gmap_dep A P) (i : BinNums.positive) (p : P i) (j : BinNums.positive), i <> j -> gmap.gmap_dep_lookup j (gmap.gmap_dep_partial_alter f i p mt) = gmap.gmap_dep_lookup j mt
gmap.gmap_dep_lookup_partial_alter :
forall (A : Type) (P : BinNums.positive -> Prop) (f : option A -> option A) (mt : gmap.gmap_dep A P) (i : BinNums.positive) (p : P i), gmap.gmap_dep_lookup i (gmap.gmap_dep_partial_alter f i p mt) = f (gmap.gmap_dep_lookup i mt)
gmap.gmap_dep_lookup_omap :
forall (A B : Type) (P : BinNums.positive -> Prop) (f : A -> option B) (mt : gmap.gmap_dep A P) (i : BinNums.positive), gmap.gmap_dep_lookup i (gmap.gmap_dep_omap f mt) = base.mbind f (gmap.gmap_dep_lookup i mt)
gmap.gmap_dep_lookup_merge :
forall (A B C : Type) (f : option A -> option B -> option C) (P : BinNums.positive -> Prop) (mt1 : gmap.gmap_dep A P) (mt2 : gmap.gmap_dep B P) (i : BinNums.positive),
gmap.gmap_dep_lookup i (gmap.gmap_dep_merge f mt1 mt2) = fin_maps.diag_None f (gmap.gmap_dep_lookup i mt1) (gmap.gmap_dep_lookup i mt2)
gmap.gmap_dep_lookup_fmap :
forall (A B : Type) (P : BinNums.positive -> Prop) (f : A -> B) (mt : gmap.gmap_dep A P) (i : BinNums.positive), gmap.gmap_dep_lookup i (gmap.gmap_dep_fmap f mt) = base.fmap f (gmap.gmap_dep_lookup i mt)
gmap.gmap_dep_lookup_GNode :
forall (A : Type) (P : BinNums.positive -> Prop) (ml : gmap.gmap_dep A (fun p : BinNums.positive => P (BinNums.xO p))) (mr : gmap.gmap_dep A (fun p : BinNums.positive => P (BinNums.xI p))) (mx : option (P BinNums.xH * A)) (i : BinNums.positive),
gmap.gmap_dep_lookup i (gmap.GNode ml mx mr) = match i with
                                               | BinNums.xI i0 => gmap.gmap_dep_lookup i0 mr
                                               | BinNums.xO i0 => gmap.gmap_dep_lookup i0 ml
                                               | BinNums.xH => base.fmap snd mx
                                               end
gmap.gmap_dep_ind :
forall (A : Type) (Q : forall P : BinNums.positive -> Prop, gmap.gmap_dep A P -> Prop),
(forall P : BinNums.positive -> Prop, Q P gmap.GEmpty) ->
(forall (P : BinNums.positive -> Prop) (ml : gmap.gmap_dep A (fun p : BinNums.positive => P (BinNums.xO p))) (mx : option (P BinNums.xH * A)) (mr : gmap.gmap_dep A (fun p : BinNums.positive => P (BinNums.xI p))),
 gmap.GNode_valid ml mx mr -> Q (fun p : BinNums.positive => P (BinNums.xO p)) ml -> Q (fun p : BinNums.positive => P (BinNums.xI p)) mr -> Q P (gmap.GNode ml mx mr)) ->
forall (P : BinNums.positive -> Prop) (mt : gmap.gmap_dep A P), Q P mt
gmap.gmap_dep_fold_ind :
forall (A : Type) (P : BinNums.positive -> Prop) (Q : gmap.gmap_dep A P -> Prop),
Q gmap.GEmpty ->
(forall (i : BinNums.positive) (p : P i) (x : A) (mt : gmap.gmap_dep A P),
 gmap.gmap_dep_lookup i mt = None ->
 (forall (j : BinNums.positive) (A' B : Type) (f : BinNums.positive -> A' -> B -> B) (g : A -> A') (b : B) (x' : A'),
  gmap.gmap_dep_fold f j b (gmap.gmap_dep_partial_alter (fun _ : option A' => Some x') i p (gmap.gmap_dep_fmap g mt)) = f (numbers.Pos.reverse_go i j) x' (gmap.gmap_dep_fold f j b (gmap.gmap_dep_fmap g mt))) ->
 Q mt -> Q (gmap.gmap_dep_partial_alter (fun _ : option A => Some x) i p mt)) ->
forall mt : gmap.gmap_dep A P, Q mt
gmap.gmap_dep_fold_GNode :
forall (A B : Type) (f : BinNums.positive -> A -> B -> B) (P : BinNums.positive -> Prop) (i : BinNums.positive) (y : B) (ml : gmap.gmap_dep A (fun p : BinNums.positive => P (BinNums.xO p))) (mx : option (P BinNums.xH * A)) (mr : gmap.gmap_dep A (fun p : BinNums.positive => P (BinNums.xI p))),
gmap.gmap_dep_fold f i y (gmap.GNode ml mx mr) = gmap.gmap_dep_fold f (BinNums.xI i) (gmap.gmap_dep_fold f (BinNums.xO i) match mx with
                                                                                                                          | Some (_, x) => f (numbers.Pos.reverse i) x y
                                                                                                                          | None => y
                                                                                                                          end ml) mr
gmap.gmap_dep_eq_empty :
forall (A : Type) (P : BinNums.positive -> Prop) (mt : gmap.gmap_dep A P), (forall i : BinNums.positive, P i -> gmap.gmap_dep_lookup i mt = None) -> mt = gmap.GEmpty
gmap.gmap_dep_eq :
forall (A : Type) (P : BinNums.positive -> Prop) (mt1 mt2 : gmap.gmap_dep A P), (forall i : BinNums.positive, base.ProofIrrel (P i)) -> (forall i : BinNums.positive, P i -> gmap.gmap_dep_lookup i mt1 = gmap.gmap_dep_lookup i mt2) -> mt1 = mt2
gmap.gmap_cmra_mixin :
forall (SI : stepindex.sidx) (K : Type) (EqDecision0 : base.RelDecision eq) (H : countable.Countable K) (A : cmra.cmra), cmra.CmraMixin (gmap.gmap K (cmra.cmra_car A))
BinPos.Pos.ggcdn_gcdn :
forall (n : nat) (a b : BinNums.positive), fst (BinPos.Pos.ggcdn n a b) = BinPos.Pos.gcdn n a b
BinPos.Pos.ggcdn_correct_divisors :
forall (n : nat) (a b : BinNums.positive), let '(g, (aa, bb)) := BinPos.Pos.ggcdn n a b in a = BinPos.Pos.mul g aa /\ b = BinPos.Pos.mul g bb
BinInt.Z.ggcd_gcd :
forall a b : BinNums.Z, fst (BinInt.Z.ggcd a b) = BinInt.Z.gcd a b
BinPos.Pos.ggcd_gcd :
forall a b : BinNums.positive, fst (BinPos.Pos.ggcd a b) = BinPos.Pos.gcd a b
BinInt.Z.ggcd_correct_divisors :
forall a b : BinNums.Z, let '(g, (aa, bb)) := BinInt.Z.ggcd a b in a = BinInt.Z.mul g aa /\ b = BinInt.Z.mul g bb
BinPos.Pos.ggcd_correct_divisors :
forall a b : BinNums.positive, let '(g, (aa, bb)) := BinPos.Pos.ggcd a b in a = BinPos.Pos.mul g aa /\ b = BinPos.Pos.mul g bb
InitialRing.get_signZ_th :
Ring_theory.sign_theory BinInt.Z.opp BinInt.Z.eqb InitialRing.get_signZ
InitialRing.gen_phiZ_mul :
forall (R : Type) (rO rI : R) (radd rmul rsub : R -> R -> R) (ropp : R -> R) (req : R -> R -> Prop),
Setoid.Setoid_Theory R req ->
Ring_theory.ring_eq_ext radd rmul ropp req -> Ring_theory.ring_theory rO rI radd rmul rsub ropp req -> forall x y : BinNums.Z, req (InitialRing.gen_phiZ rO rI radd rmul ropp (BinInt.Z.mul x y)) (rmul (InitialRing.gen_phiZ rO rI radd rmul ropp x) (InitialRing.gen_phiZ rO rI radd rmul ropp y))
InitialRing.gen_phiZ_morph :
forall (R : Type) (rO rI : R) (radd rmul rsub : R -> R -> R) (ropp : R -> R) (req : R -> R -> Prop),
Setoid.Setoid_Theory R req ->
Ring_theory.ring_eq_ext radd rmul ropp req ->
Ring_theory.ring_theory rO rI radd rmul rsub ropp req -> Ring_theory.ring_morph rO rI radd rmul rsub ropp req BinNums.Z0 (BinNums.Zpos BinNums.xH) BinInt.Z.add BinInt.Z.mul BinInt.Z.sub BinInt.Z.opp BinInt.Z.eqb (InitialRing.gen_phiZ rO rI radd rmul ropp)
InitialRing.gen_phiZ_ext :
forall (R : Type) (rO rI : R) (radd rmul : R -> R -> R) (ropp : R -> R) (req : R -> R -> Prop), Setoid.Setoid_Theory R req -> forall x y : BinNums.Z, x = y -> req (InitialRing.gen_phiZ rO rI radd rmul ropp x) (InitialRing.gen_phiZ rO rI radd rmul ropp y)
InitialRing.gen_phiZ_add :
forall (R : Type) (rO rI : R) (radd rmul rsub : R -> R -> R) (ropp : R -> R) (req : R -> R -> Prop),
Setoid.Setoid_Theory R req ->
Ring_theory.ring_eq_ext radd rmul ropp req -> Ring_theory.ring_theory rO rI radd rmul rsub ropp req -> forall x y : BinNums.Z, req (InitialRing.gen_phiZ rO rI radd rmul ropp (BinInt.Z.add x y)) (radd (InitialRing.gen_phiZ rO rI radd rmul ropp x) (InitialRing.gen_phiZ rO rI radd rmul ropp y))
InitialRing.gen_phiZ1_pos_sub :
forall (R : Type) (rO rI : R) (radd rmul rsub : R -> R -> R) (ropp : R -> R) (req : R -> R -> Prop),
Setoid.Setoid_Theory R req ->
Ring_theory.ring_eq_ext radd rmul ropp req ->
Ring_theory.ring_theory rO rI radd rmul rsub ropp req -> forall x y : BinNums.positive, req (InitialRing.gen_phiZ1 rO rI radd rmul ropp (BinInt.Z.pos_sub x y)) (radd (InitialRing.gen_phiPOS1 rI radd rmul x) (ropp (InitialRing.gen_phiPOS1 rI radd rmul y)))
InitialRing.gen_Zeqb_ok :
forall (R : Type) (rO rI : R) (radd rmul : R -> R -> R) (ropp : R -> R) (req : R -> R -> Prop), Setoid.Setoid_Theory R req -> forall x y : BinNums.Z, BinInt.Z.eqb x y = true -> req (InitialRing.gen_phiZ rO rI radd rmul ropp x) (InitialRing.gen_phiZ rO rI radd rmul ropp y)
ZMicromega.genCuttingPlaneNone :
forall (env : RingMicromega.PolEnv BinNums.Z) (f : RingMicromega.NFormula BinNums.Z), ZMicromega.genCuttingPlane f = None -> ZMicromega.eval_nformula env f -> False
BinInt.Z.geb_leb :
forall n m : BinNums.Z, BinInt.Z.geb n m = BinInt.Z.leb m n
BinInt.Z.geb_le :
forall n m : BinNums.Z, BinInt.Z.geb n m = true <-> BinInt.Z.le m n
BinInt.Z.geb_ge :
forall n m : BinNums.Z, BinInt.Z.geb n m = true <-> BinInt.Z.ge n m
BinInt.Z.ge_le_iff :
forall n m : BinNums.Z, BinInt.Z.ge n m <-> BinInt.Z.le m n
BinPos.Pos.ge_le_iff :
forall p q : BinNums.positive, BinPos.Pos.ge p q <-> BinPos.Pos.le q p
BinInt.Z.ge_le :
forall n m : BinNums.Z, BinInt.Z.ge n m -> BinInt.Z.le m n
BinPos.Pos.gcdn_greatest :
forall (n : nat) (a b : BinNums.positive), BinPos.Pos.size_nat a + BinPos.Pos.size_nat b <= n -> forall p : BinNums.positive, BinPos.Pos.divide p a -> BinPos.Pos.divide p b -> BinPos.Pos.divide p (BinPos.Pos.gcdn n a b)
BinInt.Z.gcd_wd :
Morphisms.Proper (Morphisms.respectful eq (Morphisms.respectful eq eq)) BinInt.Z.gcd
BinInt.Z.gcd_unique_alt :
forall n m p : BinNums.Z, BinInt.Z.le BinNums.Z0 p -> (forall q : BinNums.Z, BinInt.Z.divide q p <-> BinInt.Z.divide q n /\ BinInt.Z.divide q m) -> BinInt.Z.gcd n m = p
BinInt.Z.gcd_unique :
forall n m p : BinNums.Z, BinInt.Z.le BinNums.Z0 p -> BinInt.Z.divide p n -> BinInt.Z.divide p m -> (forall q : BinNums.Z, BinInt.Z.divide q n -> BinInt.Z.divide q m -> BinInt.Z.divide q p) -> BinInt.Z.gcd n m = p
BinInt.Z.gcd_opp_l :
forall n m : BinNums.Z, BinInt.Z.gcd (BinInt.Z.opp n) m = BinInt.Z.gcd n m
BinInt.Z.gcd_nonneg :
forall a b : BinNums.Z, BinInt.Z.le BinNums.Z0 (BinInt.Z.gcd a b)
BinInt.Z.gcd_greatest :
forall a b c : BinNums.Z, BinInt.Z.divide c a -> BinInt.Z.divide c b -> BinInt.Z.divide c (BinInt.Z.gcd a b)
BinPos.Pos.gcd_greatest :
forall a b p : BinNums.positive, BinPos.Pos.divide p a -> BinPos.Pos.divide p b -> BinPos.Pos.divide p (BinPos.Pos.gcd a b)
BinInt.Z.gcd_divide_r :
forall a b : BinNums.Z, BinInt.Z.divide (BinInt.Z.gcd a b) b
BinInt.Z.gcd_divide_l :
forall a b : BinNums.Z, BinInt.Z.divide (BinInt.Z.gcd a b) a
BinInt.Z.gcd_divide_iff :
forall n m p : BinNums.Z, BinInt.Z.divide p (BinInt.Z.gcd n m) <-> BinInt.Z.divide p n /\ BinInt.Z.divide p m
BinInt.Z.gcd_comm :
forall n m : BinNums.Z, BinInt.Z.gcd n m = BinInt.Z.gcd m n
BinInt.Z.gcd_add_mult_diag_r :
forall n m p : BinNums.Z, BinInt.Z.gcd n (BinInt.Z.add m (BinInt.Z.mul p n)) = BinInt.Z.gcd n m
BinInt.Z.gcd_abs_r :
forall n m : BinNums.Z, BinInt.Z.gcd n (BinInt.Z.abs m) = BinInt.Z.gcd n m
BinInt.Z.gcd_abs_l :
forall n m : BinNums.Z, BinInt.Z.gcd (BinInt.Z.abs n) m = BinInt.Z.gcd n m
BinInt.Z.gcd_1_r :
forall n : BinNums.Z, BinInt.Z.gcd n (BinNums.Zpos BinNums.xH) = BinNums.Zpos BinNums.xH
BinInt.Z.gcd_1_l :
forall n : BinNums.Z, BinInt.Z.gcd (BinNums.Zpos BinNums.xH) n = BinNums.Zpos BinNums.xH
BinInt.Z.gcd_0_l_nonneg :
forall n : BinNums.Z, BinInt.Z.le BinNums.Z0 n -> BinInt.Z.gcd BinNums.Z0 n = n
base.fst_proper' :
forall (A : Type) (RA : Relation_Definitions.relation A) (B : Type) (RB : Relation_Definitions.relation B), Morphisms.Proper (Morphisms.respectful (base.prod_relation RA RB) RA) fst
option.from_option_proper :
forall (A : Type) (H : base.Equiv A) (B : Type) (R : Relation_Definitions.relation B), Morphisms.Proper (Morphisms.respectful (Morphisms.respectful base.equiv R) (Morphisms.respectful R (Morphisms.respectful base.equiv R))) option.from_option
ofe.from_option_ne :
forall (SI : stepindex.sidx) (A : ofe.ofe) (B : Type) (R : Relation_Definitions.relation B) (n : stepindex.sidx_car), Morphisms.Proper (Morphisms.respectful (Morphisms.respectful (ofe.dist n) R) (Morphisms.respectful R (Morphisms.respectful (ofe.dist n) R))) option.from_option
base.forall_proper :
forall (A : Type) (P Q : A -> Prop), (forall x : A, P x <-> Q x) -> (forall x : A, P x) <-> (forall x : A, Q x)
tactics.forall_and_distr :
forall (A : Type) (P Q : A -> Prop), (forall x : A, P x /\ Q x) <-> (forall x : A, P x) /\ (forall x : A, Q x)
ofe.fmap_Some_dist :
forall (SI : stepindex.sidx) (A B : ofe.ofe) (f : ofe.ofe_car A -> ofe.ofe_car B) (mx : option (ofe.ofe_car A)) (y : ofe.ofe_car B) (n : stepindex.sidx_car), ofe.dist n (base.fmap f mx) (Some y) <-> (exists x : ofe.ofe_car A, mx = Some x /\ ofe.dist n y (f x))
option.fmap_Some_1 :
forall (A B : Type) (f : A -> B) (mx : option A) (y : B), base.fmap f mx = Some y -> exists x : A, mx = Some x /\ y = f x
option.fmap_Some :
forall (A B : Type) (f : A -> B) (mx : option A) (y : B), base.fmap f mx = Some y <-> (exists x : A, mx = Some x /\ y = f x)
list_monad.fmap_Permutation :
forall (A B : Type) (f : A -> B), Morphisms.Proper (Morphisms.respectful Permutation.Permutation Permutation.Permutation) (base.fmap f)
Morphisms.flip_atom :
forall (A : Type) (R : Relation_Definitions.relation A), Morphisms.Normalizes A R (Basics.flip (Basics.flip R))
Morphisms.flip_arrow :
forall (A B : Type) (R : Relation_Definitions.relation A) (R''' : A -> A -> Prop),
Morphisms.Normalizes A R (Basics.flip R''') -> forall (R' : Relation_Definitions.relation B) (R'' : B -> B -> Prop), Morphisms.Normalizes B R' (Basics.flip R'') -> Morphisms.Normalizes (A -> B) (Morphisms.respectful R R') (Basics.flip (Morphisms.respectful R''' R''))
RelationClasses.flip_Reflexive :
forall (A : Type) (R : Relation_Definitions.relation A), RelationClasses.Reflexive R -> RelationClasses.Reflexive (Basics.flip R)
Morphisms.flip2 :
forall (A : Type) (R R' : Relation_Definitions.relation A), RelationClasses.subrelation R R' -> RelationClasses.subrelation R (Basics.flip (Basics.flip R'))
List.firstn_length_le :
forall (A : Type) (l : list A) (n : nat), n <= length l -> length (ListDef.firstn n l) = n
finite.fin_finite_obligation_2 :
forall (n : nat) (i : Fin.t n), base.elem_of i (finite.fin_enum n)
finite.fin_finite_obligation_1 :
forall n : nat, base.NoDup (finite.fin_enum n)
fin.fin_dec_subproof3 :
forall (n0 : nat) (t t0 : Fin.t n0), t <> t0 -> Fin.FS t <> Fin.FS t0
fin.fin_dec_subproof2 :
forall (n0 : nat) (t t0 : Fin.t n0), t = t0 -> Fin.FS t = Fin.FS t0
fin.fin_dec_subproof1 :
forall (n0 : nat) (t : Fin.t n0), Fin.FS t <> Fin.F1
fin.fin_dec_subproof0 :
forall (n0 : nat) (t : Fin.t n0), Fin.F1 <> Fin.FS t
fin.fin_dec_subproof :
forall n0 : nat, Fin.F1 = Fin.F1
tactics.f_equal_help :
forall (A B : Type) (f g : A -> B) (x y : A), f = g -> x = y -> f x = g y
f_equal2 :
forall (A1 A2 B : Type) (f : A1 -> A2 -> B) (x1 y1 : A1) (x2 y2 : A2), x1 = y1 -> x2 = y2 -> f x1 x2 = f y1 y2
Znumtheory.extgcd_subproof :
forall a b : BinNums.Z,
True ->
BinInt.Z.le BinNums.Z0 (BinInt.Z.abs a) /\
BinInt.Z.le BinNums.Z0 (BinInt.Z.abs b) /\ BinInt.Z.abs a = BinInt.Z.add (BinInt.Z.mul (BinInt.Z.sgn a) a) (BinInt.Z.mul BinNums.Z0 b) /\ BinInt.Z.abs b = BinInt.Z.add (BinInt.Z.mul BinNums.Z0 a) (BinInt.Z.mul (BinInt.Z.sgn b) b) /\ BinInt.Z.gcd (BinInt.Z.abs a) (BinInt.Z.abs b) = BinInt.Z.gcd a b
Znumtheory.extgcd_rec_subproof1 :
forall a b r1 : BinNums.Z,
(forall y : BinNums.Z,
 (fun n m : BinNums.Z => BinInt.Z.le BinNums.Z0 n /\ BinInt.Z.lt n m) y r1 ->
 (fun x : BinNums.Z =>
  forall x0 x1 x2 x3 x4 : BinNums.Z,
  (True -> BinInt.Z.le BinNums.Z0 x /\ BinInt.Z.le BinNums.Z0 x2 /\ x = BinInt.Z.add (BinInt.Z.mul x0 a) (BinInt.Z.mul x1 b) /\ x2 = BinInt.Z.add (BinInt.Z.mul x3 a) (BinInt.Z.mul x4 b) /\ BinInt.Z.gcd x x2 = BinInt.Z.gcd a b) ->
  {'(u, v, d) : BinNums.Z * BinNums.Z * BinNums.Z | True -> BinInt.Z.add (BinInt.Z.mul u a) (BinInt.Z.mul v b) = d /\ d = BinInt.Z.gcd a b}) y) ->
forall u1 v1 r2 u2 v2 : BinNums.Z,
(True -> BinInt.Z.le BinNums.Z0 r1 /\ BinInt.Z.le BinNums.Z0 r2 /\ r1 = BinInt.Z.add (BinInt.Z.mul u1 a) (BinInt.Z.mul v1 b) /\ r2 = BinInt.Z.add (BinInt.Z.mul u2 a) (BinInt.Z.mul v2 b) /\ BinInt.Z.gcd r1 r2 = BinInt.Z.gcd a b) ->
r1 <> BinNums.Z0 ->
let q := BinInt.Z.div r2 r1 in
True ->
BinInt.Z.le BinNums.Z0 (BinInt.Z.sub r2 (BinInt.Z.mul q r1)) /\
BinInt.Z.le BinNums.Z0 r1 /\
BinInt.Z.sub r2 (BinInt.Z.mul q r1) = BinInt.Z.add (BinInt.Z.mul (BinInt.Z.sub u2 (BinInt.Z.mul q u1)) a) (BinInt.Z.mul (BinInt.Z.sub v2 (BinInt.Z.mul q v1)) b) /\ r1 = BinInt.Z.add (BinInt.Z.mul u1 a) (BinInt.Z.mul v1 b) /\ BinInt.Z.gcd (BinInt.Z.sub r2 (BinInt.Z.mul q r1)) r1 = BinInt.Z.gcd a b
Znumtheory.extgcd_rec_subproof0 :
forall a b r1 u1 v1 r2 u2 v2 : BinNums.Z,
(True -> BinInt.Z.le BinNums.Z0 r1 /\ BinInt.Z.le BinNums.Z0 r2 /\ r1 = BinInt.Z.add (BinInt.Z.mul u1 a) (BinInt.Z.mul v1 b) /\ r2 = BinInt.Z.add (BinInt.Z.mul u2 a) (BinInt.Z.mul v2 b) /\ BinInt.Z.gcd r1 r2 = BinInt.Z.gcd a b) ->
r1 <> BinNums.Z0 -> let q := BinInt.Z.div r2 r1 in BinInt.Z.le BinNums.Z0 (BinInt.Z.sub r2 (BinInt.Z.mul q r1)) /\ BinInt.Z.lt (BinInt.Z.sub r2 (BinInt.Z.mul q r1)) r1
Znumtheory.extgcd_rec_subproof :
forall a b r1 : BinNums.Z,
(forall y : BinNums.Z,
 (fun n m : BinNums.Z => BinInt.Z.le BinNums.Z0 n /\ BinInt.Z.lt n m) y r1 ->
 (fun x : BinNums.Z =>
  forall x0 x1 x2 x3 x4 : BinNums.Z,
  (True -> BinInt.Z.le BinNums.Z0 x /\ BinInt.Z.le BinNums.Z0 x2 /\ x = BinInt.Z.add (BinInt.Z.mul x0 a) (BinInt.Z.mul x1 b) /\ x2 = BinInt.Z.add (BinInt.Z.mul x3 a) (BinInt.Z.mul x4 b) /\ BinInt.Z.gcd x x2 = BinInt.Z.gcd a b) ->
  {'(u, v, d) : BinNums.Z * BinNums.Z * BinNums.Z | True -> BinInt.Z.add (BinInt.Z.mul u a) (BinInt.Z.mul v b) = d /\ d = BinInt.Z.gcd a b}) y) ->
forall u1 v1 r2 u2 v2 : BinNums.Z,
(True -> BinInt.Z.le BinNums.Z0 r1 /\ BinInt.Z.le BinNums.Z0 r2 /\ r1 = BinInt.Z.add (BinInt.Z.mul u1 a) (BinInt.Z.mul v1 b) /\ r2 = BinInt.Z.add (BinInt.Z.mul u2 a) (BinInt.Z.mul v2 b) /\ BinInt.Z.gcd r1 r2 = BinInt.Z.gcd a b) ->
r1 = BinNums.Z0 -> True -> BinInt.Z.add (BinInt.Z.mul u2 a) (BinInt.Z.mul v2 b) = r2 /\ r2 = BinInt.Z.gcd a b
Znumtheory.extgcd_rec_helper :
forall a b r1 r2 q : BinNums.Z, BinInt.Z.gcd r1 r2 = BinInt.Z.gcd a b -> BinInt.Z.gcd (BinInt.Z.sub r2 (BinInt.Z.mul q r1)) r1 = BinInt.Z.gcd a b
Znumtheory.extgcd_correct :
forall a b u v d : BinNums.Z, Znumtheory.extgcd a b = (u, v, d) -> BinInt.Z.add (BinInt.Z.mul u a) (BinInt.Z.mul v b) = d /\ d = BinInt.Z.gcd a b
BinInt.Z.exists_div2 :
forall a : BinNums.Z, exists (a' : BinNums.Z) (b : bool), a = BinInt.Z.add (BinInt.Z.mul (BinNums.Zpos (BinNums.xO BinNums.xH)) a') (BinInt.Z.b2z b)
BinInt.Z.even_spec :
forall n : BinNums.Z, BinInt.Z.even n = true <-> BinInt.Z.Even n
BinInt.Z.even_mul :
forall n m : BinNums.Z, BinInt.Z.even (BinInt.Z.mul n m) = (BinInt.Z.even n || BinInt.Z.even m)%bool
BinInt.Z.even_add :
forall n m : BinNums.Z, BinInt.Z.even (BinInt.Z.add n m) = Bool.eqb (BinInt.Z.even n) (BinInt.Z.even m)
BinInt.Z.even_2 :
BinInt.Z.even (BinNums.Zpos (BinNums.xO BinNums.xH)) = true
BinInt.Z.even_0 :
BinInt.Z.even BinNums.Z0 = true
ZMicromega.eval_pol_sub :
forall (env : RingMicromega.PolEnv BinNums.Z) (lhs rhs : EnvRing.Pol BinNums.Z), ZMicromega.eval_pol env (ZMicromega.psub lhs rhs) = BinInt.Z.sub (ZMicromega.eval_pol env lhs) (ZMicromega.eval_pol env rhs)
RingMicromega.eval_pol_sub :
forall (R : Type) (rO rI : R) (rplus rtimes rminus : R -> R -> R) (ropp : R -> R) (req rle rlt : R -> R -> Prop),
OrderedRing.SOR rO rI rplus rtimes rminus ropp req rle rlt ->
forall (C : Type) (cO cI : C) (cplus ctimes cminus : C -> C -> C) (copp : C -> C) (ceqb cleb : C -> C -> bool) (phi : C -> R) (E : Type) (pow_phi : BinNums.N -> E) (rpow : R -> E -> R),
RingMicromega.SORaddon rO rI rplus rtimes rminus ropp req rle cO cI cplus ctimes cminus copp ceqb cleb phi pow_phi rpow ->
forall (env : RingMicromega.PolEnv R) (lhs rhs : EnvRing.Pol C), req (RingMicromega.eval_pol rplus rtimes phi env (RingMicromega.psub cO cplus cminus copp ceqb lhs rhs)) (rminus (RingMicromega.eval_pol rplus rtimes phi env lhs) (RingMicromega.eval_pol rplus rtimes phi env rhs))
RingMicromega.eval_pol_opp :
forall (R : Type) (rO rI : R) (rplus rtimes rminus : R -> R -> R) (ropp : R -> R) (req rle rlt : R -> R -> Prop),
OrderedRing.SOR rO rI rplus rtimes rminus ropp req rle rlt ->
forall (C : Type) (cO cI : C) (cplus ctimes cminus : C -> C -> C) (copp : C -> C) (ceqb cleb : C -> C -> bool) (phi : C -> R) (E : Type) (pow_phi : BinNums.N -> E) (rpow : R -> E -> R),
RingMicromega.SORaddon rO rI rplus rtimes rminus ropp req rle cO cI cplus ctimes cminus copp ceqb cleb phi pow_phi rpow ->
forall (env : RingMicromega.PolEnv R) (e : EnvRing.Pol C), req (RingMicromega.eval_pol rplus rtimes phi env (RingMicromega.popp copp e)) (ropp (RingMicromega.eval_pol rplus rtimes phi env e))
ZMicromega.eval_pol_norm :
forall (env : RingMicromega.PolEnv BinNums.Z) (e : EnvRing.PExpr BinNums.Z), ZMicromega.eval_expr env e = ZMicromega.eval_pol env (ZMicromega.normZ e)
RingMicromega.eval_pol_norm :
forall (R : Type) (rO rI : R) (rplus rtimes rminus : R -> R -> R) (ropp : R -> R) (req rle rlt : R -> R -> Prop),
OrderedRing.SOR rO rI rplus rtimes rminus ropp req rle rlt ->
forall (C : Type) (cO cI : C) (cplus ctimes cminus : C -> C -> C) (copp : C -> C) (ceqb cleb : C -> C -> bool) (phi : C -> R) (E : Type) (pow_phi : BinNums.N -> E) (rpow : R -> E -> R),
RingMicromega.SORaddon rO rI rplus rtimes rminus ropp req rle cO cI cplus ctimes cminus copp ceqb cleb phi pow_phi rpow ->
forall (env : RingMicromega.PolEnv R) (lhs : EnvRing.PExpr C), req (RingMicromega.eval_pexpr rplus rtimes rminus ropp phi pow_phi rpow env lhs) (RingMicromega.eval_pol rplus rtimes phi env (RingMicromega.norm cO cI cplus ctimes cminus copp ceqb lhs))
ZMicromega.eval_pol_add :
forall (env : RingMicromega.PolEnv BinNums.Z) (lhs rhs : EnvRing.Pol BinNums.Z), ZMicromega.eval_pol env (ZMicromega.padd lhs rhs) = BinInt.Z.add (ZMicromega.eval_pol env lhs) (ZMicromega.eval_pol env rhs)
RingMicromega.eval_pol_add :
forall (R : Type) (rO rI : R) (rplus rtimes rminus : R -> R -> R) (ropp : R -> R) (req rle rlt : R -> R -> Prop),
OrderedRing.SOR rO rI rplus rtimes rminus ropp req rle rlt ->
forall (C : Type) (cO cI : C) (cplus ctimes cminus : C -> C -> C) (copp : C -> C) (ceqb cleb : C -> C -> bool) (phi : C -> R) (E : Type) (pow_phi : BinNums.N -> E) (rpow : R -> E -> R),
RingMicromega.SORaddon rO rI rplus rtimes rminus ropp req rle cO cI cplus ctimes cminus copp ceqb cleb phi pow_phi rpow ->
forall (env : RingMicromega.PolEnv R) (lhs rhs : EnvRing.Pol C), req (RingMicromega.eval_pol rplus rtimes phi env (RingMicromega.padd cO cplus ceqb lhs rhs)) (rplus (RingMicromega.eval_pol rplus rtimes phi env lhs) (RingMicromega.eval_pol rplus rtimes phi env rhs))
ZMicromega.eval_pol_Pc :
forall (env : RingMicromega.PolEnv BinNums.Z) (z : BinNums.Z), ZMicromega.eval_pol env (EnvRing.Pc z) = z
ZMicromega.eval_nformula_split :
forall (env : RingMicromega.PolEnv BinNums.Z) (p : RingMicromega.PolC BinNums.Z), ZMicromega.eval_nformula env (p, RingMicromega.NonStrict) \/ ZMicromega.eval_nformula env (ZMicromega.popp p, RingMicromega.NonStrict)
ZMicromega.eval_nformula_mk_eq_pos :
forall (env : BinNums.positive -> BinNums.Z) (x z t : BinNums.positive), env x = BinInt.Z.sub (env z) (env t) -> ZMicromega.eval_nformula env (ZMicromega.xnnormalise (ZMicromega.mk_eq_pos x z t))
RingMicromega.eval_nformula_dec :
forall (R : Type) (rO rI : R) (rplus rtimes rminus : R -> R -> R) (ropp : R -> R) (req rle rlt : R -> R -> Prop),
OrderedRing.SOR rO rI rplus rtimes rminus ropp req rle rlt -> forall (C : Type) (phi : C -> R) (env : RingMicromega.PolEnv R) (d : RingMicromega.NFormula C), RingMicromega.eval_nformula rO rplus rtimes req rle rlt phi env d \/ ~ RingMicromega.eval_nformula rO rplus rtimes req rle rlt phi env d
ZMicromega.eval_nformula_bound_var :
forall (env : BinNums.positive -> BinNums.Z) (x : BinNums.positive), BinInt.Z.ge (env x) BinNums.Z0 -> ZMicromega.eval_nformula env (ZMicromega.xnnormalise (ZMicromega.bound_var x))
Tauto.eval_cnf_tt :
forall (Env Term' Annot : Type) (eval' : Env -> Term' -> Prop) (env : Env), Tauto.eval_cnf eval' env (Tauto.cnf_tt Term' Annot) <-> True
Tauto.eval_cnf_ff :
forall (Env Term' Annot : Type) (eval' : Env -> Term' -> Prop) (env : Env), Tauto.eval_cnf eval' env (Tauto.cnf_ff Term' Annot) <-> False
Tauto.eval_cnf_cons_iff :
forall (Env Term' Annot : Type) (eval' : Env -> Term' -> Prop) (env : Env) (a : list (Term' * Annot)) (f : Tauto.cnf Term' Annot), ~ Refl.make_conj (Tauto.eval_tt eval' env) a /\ Tauto.eval_cnf eval' env f <-> Tauto.eval_cnf eval' env (a :: f)%list
Tauto.eval_cnf_app :
forall (Env Term' Annot : Type) (eval' : Env -> Term' -> Prop) (env : Env) (x y : list (Tauto.clause Term' Annot)), Tauto.eval_cnf eval' env (List.rev_append x y) <-> Tauto.eval_cnf eval' env x /\ Tauto.eval_cnf eval' env y
Tauto.eval_cnf_and_opt :
forall (Env Term' Annot : Type) (eval' : Env -> Term' -> Prop) (env : Env) (x y : Tauto.cnf Term' Annot), Tauto.eval_cnf eval' env (Tauto.and_cnf_opt x y) <-> Tauto.eval_cnf eval' env (Tauto.and_cnf x y)
ZMicromega.eval_Psatz_sound :
forall (env : RingMicromega.PolEnv BinNums.Z) (w : ZMicromega.ZWitness) (l : list (RingMicromega.NFormula BinNums.Z)) (f' : RingMicromega.NFormula BinNums.Z), Refl.make_conj (ZMicromega.eval_nformula env) l -> ZMicromega.eval_Psatz l w = Some f' -> ZMicromega.eval_nformula env f'
RingMicromega.eval_Psatz_Sound :
forall (R : Type) (rO rI : R) (rplus rtimes rminus : R -> R -> R) (ropp : R -> R) (req rle rlt : R -> R -> Prop),
OrderedRing.SOR rO rI rplus rtimes rminus ropp req rle rlt ->
forall (C : Type) (cO cI : C) (cplus ctimes cminus : C -> C -> C) (copp : C -> C) (ceqb cleb : C -> C -> bool) (phi : C -> R) (E : Type) (pow_phi : BinNums.N -> E) (rpow : R -> E -> R),
RingMicromega.SORaddon rO rI rplus rtimes rminus ropp req rle cO cI cplus ctimes cminus copp ceqb cleb phi pow_phi rpow ->
forall (l : list (RingMicromega.NFormula C)) (env : RingMicromega.PolEnv R),
(forall f : RingMicromega.NFormula C, List.In f l -> RingMicromega.eval_nformula rO rplus rtimes req rle rlt phi env f) ->
forall (e : RingMicromega.Psatz C) (f : RingMicromega.NFormula C), RingMicromega.eval_Psatz cO cI cplus ctimes ceqb cleb l e = Some f -> RingMicromega.eval_nformula rO rplus rtimes req rle rlt phi env f
ofe.equiv_dist :
forall (SI : stepindex.sidx) (A : ofe.ofe) (x y : ofe.ofe_car A), base.equiv x y <-> (forall n : stepindex.sidx_car, ofe.dist n x y)
BinInt.Z.eqf_equiv :
RelationClasses.Equivalence BinInt.Z.eqf
Bool.eqb_true_iff :
forall a b : bool, Bool.eqb a b = true <-> a = b
BinPos.Pos.eqb_refl :
forall x : BinNums.positive, BinPos.Pos.eqb x x = true
BinInt.Z.eqb_neq :
forall x y : BinNums.Z, BinInt.Z.eqb x y = false <-> x <> y
BinInt.Z.eqb_eq :
forall n m : BinNums.Z, BinInt.Z.eqb n m = true <-> n = m
BinPos.Pos.eqb_eq :
forall p q : BinNums.positive, BinPos.Pos.eqb p q = true <-> p = q
Bool.eq_true_iff_eq :
forall b1 b2 : bool, b1 = true <-> b2 = true -> b1 = b2
BinInt.Z.Private_OrderTac.Tac.eq_sym :
forall x y : BinNums.Z, x = y -> y = x
PeanoNat.Nat.Private_OrderTac.Tac.eq_sym :
forall x y : nat, x = y -> y = x
BinPos.Pos.Private_Tac.eq_sym :
forall x y : BinNums.positive, x = y -> y = x
PeanoNat.Nat.Private_Tac.eq_sym :
forall x y : nat, x = y -> y = x
BinInt.Z.Private_OrderTac.Tac.eq_refl :
forall x : BinNums.Z, x = x
PeanoNat.Nat.Private_OrderTac.Tac.eq_refl :
forall x : nat, x = x
BinPos.Pos.Private_Tac.eq_refl :
forall x : BinNums.positive, x = x
Morphisms.eq_proper_proxy :
forall (A : Type) (x : A), Morphisms.ProperProxy eq x
Eqdep_dec.eq_proofs_unicity_on :
forall (A : Type) (x : A), (forall y : A, x = y \/ x <> y) -> forall (y : A) (p1 p2 : x = y), p1 = p2
Eqdep_dec.eq_proofs_unicity :
forall A : Type, (forall x y : A, x = y \/ x <> y) -> forall (x y : A) (p1 p2 : x = y), p1 = p2
ZifyInst.eq_pos_inj :
forall x y : BinNums.positive, x = y <-> BinNums.Zpos x = BinNums.Zpos y
proof_irrel.eq_pi :
forall (A : Type) (x : A), (forall z : A, base.Decision (x = z)) -> forall y : A, base.ProofIrrel (x = y)
BinInt.Z.eq_opp_l :
forall n m : BinNums.Z, BinInt.Z.opp n = m <-> n = BinInt.Z.opp m
BinInt.Z.Private_OrderTac.Tac.eq_neq :
forall x y z : BinNums.Z, x = y -> y <> z -> x <> z
PeanoNat.Nat.Private_OrderTac.Tac.eq_neq :
forall x y z : nat, x = y -> y <> z -> x <> z
BinPos.Pos.Private_Tac.eq_neq :
forall x y z : BinNums.positive, x = y -> y <> z -> x <> z
BinInt.Z.eq_mul_1_nonneg' :
forall n m : BinNums.Z, BinInt.Z.le BinNums.Z0 m -> BinInt.Z.mul n m = BinNums.Zpos BinNums.xH -> n = BinNums.Zpos BinNums.xH /\ m = BinNums.Zpos BinNums.xH
BinInt.Z.eq_mul_1_nonneg :
forall n m : BinNums.Z, BinInt.Z.le BinNums.Z0 n -> BinInt.Z.mul n m = BinNums.Zpos BinNums.xH -> n = BinNums.Zpos BinNums.xH /\ m = BinNums.Zpos BinNums.xH
BinInt.Z.eq_mul_0 :
forall n m : BinNums.Z, BinInt.Z.mul n m = BinNums.Z0 <-> n = BinNums.Z0 \/ m = BinNums.Z0
BinInt.Z.eq_le_incl :
forall n m : BinNums.Z, n = m -> BinInt.Z.le n m
PeanoNat.Nat.eq_le_incl :
forall n m : nat, n = m -> n <= m
BinNat.N.eq_le_incl :
forall n m : BinNums.N, n = m -> BinNat.N.le n m
Bool.eq_iff_eq_true :
forall b1 b2 : bool, b1 = b2 <-> (b1 = true <-> b2 = true)
BinInt.Z.eq_decidable :
forall n m : BinNums.Z, Decidable.decidable (n = m)
ZMicromega.eq_cnf :
forall x : BinNums.Z, (BinInt.Z.le BinNums.Z0 (BinInt.Z.sub x (BinNums.Zpos BinNums.xH)) -> False) /\ (BinInt.Z.le BinNums.Z0 (BinInt.Z.sub (BinNums.Zneg BinNums.xH) x) -> False) <-> x = BinNums.Z0
EnvRing.env_morph :
forall (R : Type) (radd rmul : R -> R -> R) (C : Type) (phi : C -> R) (p : EnvRing.Pol C) (e1 e2 : BinNums.positive -> R), (forall x : BinNums.positive, e1 x = e2 x) -> EnvRing.Pphi radd rmul phi e1 p = EnvRing.Pphi radd rmul phi e2 p
countable.encode_inj :
forall (A : Type) (EqDecision0 : base.RelDecision eq) (H : countable.Countable A), base.Inj eq eq countable.encode
list_basics.elem_of_nil_inv :
forall (A : Type) (l : list A), (forall x : A, ~ base.elem_of x l) -> l = nil
list_basics.elem_of_nil :
forall (A : Type) (x : A), base.elem_of x nil <-> False
fin_maps.elem_of_map_to_list :
forall (K : Type) (M : Type -> Type) (H : base.FMap M) (H0 : forall A : Type, base.Lookup K A (M A)) (H1 : forall A : Type, base.Empty (M A)) (H2 : forall A : Type, base.PartialAlter K A (M A)) (H3 : base.OMap M) (H4 : base.Merge M) (H5 : forall A : Type, fin_maps.MapFold K A (M A))
  (EqDecision0 : base.RelDecision eq),
fin_maps.FinMap K M -> forall (A : Type) (m : M A) (i : K) (x : A), base.elem_of (i, x) (fin_maps.map_to_list m) <-> base.lookup i m = Some x
fin_maps.elem_of_list_to_map_2 :
forall (K : Type) (M : Type -> Type) (H : base.FMap M) (H0 : forall A : Type, base.Lookup K A (M A)) (H1 : forall A : Type, base.Empty (M A)) (H2 : forall A : Type, base.PartialAlter K A (M A)) (H3 : base.OMap M) (H4 : base.Merge M) (H5 : forall A : Type, fin_maps.MapFold K A (M A))
  (EqDecision0 : base.RelDecision eq),
fin_maps.FinMap K M -> forall (A : Type) (l : list (K * A)) (i : K) (x : A), base.lookup i (fin_maps.list_to_map l : M A) = Some x -> base.elem_of (i, x) l
fin_maps.elem_of_list_to_map_1' :
forall (K : Type) (M : Type -> Type) (H : base.FMap M) (H0 : forall A : Type, base.Lookup K A (M A)) (H1 : forall A : Type, base.Empty (M A)) (H2 : forall A : Type, base.PartialAlter K A (M A)) (H3 : base.OMap M) (H4 : base.Merge M) (H5 : forall A : Type, fin_maps.MapFold K A (M A))
  (EqDecision0 : base.RelDecision eq),
fin_maps.FinMap K M -> forall (A : Type) (l : list (K * A)) (i : K) (x : A), (forall y : A, base.elem_of (i, y) l -> x = y) -> base.elem_of (i, x) l -> base.lookup i (fin_maps.list_to_map l : M A) = Some x
fin_maps.elem_of_list_to_map_1 :
forall (K : Type) (M : Type -> Type) (H : base.FMap M) (H0 : forall A : Type, base.Lookup K A (M A)) (H1 : forall A : Type, base.Empty (M A)) (H2 : forall A : Type, base.PartialAlter K A (M A)) (H3 : base.OMap M) (H4 : base.Merge M) (H5 : forall A : Type, fin_maps.MapFold K A (M A))
  (EqDecision0 : base.RelDecision eq),
fin_maps.FinMap K M -> forall (A : Type) (l : list (K * A)) (i : K) (x : A), base.NoDup (base.fmap fst l) -> base.elem_of (i, x) l -> base.lookup i (fin_maps.list_to_map l : M A) = Some x
fin_maps.elem_of_list_to_map :
forall (K : Type) (M : Type -> Type) (H : base.FMap M) (H0 : forall A : Type, base.Lookup K A (M A)) (H1 : forall A : Type, base.Empty (M A)) (H2 : forall A : Type, base.PartialAlter K A (M A)) (H3 : base.OMap M) (H4 : base.Merge M) (H5 : forall A : Type, fin_maps.MapFold K A (M A))
  (EqDecision0 : base.RelDecision eq),
fin_maps.FinMap K M -> forall (A : Type) (l : list (K * A)) (i : K) (x : A), base.NoDup (base.fmap fst l) -> base.elem_of (i, x) l <-> base.lookup i (fin_maps.list_to_map l : M A) = Some x
list_basics.elem_of_list_split_length :
forall (A : Type) (l : list A) (i : nat) (x : A), base.lookup i l = Some x -> exists l1 l2 : list A, l = (l1 ++ x :: l2)%list /\ i = length l1
list_basics.elem_of_list_split :
forall (A : Type) (l : list A) (x : A), base.elem_of x l -> exists l1 l2 : list A, l = (l1 ++ x :: l2)%list
list_basics.elem_of_list_singleton :
forall (A : Type) (x y : A), base.elem_of x (y :: nil)%list <-> x = y
list_basics.elem_of_list_lookup_2 :
forall (A : Type) (l : list A) (i : nat) (x : A), base.lookup i l = Some x -> base.elem_of x l
list_basics.elem_of_list_lookup_1 :
forall (A : Type) (l : list A) (x : A), base.elem_of x l -> exists i : nat, base.lookup i l = Some x
list_basics.elem_of_list_lookup :
forall (A : Type) (l : list A) (x : A), base.elem_of x l <-> (exists i : nat, base.lookup i l = Some x)
list_monad.elem_of_list_fmap_2 :
forall (A B : Type) (f : A -> B) (l : list A) (x : B), base.elem_of x (base.fmap f l) -> exists y : A, x = f y /\ base.elem_of y l
list_monad.elem_of_list_fmap_1_alt :
forall (A B : Type) (f : A -> B) (l : list A) (x : A) (y : B), base.elem_of x l -> y = f x -> base.elem_of y (base.fmap f l)
list_monad.elem_of_list_fmap_1 :
forall (A B : Type) (f : A -> B) (l : list A) (x : A), base.elem_of x l -> base.elem_of (f x) (base.fmap f l)
list_monad.elem_of_list_fmap :
forall (A B : Type) (f : A -> B) (l : list A) (x : B), base.elem_of x (base.fmap f l) <-> (exists y : A, x = f y /\ base.elem_of y l)
list_basics.elem_of_cons :
forall (A : Type) (l : list A) (x y : A), base.elem_of x (y :: l)%list <-> x = y \/ base.elem_of x l
list_basics.elem_of_app :
forall (A : Type) (l1 l2 : list A) (x : A), base.elem_of x (l1 ++ l2)%list <-> base.elem_of x l1 \/ base.elem_of x l2
agree.elem_of_agree :
forall (A : Type) (x : agree.agree A), exists a : A, base.elem_of a (agree.agree_car x)
list_relations.elem_of_Permutation_proper :
forall (A : Type) (x : A), Morphisms.Proper (Morphisms.respectful Permutation.Permutation iff) (base.elem_of x)
TypeCasts.dummy_value :
forall T : Type, base.Inhabited T -> T
BinNat.N.double_spec :
forall n : BinNums.N, BinNat.N.double n = BinNat.N.mul (BinNums.Npos (BinNums.xO BinNums.xH)) n
BinNat.N.double_mul :
forall n m : BinNums.N, BinNat.N.double (BinNat.N.mul n m) = BinNat.N.mul (BinNat.N.double n) m
PeanoNat.Nat.double_induction :
forall R : nat -> nat -> Prop, Morphisms.Proper (Morphisms.respectful eq (Morphisms.respectful eq iff)) R -> (forall m : nat, R 0 m) -> (forall n : nat, R (S n) 0) -> (forall n m : nat, R n m -> R (S n) (S m)) -> forall n m : nat, R n m
BinInt.Z.double_bits_succ :
forall a n : BinNums.Z, BinInt.Z.testbit (BinInt.Z.mul (BinNums.Zpos (BinNums.xO BinNums.xH)) a) (BinInt.Z.succ n) = BinInt.Z.testbit a n
BinInt.Z.double_below :
forall n m : BinNums.Z, BinInt.Z.le n m -> BinInt.Z.lt (BinInt.Z.mul (BinNums.Zpos (BinNums.xO BinNums.xH)) n) (BinInt.Z.add (BinInt.Z.mul (BinNums.Zpos (BinNums.xO BinNums.xH)) m) (BinNums.Zpos BinNums.xH))
BinNat.N.double_add :
forall n m : BinNums.N, BinNat.N.double (BinNat.N.add n m) = BinNat.N.add (BinNat.N.double n) (BinNat.N.double m)
BinInt.Z.double_above :
forall n m : BinNums.Z, BinInt.Z.lt n m -> BinInt.Z.lt (BinInt.Z.add (BinInt.Z.mul (BinNums.Zpos (BinNums.xO BinNums.xH)) n) (BinNums.Zpos BinNums.xH)) (BinInt.Z.mul (BinNums.Zpos (BinNums.xO BinNums.xH)) m)
Values.dodgy_vec :
forall (T : Type) (n : BinNums.Z), BinInt.Z.geb n BinNums.Z0 = false -> Values.vec T n
BinPos.Pos.divide_xO_xO :
forall p q : BinNums.positive, BinPos.Pos.divide (BinNums.xO p) (BinNums.xO q) <-> BinPos.Pos.divide p q
BinPos.Pos.divide_xO_xI :
forall p q r : BinNums.positive, BinPos.Pos.divide p (BinNums.xO q) -> BinPos.Pos.divide p (BinNums.xI r) -> BinPos.Pos.divide p q
BinInt.Z.divide_wd :
Morphisms.Proper (Morphisms.respectful eq (Morphisms.respectful eq iff)) BinInt.Z.divide
BinInt.Z.divide_trans :
forall n m p : BinNums.Z, BinInt.Z.divide n m -> BinInt.Z.divide m p -> BinInt.Z.divide n p
BinInt.Z.divide_sub_r :
forall n m p : BinNums.Z, BinInt.Z.divide n m -> BinInt.Z.divide n p -> BinInt.Z.divide n (BinInt.Z.sub m p)
BinInt.Z.divide_refl :
forall n : BinNums.Z, BinInt.Z.divide n n
BinInt.Z.divide_opp_r :
forall n m : BinNums.Z, BinInt.Z.divide n (BinInt.Z.opp m) <-> BinInt.Z.divide n m
BinInt.Z.divide_opp_l :
forall n m : BinNums.Z, BinInt.Z.divide (BinInt.Z.opp n) m <-> BinInt.Z.divide n m
BinInt.Z.divide_mul_r :
forall n m p : BinNums.Z, BinInt.Z.divide n p -> BinInt.Z.divide n (BinInt.Z.mul m p)
BinPos.Pos.divide_mul_r :
forall p q r : BinNums.positive, BinPos.Pos.divide p r -> BinPos.Pos.divide p (BinPos.Pos.mul q r)
BinInt.Z.divide_mul_l :
forall n m p : BinNums.Z, BinInt.Z.divide n m -> BinInt.Z.divide n (BinInt.Z.mul m p)
BinPos.Pos.divide_mul_l :
forall p q r : BinNums.positive, BinPos.Pos.divide p q -> BinPos.Pos.divide p (BinPos.Pos.mul q r)
BinInt.Z.divide_factor_r :
forall n m : BinNums.Z, BinInt.Z.divide n (BinInt.Z.mul m n)
BinInt.Z.divide_factor_l :
forall n m : BinNums.Z, BinInt.Z.divide n (BinInt.Z.mul n m)
BinInt.Z.divide_antisym_nonneg :
forall n m : BinNums.Z, BinInt.Z.le BinNums.Z0 n -> BinInt.Z.le BinNums.Z0 m -> BinInt.Z.divide n m -> BinInt.Z.divide m n -> n = m
BinInt.Z.divide_antisym_abs :
forall n m : BinNums.Z, BinInt.Z.divide n m -> BinInt.Z.divide m n -> BinInt.Z.abs n = BinInt.Z.abs m
BinInt.Z.divide_antisym :
forall n m : BinNums.Z, BinInt.Z.divide n m -> BinInt.Z.divide m n -> n = m \/ n = BinInt.Z.opp m
BinInt.Z.divide_add_r :
forall n m p : BinNums.Z, BinInt.Z.divide n m -> BinInt.Z.divide n p -> BinInt.Z.divide n (BinInt.Z.add m p)
BinInt.Z.divide_add_cancel_r :
forall n m p : BinNums.Z, BinInt.Z.divide n m -> BinInt.Z.divide n (BinInt.Z.add m p) -> BinInt.Z.divide n p
BinPos.Pos.divide_add_cancel_l :
forall p q r : BinNums.positive, BinPos.Pos.divide p r -> BinPos.Pos.divide p (BinPos.Pos.add q r) -> BinPos.Pos.divide p q
BinInt.Z.divide_abs_r :
forall n m : BinNums.Z, BinInt.Z.divide n (BinInt.Z.abs m) <-> BinInt.Z.divide n m
BinInt.Z.divide_abs_l :
forall n m : BinNums.Z, BinInt.Z.divide (BinInt.Z.abs n) m <-> BinInt.Z.divide n m
BinInt.Z.divide_Zpos_Zneg_r :
forall (n : BinNums.Z) (p : BinNums.positive), BinInt.Z.divide n (BinNums.Zpos p) <-> BinInt.Z.divide n (BinNums.Zneg p)
BinInt.Z.divide_Zpos_Zneg_l :
forall (n : BinNums.Z) (p : BinNums.positive), BinInt.Z.divide (BinNums.Zpos p) n <-> BinInt.Z.divide (BinNums.Zneg p) n
BinInt.Z.divide_Zpos :
forall p q : BinNums.positive, BinInt.Z.divide (BinNums.Zpos p) (BinNums.Zpos q) <-> BinPos.Pos.divide p q
BinInt.Z.divide_1_l :
forall n : BinNums.Z, BinInt.Z.divide (BinNums.Zpos BinNums.xH) n
BinInt.Z.divide_0_r :
forall n : BinNums.Z, BinInt.Z.divide n BinNums.Z0
BinInt.Z.div_unique_exact :
forall a b q : BinNums.Z, b <> BinNums.Z0 -> a = BinInt.Z.mul b q -> q = BinInt.Z.div a b
BinInt.Z.div_unique :
forall a b q r : BinNums.Z, BinInt.Z.le BinNums.Z0 r /\ BinInt.Z.lt r b \/ BinInt.Z.lt b r /\ BinInt.Z.le r BinNums.Z0 -> a = BinInt.Z.add (BinInt.Z.mul b q) r -> q = BinInt.Z.div a b
BinInt.Z.Private_NZDiv.div_unique :
forall a b q r : BinNums.Z, BinInt.Z.le BinNums.Z0 a -> BinInt.Z.le BinNums.Z0 r /\ BinInt.Z.lt r b -> a = BinInt.Z.add (BinInt.Z.mul b q) r -> q = BinInt.Z.div a b
BinInt.Z.div_small_iff :
forall a b : BinNums.Z, b <> BinNums.Z0 -> BinInt.Z.div a b = BinNums.Z0 <-> BinInt.Z.le BinNums.Z0 a /\ BinInt.Z.lt a b \/ BinInt.Z.lt b a /\ BinInt.Z.le a BinNums.Z0
BinInt.Z.div_small :
forall a b : BinNums.Z, BinInt.Z.le BinNums.Z0 a /\ BinInt.Z.lt a b -> BinInt.Z.div a b = BinNums.Z0
BinInt.Z.Private_NZDiv.div_small :
forall a b : BinNums.Z, BinInt.Z.le BinNums.Z0 a /\ BinInt.Z.lt a b -> BinInt.Z.div a b = BinNums.Z0
BinInt.Z.div_pow2_bits :
forall a n m : BinNums.Z, BinInt.Z.le BinNums.Z0 n -> BinInt.Z.le BinNums.Z0 m -> BinInt.Z.testbit (BinInt.Z.div a (BinInt.Z.pow (BinNums.Zpos (BinNums.xO BinNums.xH)) n)) m = BinInt.Z.testbit a (BinInt.Z.add m n)
BinInt.Z.div_pos :
forall a b : BinNums.Z, BinInt.Z.le BinNums.Z0 a -> BinInt.Z.lt BinNums.Z0 b -> BinInt.Z.le BinNums.Z0 (BinInt.Z.div a b)
BinInt.Z.Private_NZDiv.div_pos :
forall a b : BinNums.Z, BinInt.Z.le BinNums.Z0 a -> BinInt.Z.lt BinNums.Z0 b -> BinInt.Z.le BinNums.Z0 (BinInt.Z.div a b)
BinInt.Z.div_opp_opp :
forall a b : BinNums.Z, b <> BinNums.Z0 -> BinInt.Z.div (BinInt.Z.opp a) (BinInt.Z.opp b) = BinInt.Z.div a b
BinInt.Z.div_mul :
forall a b : BinNums.Z, b <> BinNums.Z0 -> BinInt.Z.div (BinInt.Z.mul a b) b = a
BinInt.Z.div_mod_unique :
forall b q1 q2 r1 r2 : BinNums.Z,
BinInt.Z.le BinNums.Z0 r1 /\ BinInt.Z.lt r1 b \/ BinInt.Z.lt b r1 /\ BinInt.Z.le r1 BinNums.Z0 -> BinInt.Z.le BinNums.Z0 r2 /\ BinInt.Z.lt r2 b \/ BinInt.Z.lt b r2 /\ BinInt.Z.le r2 BinNums.Z0 -> BinInt.Z.add (BinInt.Z.mul b q1) r1 = BinInt.Z.add (BinInt.Z.mul b q2) r2 -> q1 = q2 /\ r1 = r2
BinInt.Z.Private_NZDiv.div_mod_unique :
forall b q1 q2 r1 r2 : BinNums.Z, BinInt.Z.le BinNums.Z0 r1 /\ BinInt.Z.lt r1 b -> BinInt.Z.le BinNums.Z0 r2 /\ BinInt.Z.lt r2 b -> BinInt.Z.add (BinInt.Z.mul b q1) r1 = BinInt.Z.add (BinInt.Z.mul b q2) r2 -> q1 = q2 /\ r1 = r2
BinInt.Z.div_mod :
forall a b : BinNums.Z, b <> BinNums.Z0 -> a = BinInt.Z.add (BinInt.Z.mul b (BinInt.Z.div a b)) (BinInt.Z.modulo a b)
BinInt.Z.div_lt_upper_bound :
forall a b q : BinNums.Z, BinInt.Z.lt BinNums.Z0 b -> BinInt.Z.lt a (BinInt.Z.mul b q) -> BinInt.Z.lt (BinInt.Z.div a b) q
BinInt.Z.div_le_upper_bound :
forall a b q : BinNums.Z, BinInt.Z.lt BinNums.Z0 b -> BinInt.Z.le a (BinInt.Z.mul b q) -> BinInt.Z.le (BinInt.Z.div a b) q
BinInt.Z.div_le_mono :
forall a b c : BinNums.Z, BinInt.Z.lt BinNums.Z0 c -> BinInt.Z.le a b -> BinInt.Z.le (BinInt.Z.div a c) (BinInt.Z.div b c)
BinInt.Z.div_exact :
forall a b : BinNums.Z, b <> BinNums.Z0 -> a = BinInt.Z.mul b (BinInt.Z.div a b) <-> BinInt.Z.modulo a b = BinNums.Z0
BinInt.Z.div_eucl_eq :
forall a b : BinNums.Z, b <> BinNums.Z0 -> let (q, r) := BinInt.Z.div_eucl a b in a = BinInt.Z.add (BinInt.Z.mul b q) r
BinInt.Z.div_div :
forall a b c : BinNums.Z, b <> BinNums.Z0 -> BinInt.Z.lt BinNums.Z0 c -> BinInt.Z.div (BinInt.Z.div a b) c = BinInt.Z.div a (BinInt.Z.mul b c)
BinInt.Z.div_add :
forall a b c : BinNums.Z, c <> BinNums.Z0 -> BinInt.Z.div (BinInt.Z.add a (BinInt.Z.mul b c)) c = BinInt.Z.add (BinInt.Z.div a c) b
BinInt.Z.div_1_r :
forall a : BinNums.Z, BinInt.Z.div a (BinNums.Zpos BinNums.xH) = a
BinInt.Z.div_0_l :
forall a : BinNums.Z, a <> BinNums.Z0 -> BinInt.Z.div BinNums.Z0 a = BinNums.Z0
BinInt.Z.Private_NZDiv.div_0_l :
forall a : BinNums.Z, BinInt.Z.lt BinNums.Z0 a -> BinInt.Z.div BinNums.Z0 a = BinNums.Z0
BinNat.N.div2_double :
forall n : BinNums.N, BinNat.N.div2 (BinNat.N.double n) = n
BinInt.Z.div2_bits :
forall a n : BinNums.Z, BinInt.Z.le BinNums.Z0 n -> BinInt.Z.testbit (BinInt.Z.div a (BinNums.Zpos (BinNums.xO BinNums.xH))) n = BinInt.Z.testbit a (BinInt.Z.succ n)
ofe.dist_proper :
forall (SI : stepindex.sidx) (A : ofe.ofe) (n : stepindex.sidx_car), Morphisms.Proper (Morphisms.respectful base.equiv (Morphisms.respectful base.equiv iff)) (ofe.dist n)
ofe.dist_ne :
forall (SI : stepindex.sidx) (A : ofe.ofe) (n : stepindex.sidx_car), Morphisms.Proper (Morphisms.respectful (ofe.dist n) (Morphisms.respectful (ofe.dist n) iff)) (ofe.dist n)
ofe.dist_le :
forall (SI : stepindex.sidx) (A : ofe.ofe) (n m : stepindex.sidx_car) (x y : ofe.ofe_car A), ofe.dist n x y -> stepindex.sidx_le m n -> ofe.dist m x y
ofe.dist_equivalence :
forall (SI : stepindex.sidx) (A : ofe.ofe) (n : stepindex.sidx_car), RelationClasses.Equivalence (ofe.dist n)
ofe.dist_Some_inv_r' :
forall (SI : stepindex.sidx) (A : ofe.ofe) (n : stepindex.sidx_car) (mx : option (ofe.ofe_car A)) (y : ofe.ofe_car A), ofe.dist n mx (Some y) -> exists y' : ofe.ofe_car A, mx = Some y' /\ ofe.dist n y y'
ofe.dist_Some_inv_r :
forall (SI : stepindex.sidx) (A : ofe.ofe) (n : stepindex.sidx_car) (mx my : option (ofe.ofe_car A)) (y : ofe.ofe_car A), ofe.dist n mx my -> my = Some y -> exists x : ofe.ofe_car A, mx = Some x /\ ofe.dist n x y
ofe.discrete_ofe_mixin :
forall (SI : stepindex.sidx) (A : Type) (H : base.Equiv A), RelationClasses.Equivalence base.equiv -> ofe.OfeMixin A
cmra.discrete_cmra_mixin :
forall (SI : stepindex.sidx) (A : Type) (Equiv0 : base.Equiv A) (PCore0 : cmra.PCore A) (Op0 : cmra.Op A) (Valid0 : cmra.Valid A), RelationClasses.Equivalence base.equiv -> cmra.RAMixin A -> cmra.CmraMixin A
Bool.diff_false_true :
false <> true
dfrac.dfrac_ra_mixin :
forall SI : stepindex.sidx, cmra.RAMixin dfrac.dfrac
dfrac.dfrac_discarded_included :
forall SI : stepindex.sidx, cmra.included dfrac.DfracDiscarded dfrac.DfracDiscarded
fin_maps.delete_subseteq :
forall (K : Type) (M : Type -> Type) (H : base.FMap M) (H0 : forall A : Type, base.Lookup K A (M A)) (H1 : forall A : Type, base.Empty (M A)) (H2 : forall A : Type, base.PartialAlter K A (M A)) (H3 : base.OMap M) (H4 : base.Merge M) (H5 : forall A : Type, fin_maps.MapFold K A (M A))
  (EqDecision0 : base.RelDecision eq),
fin_maps.FinMap K M -> forall (A : Type) (m : M A) (i : K), base.subseteq (base.delete i m) m
fin_maps.delete_subset :
forall (K : Type) (M : Type -> Type) (H : base.FMap M) (H0 : forall A : Type, base.Lookup K A (M A)) (H1 : forall A : Type, base.Empty (M A)) (H2 : forall A : Type, base.PartialAlter K A (M A)) (H3 : base.OMap M) (H4 : base.Merge M) (H5 : forall A : Type, fin_maps.MapFold K A (M A))
  (EqDecision0 : base.RelDecision eq),
fin_maps.FinMap K M -> forall (A : Type) (m : M A) (i : K), option.is_Some (base.lookup i m) -> base.strict base.subseteq (base.delete i m) m
Values.decode_encode_inj :
forall (T : Type) (f : T -> BinNums.positive) (g : BinNums.positive -> option T), (forall x : T, g (f x) = Some x) -> forall x y : T, f x = f y -> x = y
decidable.decide_False :
forall (A : Type) (P : Prop) (H : base.Decision P) (x y : A), ~ P -> (if base.decide P then x else y) = y
ZMicromega.cutting_plane_sound :
forall (env : RingMicromega.PolEnv BinNums.Z) (f : RingMicromega.NFormula BinNums.Z) (p : RingMicromega.PolC BinNums.Z * BinNums.Z * RingMicromega.Op1), ZMicromega.eval_nformula env f -> ZMicromega.genCuttingPlane f = Some p -> ZMicromega.eval_nformula env (ZMicromega.nformula_of_cutting_plane p)
cmra.core_id_total :
forall (SI : stepindex.sidx) (A : cmra.cmra), cmra.CmraTotal A -> forall x : cmra.cmra_car A, cmra.CoreId x <-> base.equiv (cmra.core x) x
cmra.core_id_core :
forall (SI : stepindex.sidx) (A : cmra.cmra), cmra.CmraTotal A -> forall x : cmra.cmra_car A, cmra.CoreId x -> base.equiv (cmra.core x) x
BinPos.Pos.compare_xO_xO :
forall p q : BinNums.positive, BinPos.Pos.compare (BinNums.xO p) (BinNums.xO q) = BinPos.Pos.compare p q
BinPos.Pos.compare_xO_xI :
forall p q : BinNums.positive, BinPos.Pos.compare (BinNums.xO p) (BinNums.xI q) = BinPos.Pos.switch_Eq Lt (BinPos.Pos.compare p q)
BinPos.Pos.compare_xI_xO :
forall p q : BinNums.positive, BinPos.Pos.compare (BinNums.xI p) (BinNums.xO q) = BinPos.Pos.switch_Eq Gt (BinPos.Pos.compare p q)
BinPos.Pos.compare_xI_xI :
forall p q : BinNums.positive, BinPos.Pos.compare (BinNums.xI p) (BinNums.xI q) = BinPos.Pos.compare p q
BinPos.Pos.compare_succ_succ :
forall p q : BinNums.positive, BinPos.Pos.compare (BinPos.Pos.succ p) (BinPos.Pos.succ q) = BinPos.Pos.compare p q
BinPos.Pos.compare_succ_r :
forall p q : BinNums.positive, BinPos.Pos.switch_Eq Gt (BinPos.Pos.compare p (BinPos.Pos.succ q)) = BinPos.Pos.switch_Eq Lt (BinPos.Pos.compare p q)
BinPos.Pos.compare_succ_l :
forall p q : BinNums.positive, BinPos.Pos.switch_Eq Lt (BinPos.Pos.compare (BinPos.Pos.succ p) q) = BinPos.Pos.switch_Eq Gt (BinPos.Pos.compare p q)
PeanoNat.Nat.compare_succ :
forall n m : nat, PeanoNat.Nat.compare (S n) (S m) = PeanoNat.Nat.compare n m
BinPos.Pos.compare_sub_mask :
forall p q : BinNums.positive, BinPos.Pos.compare p q = BinPos.Pos.mask2cmp (BinPos.Pos.sub_mask p q)
BinInt.Z.compare_sub :
forall n m : BinNums.Z, BinInt.Z.compare n m = BinInt.Z.compare (BinInt.Z.sub n m) BinNums.Z0
BinInt.Z.compare_spec :
forall x y : BinNums.Z, CompareSpec (x = y) (BinInt.Z.lt x y) (BinInt.Z.lt y x) (BinInt.Z.compare x y)
BinPos.Pos.compare_spec :
forall x y : BinNums.positive, CompareSpec (x = y) (BinPos.Pos.lt x y) (BinPos.Pos.lt y x) (BinPos.Pos.compare x y)
BinInt.Z.compare_refl :
forall x : BinNums.Z, BinInt.Z.compare x x = Eq
BinPos.Pos.compare_refl :
forall x : BinNums.positive, BinPos.Pos.compare x x = Eq
PeanoNat.Nat.compare_refl :
forall x : nat, PeanoNat.Nat.compare x x = Eq
BinNat.N.compare_refl :
forall x : BinNums.N, BinNat.N.compare x x = Eq
BinInt.Z.compare_nle_iff :
forall x y : BinNums.Z, BinInt.Z.compare x y = Gt <-> ~ BinInt.Z.le x y
BinNat.N.compare_nle_iff :
forall x y : BinNums.N, BinNat.N.compare x y = Gt <-> ~ BinNat.N.le x y
BinInt.Z.compare_ngt_iff :
forall x y : BinNums.Z, BinInt.Z.compare x y <> Gt <-> ~ BinInt.Z.lt y x
BinInt.Z.compare_nge_iff :
forall x y : BinNums.Z, BinInt.Z.compare x y = Lt <-> ~ BinInt.Z.le y x
BinNat.N.compare_nge_iff :
forall x y : BinNums.N, BinNat.N.compare x y = Lt <-> ~ BinNat.N.le y x
BinInt.Z.compare_lt_iff :
forall n m : BinNums.Z, BinInt.Z.compare n m = Lt <-> BinInt.Z.lt n m
BinPos.Pos.compare_lt_iff :
forall p q : BinNums.positive, BinPos.Pos.compare p q = Lt <-> BinPos.Pos.lt p q
PeanoNat.Nat.compare_lt_iff :
forall n m : nat, PeanoNat.Nat.compare n m = Lt <-> n < m
BinNat.N.compare_lt_iff :
forall n m : BinNums.N, BinNat.N.compare n m = Lt <-> BinNat.N.lt n m
BinInt.Z.compare_le_iff :
forall n m : BinNums.Z, BinInt.Z.compare n m <> Gt <-> BinInt.Z.le n m
BinPos.Pos.compare_le_iff :
forall p q : BinNums.positive, BinPos.Pos.compare p q <> Gt <-> BinPos.Pos.le p q
PeanoNat.Nat.compare_le_iff :
forall n m : nat, PeanoNat.Nat.compare n m <> Gt <-> n <= m
BinNat.N.compare_le_iff :
forall n m : BinNums.N, BinNat.N.compare n m <> Gt <-> BinNat.N.le n m
BinInt.Z.compare_gt_iff :
forall x y : BinNums.Z, BinInt.Z.compare x y = Gt <-> BinInt.Z.lt y x
PeanoNat.Nat.compare_gt_iff :
forall x y : nat, PeanoNat.Nat.compare x y = Gt <-> y < x
BinInt.Z.compare_eq_iff :
forall n m : BinNums.Z, BinInt.Z.compare n m = Eq <-> n = m
BinPos.Pos.compare_eq_iff :
forall p q : BinNums.positive, BinPos.Pos.compare p q = Eq <-> p = q
PeanoNat.Nat.compare_eq_iff :
forall n m : nat, PeanoNat.Nat.compare n m = Eq <-> n = m
BinNat.N.compare_eq_iff :
forall n m : BinNums.N, BinNat.N.compare n m = Eq <-> n = m
BinPos.Pos.compare_cont_spec :
forall (p q : BinNums.positive) (c : comparison), BinPos.Pos.compare_cont c p q = BinPos.Pos.switch_Eq c (BinPos.Pos.compare p q)
BinPos.Pos.compare_cont_antisym :
forall (p q : BinNums.positive) (c : comparison), CompOpp (BinPos.Pos.compare_cont c p q) = BinPos.Pos.compare_cont (CompOpp c) q p
BinInt.Z.compare_antisym :
forall n m : BinNums.Z, BinInt.Z.compare m n = CompOpp (BinInt.Z.compare n m)
BinPos.Pos.compare_antisym :
forall p q : BinNums.positive, BinPos.Pos.compare q p = CompOpp (BinPos.Pos.compare p q)
PeanoNat.Nat.compare_antisym :
forall n m : nat, PeanoNat.Nat.compare m n = CompOpp (PeanoNat.Nat.compare n m)
BinNat.N.compare_antisym :
forall n m : BinNums.N, BinNat.N.compare m n = CompOpp (BinNat.N.compare n m)
base.comm_L :
forall (A B : Type) (f : B -> B -> A), base.Comm eq f -> forall x y : B, f x y = f y x
ZMicromega.cnf_of_list_correct :
forall (T : Type) (tg : T) (f : list (RingMicromega.NFormula BinNums.Z)) (env : RingMicromega.PolEnv BinNums.Z), Tauto.eval_cnf ZMicromega.eval_nformula env (ZMicromega.cnf_of_list tg f) <-> Refl.make_conj (fun x : RingMicromega.NFormula BinNums.Z => ZMicromega.eval_nformula env x -> False) f
Tauto.cnf_checker_sound :
forall (Env Term' Annot : Type) (eval' : Env -> Term' -> Prop) (Witness : Type) (checker : list (Term' * Annot) -> Witness -> bool),
(forall (t : list (Term' * Annot)) (w : Witness), checker t w = true -> forall env : Env, Refl.make_impl (Tauto.eval_tt eval' env) t False) -> forall (t : Tauto.cnf Term' Annot) (w : list Witness), Tauto.cnf_checker checker t w = true -> forall env : Env, Tauto.eval_cnf eval' env t
RingMicromega.cneqb_sound :
forall (R : Type) (rO rI : R) (rplus rtimes rminus : R -> R -> R) (ropp : R -> R) (req rle : R -> R -> Prop) (C : Type) (cO cI : C) (cplus ctimes cminus : C -> C -> C) (copp : C -> C) (ceqb cleb : C -> C -> bool) (phi : C -> R) (E : Type) (pow_phi : BinNums.N -> E) (rpow : R -> E -> R),
RingMicromega.SORaddon rO rI rplus rtimes rminus ropp req rle cO cI cplus ctimes cminus copp ceqb cleb phi pow_phi rpow -> forall x y : C, RingMicromega.cneqb ceqb x y = true -> ~ req (phi x) (phi y)
cmra.cmra_valid_validN :
forall (SI : stepindex.sidx) (A : cmra.cmra) (x : cmra.cmra_car A), cmra.valid x <-> (forall n : stepindex.sidx_car, cmra.validN n x)
cmra.cmra_validN_op_l :
forall (SI : stepindex.sidx) (A : cmra.cmra) (n : stepindex.sidx_car) (x y : cmra.cmra_car A), cmra.validN n (cmra.op x y) -> cmra.validN n x
cmra.cmra_validN_ne' :
forall (SI : stepindex.sidx) (A : cmra.cmra) (n : stepindex.sidx_car), Morphisms.Proper (Morphisms.respectful (ofe.dist n) iff) (cmra.validN n)
cmra.cmra_validN_ne :
forall (SI : stepindex.sidx) (A : cmra.cmra) (n : stepindex.sidx_car), Morphisms.Proper (Morphisms.respectful (ofe.dist n) Basics.impl) (cmra.validN n)
cmra.cmra_validN_le :
forall (SI : stepindex.sidx) (A : cmra.cmra) (n n' : stepindex.sidx_car) (x : cmra.cmra_car A), cmra.validN n x -> stepindex.sidx_le n' n -> cmra.validN n' x
cmra.cmra_validN_includedN :
forall (SI : stepindex.sidx) (A : cmra.cmra) (n : stepindex.sidx_car) (x y : cmra.cmra_car A), cmra.validN n y -> cmra.includedN n x y -> cmra.validN n x
cmra.cmra_unit_cmra_total :
forall (SI : stepindex.sidx) (A : cmra.ucmra), cmra.CmraTotal (cmra.ucmra_cmraR A)
cmra.cmra_total_mixin :
forall (SI : stepindex.sidx) (A : Type) (Dist0 : ofe.Dist A) (Equiv0 : base.Equiv A) (PCore0 : cmra.PCore A) (Op0 : cmra.Op A) (Valid0 : cmra.Valid A) (ValidN0 : cmra.ValidN A),
(forall x : A, option.is_Some (cmra.pcore x)) ->
(forall (x : A) (n : stepindex.sidx_car), Morphisms.Proper (Morphisms.respectful (ofe.dist n) (ofe.dist n)) (cmra.op x)) ->
(forall n : stepindex.sidx_car, Morphisms.Proper (Morphisms.respectful (ofe.dist n) (ofe.dist n)) cmra.core) ->
(forall n : stepindex.sidx_car, Morphisms.Proper (Morphisms.respectful (ofe.dist n) Basics.impl) (cmra.validN n)) ->
(forall x : A, cmra.valid x <-> (forall n : stepindex.sidx_car, cmra.validN n x)) ->
(forall (n n' : stepindex.sidx_car) (x : A), cmra.validN n x -> stepindex.sidx_le n' n -> cmra.validN n' x) ->
base.Assoc base.equiv cmra.op ->
base.Comm base.equiv cmra.op ->
(forall x : A, base.equiv (cmra.op (cmra.core x) x) x) ->
(forall x : A, base.equiv (cmra.core (cmra.core x)) (cmra.core x)) ->
(forall x y : A, cmra.included x y -> cmra.included (cmra.core x) (cmra.core y)) ->
(forall (n : stepindex.sidx_car) (x y : A), cmra.validN n (cmra.op x y) -> cmra.validN n x) ->
(forall (n : stepindex.sidx_car) (x y1 y2 : A), cmra.validN n x -> ofe.dist n x (cmra.op y1 y2) -> {z1 : A & {z2 : A | base.equiv x (cmra.op z1 z2) /\ ofe.dist n z1 y1 /\ ofe.dist n z2 y2}}) -> cmra.CmraMixin A
cmra.cmra_pcore_proper' :
forall (SI : stepindex.sidx) (A : cmra.cmra), Morphisms.Proper (Morphisms.respectful base.equiv base.equiv) cmra.pcore
cmra.cmra_pcore_proper :
forall (SI : stepindex.sidx) (A : cmra.cmra) (x y cx : cmra.cmra_car A), base.equiv x y -> cmra.pcore x = Some cx -> exists cy : cmra.cmra_car A, cmra.pcore y = Some cy /\ base.equiv cx cy
cmra.cmra_pcore_ne' :
forall (SI : stepindex.sidx) (A : cmra.cmra) (n : stepindex.sidx_car), Morphisms.Proper (Morphisms.respectful (ofe.dist n) (ofe.dist n)) cmra.pcore
cmra.cmra_pcore_ne :
forall (SI : stepindex.sidx) (A : cmra.cmra) (n : stepindex.sidx_car) (x y cx : cmra.cmra_car A), ofe.dist n x y -> cmra.pcore x = Some cx -> exists cy : cmra.cmra_car A, cmra.pcore y = Some cy /\ ofe.dist n cx cy
cmra.cmra_pcore_mono' :
forall (SI : stepindex.sidx) (A : cmra.cmra) (x y cx : cmra.cmra_car A), cmra.included x y -> base.equiv (cmra.pcore x) (Some cx) -> exists cy : cmra.cmra_car A, cmra.pcore y = Some cy /\ cmra.included cx cy
cmra.cmra_pcore_mono :
forall (SI : stepindex.sidx) (A : cmra.cmra) (x y cx : cmra.cmra_car A), cmra.included x y -> cmra.pcore x = Some cx -> exists cy : cmra.cmra_car A, cmra.pcore y = Some cy /\ cmra.included cx cy
cmra.cmra_pcore_l' :
forall (SI : stepindex.sidx) (A : cmra.cmra) (x cx : cmra.cmra_car A), base.equiv (cmra.pcore x) (Some cx) -> base.equiv (cmra.op cx x) x
cmra.cmra_pcore_l :
forall (SI : stepindex.sidx) (A : cmra.cmra) (x cx : cmra.cmra_car A), cmra.pcore x = Some cx -> base.equiv (cmra.op cx x) x
cmra.cmra_pcore_idemp' :
forall (SI : stepindex.sidx) (A : cmra.cmra) (x cx : cmra.cmra_car A), base.equiv (cmra.pcore x) (Some cx) -> base.equiv (cmra.pcore cx) (Some cx)
cmra.cmra_pcore_idemp :
forall (SI : stepindex.sidx) (A : cmra.cmra) (x cx : cmra.cmra_car A), cmra.pcore x = Some cx -> base.equiv (cmra.pcore cx) (Some cx)
cmra.cmra_pcore_core :
forall (SI : stepindex.sidx) (A : cmra.cmra), cmra.CmraTotal A -> forall x : cmra.cmra_car A, cmra.pcore x = Some (cmra.core x)
cmra.cmra_op_proper' :
forall (SI : stepindex.sidx) (A : cmra.cmra), Morphisms.Proper (Morphisms.respectful base.equiv (Morphisms.respectful base.equiv base.equiv)) cmra.op
cmra.cmra_op_ne' :
forall (SI : stepindex.sidx) (A : cmra.cmra) (n : stepindex.sidx_car), Morphisms.Proper (Morphisms.respectful (ofe.dist n) (Morphisms.respectful (ofe.dist n) (ofe.dist n))) cmra.op
cmra.cmra_op_ne :
forall (SI : stepindex.sidx) (A : cmra.cmra) (x : cmra.cmra_car A) (n : stepindex.sidx_car), Morphisms.Proper (Morphisms.respectful (ofe.dist n) (ofe.dist n)) (cmra.op x)
cmra.cmra_included_proper :
forall (SI : stepindex.sidx) (A : cmra.cmra), Morphisms.Proper (Morphisms.respectful base.equiv (Morphisms.respectful base.equiv iff)) cmra.included
cmra.cmra_included_l :
forall (SI : stepindex.sidx) (A : cmra.cmra) (x y : cmra.cmra_car A), cmra.included x (cmra.op x y)
cmra.cmra_includedN_trans :
forall (SI : stepindex.sidx) (A : cmra.cmra) (n : stepindex.sidx_car), RelationClasses.Transitive (cmra.includedN n)
cmra.cmra_includedN_preorder :
forall (SI : stepindex.sidx) (A : cmra.cmra), cmra.CmraTotal A -> forall n : stepindex.sidx_car, RelationClasses.PreOrder (cmra.includedN n)
cmra.cmra_includedN_ne :
forall (SI : stepindex.sidx) (A : cmra.cmra) (n : stepindex.sidx_car), Morphisms.Proper (Morphisms.respectful (ofe.dist n) (Morphisms.respectful (ofe.dist n) iff)) (cmra.includedN n)
cmra.cmra_includedN_le :
forall (SI : stepindex.sidx) (A : cmra.cmra) (n m : stepindex.sidx_car) (x y : cmra.cmra_car A), cmra.includedN n x y -> stepindex.sidx_le m n -> cmra.includedN m x y
cmra.cmra_includedN_l :
forall (SI : stepindex.sidx) (A : cmra.cmra) (n : stepindex.sidx_car) (x y : cmra.cmra_car A), cmra.includedN n x (cmra.op x y)
cmra.cmra_extend :
forall (SI : stepindex.sidx) (A : cmra.cmra) (n : stepindex.sidx_car) (x y1 y2 : cmra.cmra_car A), cmra.validN n x -> ofe.dist n x (cmra.op y1 y2) -> {z1 : cmra.cmra_car A & {z2 : cmra.cmra_car A | base.equiv x (cmra.op z1 z2) /\ ofe.dist n z1 y1 /\ ofe.dist n z2 y2}}
cmra.cmra_core_r :
forall (SI : stepindex.sidx) (A : cmra.cmra), cmra.CmraTotal A -> forall x : cmra.cmra_car A, base.equiv (cmra.op x (cmra.core x)) x
cmra.cmra_core_ne :
forall (SI : stepindex.sidx) (A : cmra.cmra), cmra.CmraTotal A -> forall n : stepindex.sidx_car, Morphisms.Proper (Morphisms.respectful (ofe.dist n) (ofe.dist n)) cmra.core
cmra.cmra_core_mono :
forall (SI : stepindex.sidx) (A : cmra.cmra), cmra.CmraTotal A -> forall x y : cmra.cmra_car A, cmra.included x y -> cmra.included (cmra.core x) (cmra.core y)
cmra.cmra_core_l :
forall (SI : stepindex.sidx) (A : cmra.cmra), cmra.CmraTotal A -> forall x : cmra.cmra_car A, base.equiv (cmra.op (cmra.core x) x) x
cmra.cmra_core_idemp :
forall (SI : stepindex.sidx) (A : cmra.cmra), cmra.CmraTotal A -> forall x : cmra.cmra_car A, base.equiv (cmra.core (cmra.core x)) (cmra.core x)
cmra.cmra_comm :
forall (SI : stepindex.sidx) (A : cmra.cmra), base.Comm base.equiv cmra.op
cmra.cmra_assoc :
forall (SI : stepindex.sidx) (A : cmra.cmra), base.Assoc base.equiv cmra.op
RingMicromega.cltb_sound :
forall (R : Type) (rO rI : R) (rplus rtimes rminus : R -> R -> R) (ropp : R -> R) (req rle rlt : R -> R -> Prop),
OrderedRing.SOR rO rI rplus rtimes rminus ropp req rle rlt ->
forall (C : Type) (cO cI : C) (cplus ctimes cminus : C -> C -> C) (copp : C -> C) (ceqb cleb : C -> C -> bool) (phi : C -> R) (E : Type) (pow_phi : BinNums.N -> E) (rpow : R -> E -> R),
RingMicromega.SORaddon rO rI rplus rtimes rminus ropp req rle cO cI cplus ctimes cminus copp ceqb cleb phi pow_phi rpow -> forall x y : C, RingMicromega.cltb ceqb cleb x y = true -> rlt (phi x) (phi y)
RingMicromega.cleb_sound :
forall (R : Type) (rO rI : R) (rplus rtimes rminus : R -> R -> R) (ropp : R -> R) (req rle : R -> R -> Prop) (C : Type) (cO cI : C) (cplus ctimes cminus : C -> C -> C) (copp : C -> C) (ceqb cleb : C -> C -> bool) (phi : C -> R) (E : Type) (pow_phi : BinNums.N -> E) (rpow : R -> E -> R),
RingMicromega.SORaddon rO rI rplus rtimes rminus ropp req rle cO cI cplus ctimes cminus copp ceqb cleb phi pow_phi rpow -> forall x y : C, cleb x y = true -> rle (phi x) (phi y)
RingMicromega.checker_nf_sound :
forall (R : Type) (rO rI : R) (rplus rtimes rminus : R -> R -> R) (ropp : R -> R) (req rle rlt : R -> R -> Prop),
OrderedRing.SOR rO rI rplus rtimes rminus ropp req rle rlt ->
forall (C : Type) (cO cI : C) (cplus ctimes cminus : C -> C -> C) (copp : C -> C) (ceqb cleb : C -> C -> bool) (phi : C -> R) (E : Type) (pow_phi : BinNums.N -> E) (rpow : R -> E -> R),
RingMicromega.SORaddon rO rI rplus rtimes rminus ropp req rle cO cI cplus ctimes cminus copp ceqb cleb phi pow_phi rpow ->
forall (l : list (RingMicromega.NFormula C)) (cm : RingMicromega.Psatz C), RingMicromega.check_normalised_formulas cO cI cplus ctimes ceqb cleb l cm = true -> forall env : RingMicromega.PolEnv R, Refl.make_impl (RingMicromega.eval_nformula rO rplus rtimes req rle rlt phi env) l False
RingMicromega.check_inconsistent_sound :
forall (R : Type) (rO rI : R) (rplus rtimes rminus : R -> R -> R) (ropp : R -> R) (req rle rlt : R -> R -> Prop),
OrderedRing.SOR rO rI rplus rtimes rminus ropp req rle rlt ->
forall (C : Type) (cO cI : C) (cplus ctimes cminus : C -> C -> C) (copp : C -> C) (ceqb cleb : C -> C -> bool) (phi : C -> R) (E : Type) (pow_phi : BinNums.N -> E) (rpow : R -> E -> R),
RingMicromega.SORaddon rO rI rplus rtimes rminus ropp req rle cO cI cplus ctimes cminus copp ceqb cleb phi pow_phi rpow ->
forall (p : RingMicromega.PolC C) (op : RingMicromega.Op1), RingMicromega.check_inconsistent cO ceqb cleb (p, op) = true -> forall env : RingMicromega.PolEnv R, ~ RingMicromega.eval_op1 rO req rle rlt op (RingMicromega.eval_pol rplus rtimes phi env p)
Ring_polynom.ceqb_spec :
forall (R : Type) (rO rI : R) (radd rmul rsub : R -> R -> R) (ropp : R -> R) (req : R -> R -> Prop) (C : Type) (cO cI : C) (cadd cmul csub : C -> C -> C) (copp : C -> C) (ceqb : C -> C -> bool) (phi : C -> R),
Ring_theory.ring_morph rO rI radd rmul rsub ropp req cO cI cadd cmul csub copp ceqb phi -> forall c c' : C, BoolSpec (req (phi c) (phi c')) True (ceqb c c')
EnvRing.ceqb_spec :
forall (R : Type) (rO rI : R) (radd rmul rsub : R -> R -> R) (ropp : R -> R) (req : R -> R -> Prop) (C : Type) (cO cI : C) (cadd cmul csub : C -> C -> C) (copp : C -> C) (ceqb : C -> C -> bool) (phi : C -> R),
Ring_theory.ring_morph rO rI radd rmul rsub ropp req cO cI cadd cmul csub copp ceqb phi -> forall c c' : C, BoolSpec (req (phi c) (phi c')) True (ceqb c c')
BinInt.Z.central_induction :
forall A : BinNums.Z -> Prop, Morphisms.Proper (Morphisms.respectful eq iff) A -> forall z : BinNums.Z, A z -> (forall n : BinNums.Z, A n <-> A (BinInt.Z.succ n)) -> forall n : BinNums.Z, A n
PeanoNat.Nat.central_induction :
forall A : nat -> Prop, Morphisms.Proper (Morphisms.respectful eq iff) A -> forall z : nat, A z -> (forall n : nat, A n <-> A (S n)) -> forall n : nat, A n
BinNat.N.central_induction :
forall A : BinNums.N -> Prop, Morphisms.Proper (Morphisms.respectful eq iff) A -> forall z : BinNums.N, A z -> (forall n : BinNums.N, A n <-> A (BinNat.N.succ n)) -> forall n : BinNums.N, A n
rv64d_types.cbop_zicbop_num_of_roundtrip :
forall x : rv64d_types.cbop_zicbop, rv64d_types.cbop_zicbop_of_num (rv64d_types.num_of_cbop_zicbop x) = x
rv64d_types.cbop_zicbom_num_of_roundtrip :
forall x : rv64d_types.cbop_zicbom, rv64d_types.cbop_zicbom_of_num (rv64d_types.num_of_cbop_zicbom x) = x
PeanoNat.Nat.case_analysis :
forall A : nat -> Prop, Morphisms.Proper (Morphisms.respectful eq iff) A -> A 0 -> (forall n : nat, A (S n)) -> forall n : nat, A n
BinNat.N.case_analysis :
forall A : BinNums.N -> Prop, Morphisms.Proper (Morphisms.respectful eq iff) A -> A BinNums.N0 -> (forall n : BinNums.N, A (BinNat.N.succ n)) -> forall n : BinNums.N, A n
definitions.bv_zero_extend :
forall n z : BinNums.N, definitions.bv n -> definitions.bv z
definitions.bv_xor_obligation_1 :
forall (n : BinNums.N) (x y : definitions.bv n), definitions.BvWf n (BinInt.Z.lxor (definitions.bv_unsigned x) (definitions.bv_unsigned y))
definitions.bv_xor :
forall n : BinNums.N, definitions.bv n -> definitions.bv n -> definitions.bv n
definitions.bv_wrap_wf :
forall (n : BinNums.N) (z : BinNums.Z), definitions.BvWf n (definitions.bv_wrap n z)
definitions.bv_wrap_in_range :
forall (n : BinNums.N) (z : BinNums.Z), BinInt.Z.le BinNums.Z0 (definitions.bv_wrap n z) /\ BinInt.Z.lt (definitions.bv_wrap n z) (definitions.bv_modulus n)
definitions.bv_wf_pi :
forall (n : BinNums.N) (z : BinNums.Z), base.ProofIrrel (definitions.BvWf n z)
definitions.bv_wf_in_range :
forall (n : BinNums.N) (z : BinNums.Z), definitions.BvWf n z <-> BinInt.Z.le BinNums.Z0 z /\ BinInt.Z.lt z (definitions.bv_modulus n)
definitions.bv_wf_bitwise_op :
forall (n : BinNums.N) (op : BinNums.Z -> BinNums.Z -> BinNums.Z) (bop : bool -> bool -> bool) (n1 n2 : BinNums.Z),
(forall k : BinNums.Z, BinInt.Z.testbit (op n1 n2) k = bop (BinInt.Z.testbit n1 k) (BinInt.Z.testbit n2 k)) ->
(BinInt.Z.le BinNums.Z0 n1 -> BinInt.Z.le BinNums.Z0 n2 -> BinInt.Z.le BinNums.Z0 (op n1 n2)) -> bop false false = false -> definitions.BvWf n n1 -> definitions.BvWf n n2 -> definitions.BvWf n (op n1 n2)
definitions.bv_unsigned_in_range_alt :
forall (n : BinNums.N) (b : definitions.bv n), BinInt.Z.lt (BinNums.Zneg BinNums.xH) (definitions.bv_unsigned b) /\ BinInt.Z.lt (definitions.bv_unsigned b) (definitions.bv_modulus n)
definitions.bv_unsigned_in_range :
forall (n : BinNums.N) (b : definitions.bv n), BinInt.Z.le BinNums.Z0 (definitions.bv_unsigned b) /\ BinInt.Z.lt (definitions.bv_unsigned b) (definitions.bv_modulus n)
definitions.bv_to_bits :
forall n : BinNums.N, definitions.bv n -> list bool
definitions.bv_swrap_in_range :
forall (n : BinNums.N) (z : BinNums.Z), n <> BinNums.N0 -> BinInt.Z.le (BinInt.Z.opp (definitions.bv_half_modulus n)) (definitions.bv_swrap n z) /\ BinInt.Z.lt (definitions.bv_swrap n z) (definitions.bv_half_modulus n)
definitions.bv_sub :
forall n : BinNums.N, definitions.bv n -> definitions.bv n -> definitions.bv n
definitions.bv_signed_in_range :
forall (n : BinNums.N) (b : definitions.bv n), n <> BinNums.N0 -> BinInt.Z.le (BinInt.Z.opp (definitions.bv_half_modulus n)) (definitions.bv_signed b) /\ BinInt.Z.lt (definitions.bv_signed b) (definitions.bv_half_modulus n)
definitions.bv_sign_extend :
forall n z : BinNums.N, definitions.bv n -> definitions.bv z
definitions.bv_shiftr_obligation_1 :
forall (n : BinNums.N) (x y : definitions.bv n),
let H : forall (n0 : BinNums.N) (z : BinNums.Z), BinInt.Z.le BinNums.Z0 z /\ BinInt.Z.lt z (definitions.bv_modulus n0) -> definitions.BvWf n0 z := fun (n0 : BinNums.N) (z : BinNums.Z) => match definitions.bv_wf_in_range n0 z with
                                                                                                                                                                                           | conj _ x1 => x1
                                                                                                                                                                                           end in
definitions.BvWf n (BinInt.Z.shiftr (definitions.bv_unsigned x) (definitions.bv_unsigned y))
definitions.bv_shiftr :
forall n : BinNums.N, definitions.bv n -> definitions.bv n -> definitions.bv n
definitions.bv_shiftl :
forall n : BinNums.N, definitions.bv n -> definitions.bv n -> definitions.bv n
definitions.bv_or_obligation_1 :
forall (n : BinNums.N) (x y : definitions.bv n), definitions.BvWf n (BinInt.Z.lor (definitions.bv_unsigned x) (definitions.bv_unsigned y))
definitions.bv_or :
forall n : BinNums.N, definitions.bv n -> definitions.bv n -> definitions.bv n
definitions.bv_not :
forall n : BinNums.N, definitions.bv n -> definitions.bv n
definitions.bv_modulus_pos :
forall n : BinNums.N, BinInt.Z.lt BinNums.Z0 (definitions.bv_modulus n)
definitions.bv_half_modulus_twice :
forall n : BinNums.N, n <> BinNums.N0 -> BinInt.Z.add (definitions.bv_half_modulus n) (definitions.bv_half_modulus n) = definitions.bv_modulus n
definitions.bv_extract :
forall n : BinNums.N, BinNums.N -> forall l : BinNums.N, definitions.bv n -> definitions.bv l
definitions.bv_eq_dec_obligation_2 :
forall (n : BinNums.N) (v1 : BinNums.Z) (p1 : definitions.BvWf n v1) (v2 : BinNums.Z) (p2 : definitions.BvWf n v2), v1 <> v2 -> {| definitions.bv_unsigned := v1; definitions.bv_is_wf := p1 |} <> {| definitions.bv_unsigned := v2; definitions.bv_is_wf := p2 |}
definitions.bv_eq :
forall (n : BinNums.N) (b1 b2 : definitions.bv n), b1 = b2 <-> definitions.bv_unsigned b1 = definitions.bv_unsigned b2
definitions.bv_concat :
forall n n1 n2 : BinNums.N, definitions.bv n1 -> definitions.bv n2 -> definitions.bv n
definitions.bv_ashiftr :
forall n : BinNums.N, definitions.bv n -> definitions.bv n -> definitions.bv n
definitions.bv_and_obligation_1 :
forall (n : BinNums.N) (x y : definitions.bv n), definitions.BvWf n (BinInt.Z.land (definitions.bv_unsigned x) (definitions.bv_unsigned y))
definitions.bv_and :
forall n : BinNums.N, definitions.bv n -> definitions.bv n -> definitions.bv n
definitions.bv_add :
forall n : BinNums.N, definitions.bv n -> definitions.bv n -> definitions.bv n
definitions.bv_0_obligation_1 :
forall n : BinNums.N,
let H : forall (n0 : BinNums.N) (z : BinNums.Z), BinInt.Z.le BinNums.Z0 z /\ BinInt.Z.lt z (definitions.bv_modulus n0) -> definitions.BvWf n0 z := fun (n0 : BinNums.N) (z : BinNums.Z) => match definitions.bv_wf_in_range n0 z with
                                                                                                                                                                                           | conj _ x0 => x0
                                                                                                                                                                                           end in definitions.BvWf n BinNums.Z0
definitions.bv_0 :
forall n : BinNums.N, definitions.bv n
numbers.Z.bounded_iff_bits_nonneg :
forall k n : BinNums.Z, BinInt.Z.le BinNums.Z0 k -> BinInt.Z.le BinNums.Z0 n -> BinInt.Z.lt n (BinInt.Z.pow (BinNums.Zpos (BinNums.xO BinNums.xH)) k) <-> (forall l : BinNums.Z, BinInt.Z.le k l -> BinInt.Z.testbit n l = false)
countable.bool_countable_obligation_1 :
forall x : bool, Some match (if x then BinNums.xH else BinNums.xO BinNums.xH) with
                      | BinNums.xH => true
                      | _ => false
                      end = Some x
BinInt.Z.bits_opp :
forall a n : BinNums.Z, BinInt.Z.le BinNums.Z0 n -> BinInt.Z.testbit (BinInt.Z.opp a) n = negb (BinInt.Z.testbit (BinInt.Z.pred a) n)
BinInt.Z.bits_inj_0 :
forall a : BinNums.Z, (forall n : BinNums.Z, BinInt.Z.testbit a n = false) -> a = BinNums.Z0
BinInt.Z.bits_inj' :
forall a b : BinNums.Z, (forall n : BinNums.Z, BinInt.Z.le BinNums.Z0 n -> BinInt.Z.testbit a n = BinInt.Z.testbit b n) -> a = b
BinInt.Z.bits_inj :
forall a b : BinNums.Z, BinInt.Z.eqf (BinInt.Z.testbit a) (BinInt.Z.testbit b) -> a = b
BinInt.Z.bits_iff_nonneg_ex :
forall a : BinNums.Z, BinInt.Z.le BinNums.Z0 a <-> (exists k : BinNums.Z, forall m : BinNums.Z, BinInt.Z.lt k m -> BinInt.Z.testbit a m = false)
BinInt.Z.bits_iff_nonneg' :
forall a : BinNums.Z, BinInt.Z.le BinNums.Z0 a <-> BinInt.Z.testbit a (BinInt.Z.succ (BinInt.Z.log2 (BinInt.Z.abs a))) = false
BinInt.Z.bits_iff_nonneg :
forall a n : BinNums.Z, BinInt.Z.lt (BinInt.Z.log2 (BinInt.Z.abs a)) n -> BinInt.Z.le BinNums.Z0 a <-> BinInt.Z.testbit a n = false
BinInt.Z.bits_iff_neg_ex :
forall a : BinNums.Z, BinInt.Z.lt a BinNums.Z0 <-> (exists k : BinNums.Z, forall m : BinNums.Z, BinInt.Z.lt k m -> BinInt.Z.testbit a m = true)
BinInt.Z.bits_iff_neg' :
forall a : BinNums.Z, BinInt.Z.lt a BinNums.Z0 <-> BinInt.Z.testbit a (BinInt.Z.succ (BinInt.Z.log2 (BinInt.Z.abs a))) = true
BinInt.Z.bits_iff_neg :
forall a n : BinNums.Z, BinInt.Z.lt (BinInt.Z.log2 (BinInt.Z.abs a)) n -> BinInt.Z.lt a BinNums.Z0 <-> BinInt.Z.testbit a n = true
BinInt.Z.bits_above_log2_neg :
forall a n : BinNums.Z, BinInt.Z.lt a BinNums.Z0 -> BinInt.Z.lt (BinInt.Z.log2 (BinInt.Z.pred (BinInt.Z.opp a))) n -> BinInt.Z.testbit a n = true
BinInt.Z.bits_above_log2 :
forall a n : BinNums.Z, BinInt.Z.le BinNums.Z0 a -> BinInt.Z.lt (BinInt.Z.log2 a) n -> BinInt.Z.testbit a n = false
BinInt.Z.bits_0 :
forall n : BinNums.Z, BinInt.Z.testbit BinNums.Z0 n = false
BinInt.Z.bit_log2 :
forall a : BinNums.Z, BinInt.Z.lt BinNums.Z0 a -> BinInt.Z.testbit a (BinInt.Z.log2 a) = true
BinInt.Z.bit0_odd :
forall a : BinNums.Z, BinInt.Z.testbit a BinNums.Z0 = BinInt.Z.odd a
BinInt.Z.bit0_mod :
forall a : BinNums.Z, BinInt.Z.b2z (BinInt.Z.testbit a BinNums.Z0) = BinInt.Z.modulo a (BinNums.Zpos (BinNums.xO BinNums.xH))
big_op.big_opM_aux :
base.seal (@big_op.big_opM_def)
BinInt.Z.bi_induction :
forall P : BinNums.Z -> Prop, Morphisms.Proper (Morphisms.respectful BinInt.Z.eq iff) P -> P BinNums.Z0 -> (forall x : BinNums.Z, P x <-> P (BinInt.Z.succ x)) -> forall z : BinNums.Z, P z
PeanoNat.Nat.bi_induction :
forall A : nat -> Prop, Morphisms.Proper (Morphisms.respectful eq iff) A -> A 0 -> (forall n : nat, A n <-> A (S n)) -> forall n : nat, A n
BinNat.N.bi_induction :
forall A : BinNums.N -> Prop, Morphisms.Proper (Morphisms.respectful eq iff) A -> A BinNums.N0 -> (forall n : BinNums.N, A n <-> A (BinNat.N.succ n)) -> forall n : BinNums.N, A n
BinInt.Z.b2z_inj :
forall a0 b0 : bool, BinInt.Z.b2z a0 = BinInt.Z.b2z b0 -> a0 = b0
auth.auth_view_rel_raw_valid :
forall (SI : stepindex.sidx) (A : cmra.ucmra) (n : stepindex.sidx_car) (a b : cmra.ucmra_car A), auth.auth_view_rel_raw n a b -> cmra.validN n b
auth.auth_view_rel_raw_unit :
forall (SI : stepindex.sidx) (A : cmra.ucmra) (n : stepindex.sidx_car), exists a : cmra.ucmra_car A, auth.auth_view_rel_raw n a cmra.ε
auth.auth_view_rel_raw_mono :
forall (SI : stepindex.sidx) (A : cmra.ucmra) (n1 n2 : stepindex.sidx_car) (a1 a2 b1 b2 : cmra.ucmra_car A), auth.auth_view_rel_raw n1 a1 b1 -> ofe.dist n2 a1 a2 -> cmra.includedN n2 b2 b1 -> stepindex.sidx_le n2 n1 -> auth.auth_view_rel_raw n2 a2 b2
base.assoc_L :
forall (A : Type) (f : A -> A -> A), base.Assoc eq f -> forall x y z : A, f x (f y z) = f (f x y) z
List.app_nil_r :
forall (A : Type) (l : list A), (l ++ nil)%list = l
List.app_comm_cons :
forall (A : Type) (x y : list A) (a : A), (a :: x ++ y)%list = ((a :: x) ++ y)%list
numbers.Pos.app_assoc :
base.Assoc eq numbers.Pos.app
List.app_assoc :
forall (A : Type) (l m n : list A), (l ++ m ++ n)%list = ((l ++ m) ++ n)%list
numbers.Pos.app_1_l :
base.LeftId eq BinNums.xH numbers.Pos.app
Bool.andb_true_r :
forall b : bool, (b && true)%bool = b
Bool.andb_true_iff :
forall b1 b2 : bool, (b1 && b2)%bool = true <-> b1 = true /\ b2 = true
andb_prop :
forall a b : bool, (a && b)%bool = true -> a = true /\ b = true
Bool.andb_false_r :
forall b : bool, (b && false)%bool = false
Bool.andb_false_iff :
forall b1 b2 : bool, (b1 && b2)%bool = false <-> b1 = false \/ b2 = false
Bool.andb_comm :
forall b1 b2 : bool, (b1 && b2)%bool = (b2 && b1)%bool
base.andb_True :
forall b1 b2 : bool, Bool.Is_true (b1 && b2) <-> Bool.Is_true b1 /\ Bool.Is_true b2
ZifyClasses.and_morph :
forall s1 s2 t1 t2 : Prop, s1 <-> t1 -> s2 <-> t2 -> s1 /\ s2 <-> t1 /\ t2
and_iff_compat_l :
forall A B C : Prop, B <-> C -> A /\ B <-> A /\ C
and_comm :
forall A B : Prop, A /\ B <-> B /\ A
Tauto.and_cnf_opt_cnf_tt :
forall (Term' Annot : Type) (f : Tauto.cnf Term' Annot), Tauto.and_cnf_opt f (Tauto.cnf_tt Term' Annot) = f
Tauto.and_cnf_opt_cnf_ff_r :
forall (Term' Annot : Type) (f : Tauto.cnf Term' Annot), Tauto.and_cnf_opt f (Tauto.cnf_ff Term' Annot) = Tauto.cnf_ff Term' Annot
rv64d_types.amoop_num_of_roundtrip :
forall x : rv64d_types.amoop, rv64d_types.amoop_of_num (rv64d_types.num_of_amoop x) = x
agree.agree_validN_ne :
forall (SI : stepindex.sidx) (A : ofe.ofe) (n : stepindex.sidx_car), Morphisms.Proper (Morphisms.respectful (ofe.dist n) Basics.impl) (cmra.validN n)
agree.agree_validN_def :
forall (SI : stepindex.sidx) (A : ofe.ofe) (n : stepindex.sidx_car) (x : agree.agree (ofe.ofe_car A)), cmra.validN n x <-> (forall a b : ofe.ofe_car A, base.elem_of a (agree.agree_car x) -> base.elem_of b (agree.agree_car x) -> ofe.dist n a b)
agree.agree_op_ne' :
forall (SI : stepindex.sidx) (A : ofe.ofe) (x : agree.agree (ofe.ofe_car A)) (n : stepindex.sidx_car), Morphisms.Proper (Morphisms.respectful (ofe.dist n) (ofe.dist n)) (cmra.op x)
agree.agree_op_ne :
forall (SI : stepindex.sidx) (A : ofe.ofe) (n : stepindex.sidx_car), Morphisms.Proper (Morphisms.respectful (ofe.dist n) (Morphisms.respectful (ofe.dist n) (ofe.dist n))) cmra.op
agree.agree_op_invN :
forall (SI : stepindex.sidx) (A : ofe.ofe) (n : stepindex.sidx_car) (x1 x2 : agree.agree (ofe.ofe_car A)), cmra.validN n (cmra.op x1 x2) -> ofe.dist n x1 x2
agree.agree_op_instance_obligation_1 :
forall (SI : stepindex.sidx) (A : ofe.ofe) (x y : agree.agree (ofe.ofe_car A)), decidable.bool_decide ((agree.agree_car x ++ agree.agree_car y)%list = nil) = false
agree.agree_ofe_mixin :
forall (SI : stepindex.sidx) (A : ofe.ofe), ofe.OfeMixin (agree.agree (ofe.ofe_car A))
agree.agree_idemp :
forall (SI : stepindex.sidx) (A : ofe.ofe) (x : agree.agree (ofe.ofe_car A)), base.equiv (cmra.op x x) x
ZMicromega.agree_env_tail :
forall (fr : BinNums.positive) (env env' : BinNums.positive -> BinNums.Z), ZMicromega.agree_env (BinPos.Pos.succ fr) env env' -> ZMicromega.agree_env fr (Env.tail env) (Env.tail env')
ZMicromega.agree_env_subset :
forall (v1 v2 : BinNums.positive) (env env' : BinNums.positive -> BinNums.Z), ZMicromega.agree_env v1 env env' -> BinPos.Pos.le v2 v1 -> ZMicromega.agree_env v2 env env'
ZMicromega.agree_env_jump :
forall (fr j : BinNums.positive) (env env' : BinNums.positive -> BinNums.Z), ZMicromega.agree_env (BinPos.Pos.add fr j) env env' -> ZMicromega.agree_env fr (Env.jump j env) (Env.jump j env')
ZMicromega.agree_env_eval_nformulae :
forall (env env' : BinNums.positive -> BinNums.Z) (l : list (RingMicromega.NFormula BinNums.Z)), ZMicromega.agree_env (ZMicromega.max_var_nformulae l) env env' -> Refl.make_conj (ZMicromega.eval_nformula env) l <-> Refl.make_conj (ZMicromega.eval_nformula env') l
ZMicromega.agree_env_eval_nformula :
forall (env env' : BinNums.positive -> BinNums.Z) (e : EnvRing.Pol BinNums.Z * RingMicromega.Op1), ZMicromega.agree_env (ZMicromega.max_var BinNums.xH (fst e)) env env' -> ZMicromega.eval_nformula env e <-> ZMicromega.eval_nformula env' e
agree.agree_comm :
forall (SI : stepindex.sidx) (A : ofe.ofe), base.Comm base.equiv cmra.op
agree.agree_cmra_mixin :
forall (SI : stepindex.sidx) (A : ofe.ofe), cmra.CmraMixin (agree.agree (ofe.ofe_car A))
agree.agree_assoc :
forall (SI : stepindex.sidx) (A : ofe.ofe), base.Assoc base.equiv cmra.op
BinPos.Pos.add_xI_pred_double :
forall p q : BinNums.positive, BinNums.xO (BinPos.Pos.add p q) = BinPos.Pos.add (BinNums.xI p) (BinPos.Pos.pred_double q)
Tauto.add_term_correct :
forall (Env Term' Annot : Type) (unsat : Term' -> bool) (deduce : Term' -> Term' -> option Term') (eval' : Env -> Term' -> Prop),
(forall t : Term', unsat t = true -> forall env : Env, eval' env t -> False) ->
(forall t t' u : Term', deduce t t' = Some u -> forall env : Env, eval' env t -> eval' env t' -> eval' env u) -> forall (env : Env) (t : Term' * Annot) (cl : Tauto.clause Term' Annot), Tauto.eval_opt_clause eval' env (Tauto.add_term unsat deduce t cl) <-> Tauto.eval_clause eval' env (t :: cl)%list
BinInt.Z.add_succ_r :
forall n m : BinNums.Z, BinInt.Z.add n (BinInt.Z.succ m) = BinInt.Z.succ (BinInt.Z.add n m)
BinPos.Pos.add_succ_r :
forall p q : BinNums.positive, BinPos.Pos.add p (BinPos.Pos.succ q) = BinPos.Pos.succ (BinPos.Pos.add p q)
PeanoNat.Nat.add_succ_r :
forall n m : nat, n + S m = S (n + m)
BinNat.N.add_succ_r :
forall n m : BinNums.N, BinNat.N.add n (BinNat.N.succ m) = BinNat.N.succ (BinNat.N.add n m)
BinInt.Z.add_succ_l :
forall n m : BinNums.Z, BinInt.Z.add (BinInt.Z.succ n) m = BinInt.Z.succ (BinInt.Z.add n m)
BinPos.Pos.add_succ_l :
forall p q : BinNums.positive, BinPos.Pos.add (BinPos.Pos.succ p) q = BinPos.Pos.succ (BinPos.Pos.add p q)
PeanoNat.Nat.add_succ_l :
forall n m : nat, S n + m = S (n + m)
BinNat.N.add_succ_l :
forall n m : BinNums.N, BinNat.N.add (BinNat.N.succ n) m = BinNat.N.succ (BinNat.N.add n m)
BinInt.Z.add_sub_swap :
forall n m p : BinNums.Z, BinInt.Z.sub (BinInt.Z.add n m) p = BinInt.Z.add (BinInt.Z.sub n p) m
PeanoNat.Nat.add_sub_eq_l :
forall n m p : nat, m + p = n -> n - m = p
BinInt.Z.add_sub_assoc :
forall n m p : BinNums.Z, BinInt.Z.add n (BinInt.Z.sub m p) = BinInt.Z.sub (BinInt.Z.add n m) p
BinPos.Pos.add_sub_assoc :
forall p q r : BinNums.positive, BinPos.Pos.lt r q -> BinPos.Pos.add p (BinPos.Pos.sub q r) = BinPos.Pos.sub (BinPos.Pos.add p q) r
PeanoNat.Nat.add_sub_assoc :
forall n m p : nat, p <= m -> n + (m - p) = n + m - p
BinNat.N.add_sub_assoc :
forall n m p : BinNums.N, BinNat.N.le p m -> BinNat.N.add n (BinNat.N.sub m p) = BinNat.N.sub (BinNat.N.add n m) p
BinPos.Pos.add_sub :
forall p q : BinNums.positive, BinPos.Pos.sub (BinPos.Pos.add p q) q = p
PeanoNat.Nat.add_sub :
forall n m : nat, n + m - m = n
BinNat.N.add_sub :
forall n m : BinNums.N, BinNat.N.sub (BinNat.N.add n m) m = n
BinInt.Z.add_simpl_r :
forall n m : BinNums.Z, BinInt.Z.sub (BinInt.Z.add n m) m = n
BinInt.Z.add_simpl_l :
forall n m : BinNums.Z, BinInt.Z.sub (BinInt.Z.add n m) n = m
BinInt.Z.add_shuffle1 :
forall n m p q : BinNums.Z, BinInt.Z.add (BinInt.Z.add n m) (BinInt.Z.add p q) = BinInt.Z.add (BinInt.Z.add n p) (BinInt.Z.add m q)
BinInt.Z.add_shuffle0 :
forall n m p : BinNums.Z, BinInt.Z.add (BinInt.Z.add n m) p = BinInt.Z.add (BinInt.Z.add n p) m
BinPos.Pos.add_reg_r :
forall p q r : BinNums.positive, BinPos.Pos.add p r = BinPos.Pos.add q r -> p = q
BinPos.Pos.add_reg_l :
forall p q r : BinNums.positive, BinPos.Pos.add p q = BinPos.Pos.add p r -> q = r
BinInt.Z.add_pred_r :
forall n m : BinNums.Z, BinInt.Z.add n (BinInt.Z.pred m) = BinInt.Z.pred (BinInt.Z.add n m)
PeanoNat.Nat.add_pred_r :
forall n m : nat, m <> 0 -> n + PeanoNat.Nat.pred m = PeanoNat.Nat.pred (n + m)
BinNat.N.add_pred_r :
forall n m : BinNums.N, m <> BinNums.N0 -> BinNat.N.add n (BinNat.N.pred m) = BinNat.N.pred (BinNat.N.add n m)
BinInt.Z.add_pred_l :
forall n m : BinNums.Z, BinInt.Z.add (BinInt.Z.pred n) m = BinInt.Z.pred (BinInt.Z.add n m)
PeanoNat.Nat.add_pred_l :
forall n m : nat, n <> 0 -> PeanoNat.Nat.pred n + m = PeanoNat.Nat.pred (n + m)
BinNat.N.add_pred_l :
forall n m : BinNums.N, n <> BinNums.N0 -> BinNat.N.add (BinNat.N.pred n) m = BinNat.N.pred (BinNat.N.add n m)
Ring_polynom.add_pow_list_ok :
forall (R : Type) (rO rI : R) (radd rmul rsub : R -> R -> R) (ropp : R -> R) (req : R -> R -> Prop),
RelationClasses.Equivalence req ->
Ring_theory.almost_ring_theory rO rI radd rmul rsub ropp req -> forall (r : R) (n : BinNums.N) (l : list (R * BinNums.positive)), req (Ring_polynom.r_list_pow rI rmul (Ring_polynom.add_pow_list r n l)) (rmul (Ring_theory.pow_N rI rmul r n) (Ring_polynom.r_list_pow rI rmul l))
BinInt.Z.add_opp_r :
forall n m : BinNums.Z, BinInt.Z.add n (BinInt.Z.opp m) = BinInt.Z.sub n m
BinInt.Z.add_opp_l :
forall n m : BinNums.Z, BinInt.Z.add (BinInt.Z.opp m) n = BinInt.Z.sub n m
BinInt.Z.add_opp_diag_r :
forall n : BinNums.Z, BinInt.Z.add n (BinInt.Z.opp n) = BinNums.Z0
BinInt.Z.Private_BootStrap.add_opp_diag_r :
forall n : BinNums.Z, BinInt.Z.add n (BinInt.Z.opp n) = BinNums.Z0
BinInt.Z.add_opp_diag_l :
forall n : BinNums.Z, BinInt.Z.add (BinInt.Z.opp n) n = BinNums.Z0
BinInt.Z.add_nonpos_nonpos :
forall n m : BinNums.Z, BinInt.Z.le n BinNums.Z0 -> BinInt.Z.le m BinNums.Z0 -> BinInt.Z.le (BinInt.Z.add n m) BinNums.Z0
BinInt.Z.add_nonneg_nonneg :
forall n m : BinNums.Z, BinInt.Z.le BinNums.Z0 n -> BinInt.Z.le BinNums.Z0 m -> BinInt.Z.le BinNums.Z0 (BinInt.Z.add n m)
BinPos.Pos.add_no_neutral :
forall p q : BinNums.positive, BinPos.Pos.add q p <> p
Ring_polynom.add_mult_dev_ok :
forall (R : Type) (rO rI : R) (radd rmul rsub : R -> R -> R) (ropp : R -> R) (req : R -> R -> Prop),
RelationClasses.Equivalence req ->
Ring_theory.ring_eq_ext radd rmul ropp req ->
Ring_theory.almost_ring_theory rO rI radd rmul rsub ropp req ->
forall (C : Type) (cO cI : C) (cadd cmul csub : C -> C -> C) (copp : C -> C) (ceqb : C -> C -> bool) (phi : C -> R),
Ring_theory.ring_morph rO rI radd rmul rsub ropp req cO cI cadd cmul csub copp ceqb phi ->
forall get_sign : C -> option C,
Ring_theory.sign_theory copp ceqb get_sign ->
forall (mkpow : R -> BinNums.positive -> R) (mkmult_pow : R -> R -> BinNums.positive -> R),
(forall (r : R) (p : BinNums.positive), req (mkpow r p) (Ring_theory.pow_pos rmul r p)) ->
(forall (r x : R) (p : BinNums.positive), req (mkmult_pow r x p) (rmul r (Ring_theory.pow_pos rmul x p))) ->
forall (P : Ring_polynom.Pol C) (rP : R) (fv : list R) (n : BinNums.N) (lm : list (R * BinNums.positive)),
req (Ring_polynom.add_mult_dev rO rI radd rsub cO cI ceqb phi get_sign mkpow mkmult_pow rP P fv n lm) (radd rP (rmul (rmul (Ring_polynom.Pphi rO radd rmul phi fv P) (Ring_theory.pow_N rI rmul (List.hd rO fv) n)) (Ring_polynom.r_list_pow rI rmul lm)))
BinInt.Z.add_move_r :
forall n m p : BinNums.Z, BinInt.Z.add n m = p <-> n = BinInt.Z.sub p m
BinInt.Z.add_move_l :
forall n m p : BinNums.Z, BinInt.Z.add n m = p <-> m = BinInt.Z.sub p n
BinInt.Z.add_move_0_r :
forall n m : BinNums.Z, BinInt.Z.add n m = BinNums.Z0 <-> n = BinInt.Z.opp m
BinInt.Z.add_move_0_l :
forall n m : BinNums.Z, BinInt.Z.add n m = BinNums.Z0 <-> m = BinInt.Z.opp n
BinPos.Pos.add_max_distr_r :
forall n m p : BinNums.positive, BinPos.Pos.max (BinPos.Pos.add n p) (BinPos.Pos.add m p) = BinPos.Pos.add (BinPos.Pos.max n m) p
BinPos.Pos.add_max_distr_l :
forall n m p : BinNums.positive, BinPos.Pos.max (BinPos.Pos.add p n) (BinPos.Pos.add p m) = BinPos.Pos.add p (BinPos.Pos.max n m)
BinInt.Z.add_lt_mono_r :
forall n m p : BinNums.Z, BinInt.Z.lt n m <-> BinInt.Z.lt (BinInt.Z.add n p) (BinInt.Z.add m p)
BinPos.Pos.add_lt_mono_r :
forall p q r : BinNums.positive, BinPos.Pos.lt q r <-> BinPos.Pos.lt (BinPos.Pos.add q p) (BinPos.Pos.add r p)
BinInt.Z.add_lt_mono_l :
forall n m p : BinNums.Z, BinInt.Z.lt n m <-> BinInt.Z.lt (BinInt.Z.add p n) (BinInt.Z.add p m)
BinPos.Pos.add_lt_mono_l :
forall p q r : BinNums.positive, BinPos.Pos.lt q r <-> BinPos.Pos.lt (BinPos.Pos.add p q) (BinPos.Pos.add p r)
BinNat.N.add_lt_mono_l :
forall n m p : BinNums.N, BinNat.N.lt n m <-> BinNat.N.lt (BinNat.N.add p n) (BinNat.N.add p m)
BinInt.Z.add_lt_mono :
forall n m p q : BinNums.Z, BinInt.Z.lt n m -> BinInt.Z.lt p q -> BinInt.Z.lt (BinInt.Z.add n p) (BinInt.Z.add m q)
BinPos.Pos.add_lt_mono :
forall p q r s : BinNums.positive, BinPos.Pos.lt p q -> BinPos.Pos.lt r s -> BinPos.Pos.lt (BinPos.Pos.add p r) (BinPos.Pos.add q s)
BinInt.Z.add_le_mono_r :
forall n m p : BinNums.Z, BinInt.Z.le n m <-> BinInt.Z.le (BinInt.Z.add n p) (BinInt.Z.add m p)
BinPos.Pos.add_le_mono_r :
forall p q r : BinNums.positive, BinPos.Pos.le q r <-> BinPos.Pos.le (BinPos.Pos.add q p) (BinPos.Pos.add r p)
PeanoNat.Nat.add_le_mono_r :
forall n m p : nat, n <= m <-> n + p <= m + p
BinInt.Z.add_le_mono_l :
forall n m p : BinNums.Z, BinInt.Z.le n m <-> BinInt.Z.le (BinInt.Z.add p n) (BinInt.Z.add p m)
BinPos.Pos.add_le_mono_l :
forall p q r : BinNums.positive, BinPos.Pos.le q r <-> BinPos.Pos.le (BinPos.Pos.add p q) (BinPos.Pos.add p r)
PeanoNat.Nat.add_le_mono_l :
forall n m p : nat, n <= m <-> p + n <= p + m
BinInt.Z.add_le_mono :
forall n m p q : BinNums.Z, BinInt.Z.le n m -> BinInt.Z.le p q -> BinInt.Z.le (BinInt.Z.add n p) (BinInt.Z.add m q)
PeanoNat.Nat.add_le_mono :
forall n m p q : nat, n <= m -> p <= q -> n + p <= m + q
BinInt.Z.add_diag :
forall n : BinNums.Z, BinInt.Z.add n n = BinInt.Z.mul (BinNums.Zpos (BinNums.xO BinNums.xH)) n
BinPos.Pos.add_diag :
forall p : BinNums.positive, BinPos.Pos.add p p = BinNums.xO p
BinPos.Pos.add_compare_mono_r :
forall p q r : BinNums.positive, BinPos.Pos.compare (BinPos.Pos.add q p) (BinPos.Pos.add r p) = BinPos.Pos.compare q r
BinPos.Pos.add_compare_mono_l :
forall p q r : BinNums.positive, BinPos.Pos.compare (BinPos.Pos.add p q) (BinPos.Pos.add p r) = BinPos.Pos.compare q r
BinInt.Z.add_comm :
forall n m : BinNums.Z, BinInt.Z.add n m = BinInt.Z.add m n
numbers.Qp.add_comm :
base.Comm eq numbers.Qp.add
BinInt.Z.Private_BootStrap.add_comm :
forall n m : BinNums.Z, BinInt.Z.add n m = BinInt.Z.add m n
BinPos.Pos.add_comm :
forall p q : BinNums.positive, BinPos.Pos.add p q = BinPos.Pos.add q p
PeanoNat.Nat.add_comm :
forall n m : nat, n + m = m + n
BinNat.N.add_comm :
forall n m : BinNums.N, BinNat.N.add n m = BinNat.N.add m n
BinPos.Pos.add_carry_spec :
forall p q : BinNums.positive, BinPos.Pos.add_carry p q = BinPos.Pos.succ (BinPos.Pos.add p q)
BinPos.Pos.add_carry_add :
forall p q r s : BinNums.positive, BinPos.Pos.add_carry p r = BinPos.Pos.add_carry q s -> BinPos.Pos.add p r = BinPos.Pos.add q s
BinInt.Z.add_cancel_r :
forall n m p : BinNums.Z, BinInt.Z.add n p = BinInt.Z.add m p <-> n = m
PeanoNat.Nat.add_cancel_r :
forall n m p : nat, n + p = m + p <-> n = m
BinInt.Z.add_cancel_l :
forall n m p : BinNums.Z, BinInt.Z.add p n = BinInt.Z.add p m <-> n = m
BinPos.Pos.add_cancel_l :
forall p q r : BinNums.positive, BinPos.Pos.add r p = BinPos.Pos.add r q <-> p = q
PeanoNat.Nat.add_cancel_l :
forall n m p : nat, p + n = p + m <-> n = m
BinInt.Z.Private_BootStrap.add_assoc_pos :
forall (p : BinNums.positive) (n m : BinNums.Z), BinInt.Z.add (BinNums.Zpos p) (BinInt.Z.add n m) = BinInt.Z.add (BinInt.Z.add (BinNums.Zpos p) n) m
BinInt.Z.add_assoc :
forall n m p : BinNums.Z, BinInt.Z.add n (BinInt.Z.add m p) = BinInt.Z.add (BinInt.Z.add n m) p
numbers.Qp.add_assoc :
base.Assoc eq numbers.Qp.add
BinInt.Z.Private_BootStrap.add_assoc :
forall n m p : BinNums.Z, BinInt.Z.add n (BinInt.Z.add m p) = BinInt.Z.add (BinInt.Z.add n m) p
BinPos.Pos.add_assoc :
forall p q r : BinNums.positive, BinPos.Pos.add p (BinPos.Pos.add q r) = BinPos.Pos.add (BinPos.Pos.add p q) r
PeanoNat.Nat.add_assoc :
forall n m p : nat, n + (m + p) = n + m + p
BinNat.N.add_assoc :
forall n m p : BinNums.N, BinNat.N.add n (BinNat.N.add m p) = BinNat.N.add (BinNat.N.add n m) p
BinInt.Z.add_1_r :
forall n : BinNums.Z, BinInt.Z.add n (BinNums.Zpos BinNums.xH) = BinInt.Z.succ n
BinPos.Pos.add_1_r :
forall p : BinNums.positive, BinPos.Pos.add p BinNums.xH = BinPos.Pos.succ p
BinPos.Pos.add_1_l :
forall p : BinNums.positive, BinPos.Pos.add BinNums.xH p = BinPos.Pos.succ p
BinInt.Z.add_0_r :
forall n : BinNums.Z, BinInt.Z.add n BinNums.Z0 = n
BinInt.Z.Private_BootStrap.add_0_r :
forall n : BinNums.Z, BinInt.Z.add n BinNums.Z0 = n
PeanoNat.Nat.add_0_r :
forall n : nat, n + 0 = n
BinNat.N.add_0_r :
forall n : BinNums.N, BinNat.N.add n BinNums.N0 = n
BinInt.Z.add_0_l :
forall n : BinNums.Z, BinInt.Z.add BinNums.Z0 n = n
PeanoNat.Nat.add_0_l :
forall n : nat, 0 + n = n
BinNat.N.add_0_l :
forall n : BinNums.N, BinNat.N.add BinNums.N0 n = n
BinInt.Z.abs_wd :
Morphisms.Proper (Morphisms.respectful eq eq) BinInt.Z.abs
BinInt.Z.abs_spec :
forall n : BinNums.Z, BinInt.Z.le BinNums.Z0 n /\ BinInt.Z.abs n = n \/ BinInt.Z.lt n BinNums.Z0 /\ BinInt.Z.abs n = BinInt.Z.opp n
BinInt.Z.abs_or_opp_abs :
forall n : BinNums.Z, n = BinInt.Z.abs n \/ n = BinInt.Z.opp (BinInt.Z.abs n)
BinInt.Z.abs_nonneg :
forall n : BinNums.Z, BinInt.Z.le BinNums.Z0 (BinInt.Z.abs n)
BinInt.Z.abs_neq :
forall n : BinNums.Z, BinInt.Z.le n BinNums.Z0 -> BinInt.Z.abs n = BinInt.Z.opp n
BinInt.Z.abs_eq_or_opp :
forall n : BinNums.Z, BinInt.Z.abs n = n \/ BinInt.Z.abs n = BinInt.Z.opp n
BinInt.Z.abs_eq_cases :
forall n m : BinNums.Z, BinInt.Z.abs n = BinInt.Z.abs m -> n = m \/ n = BinInt.Z.opp m
BinInt.Z.abs_eq :
forall n : BinNums.Z, BinInt.Z.le BinNums.Z0 n -> BinInt.Z.abs n = n
BinInt.Z.abs_0_iff :
forall n : BinNums.Z, BinInt.Z.abs n = BinNums.Z0 <-> n = BinNums.Z0
Zwf.Zwf_well_founded :
forall c : BinNums.Z, well_founded (Zwf.Zwf c)
ZMicromega.Zunsat_sound :
forall f : RingMicromega.NFormula BinNums.Z, ZMicromega.Zunsat f = true -> forall env : RingMicromega.PolEnv BinNums.Z, ZMicromega.eval_nformula env f -> False
InitialRing.Ztriv_div_th :
forall (R : Type) (req : R -> R -> Prop), Setoid.Setoid_Theory R req -> forall zphi : BinNums.Z -> R, Ring_theory.div_theory req BinInt.Z.add BinInt.Z.mul zphi BinInt.Z.quotrem
InitialRing.Zth :
Ring_theory.ring_theory BinNums.Z0 (BinNums.Zpos BinNums.xH) BinInt.Z.add BinInt.Z.mul BinInt.Z.sub BinInt.Z.opp eq
InitialRing.Zsth :
Setoid.Setoid_Theory BinNums.Z eq
ZMicromega.Zsor :
OrderedRing.SOR BinNums.Z0 (BinNums.Zpos BinNums.xH) BinInt.Z.add BinInt.Z.mul BinInt.Z.sub BinInt.Z.opp eq BinInt.Z.le BinInt.Z.lt
ZArithRing.Zr_ring_lemma2 :
forall (n : nat) (lH : list (Ring_polynom.PExpr BinNums.Z * Ring_polynom.PExpr BinNums.Z)) (l : list BinNums.Z),
Ring_polynom.interp_PElist BinNums.Z0 (BinNums.Zpos BinNums.xH) BinInt.Z.add BinInt.Z.mul BinInt.Z.sub BinInt.Z.opp eq (Ring_theory.IDphi (R:=BinNums.Z)) BinInt.Z.of_N BinInt.Z.pow l lH ->
forall lmp : list (BinNums.Z * Ring_polynom.Mon * Ring_polynom.Pol BinNums.Z),
Ring_polynom.mk_monpol_list BinNums.Z0 (BinNums.Zpos BinNums.xH) BinInt.Z.add BinInt.Z.mul BinInt.Z.sub BinInt.Z.opp BinInt.Z.eqb BinInt.Z.quotrem lH = lmp ->
forall (pe : Ring_polynom.PExpr BinNums.Z) (npe : Ring_polynom.Pol BinNums.Z),
Ring_polynom.norm_subst BinNums.Z0 (BinNums.Zpos BinNums.xH) BinInt.Z.add BinInt.Z.mul BinInt.Z.sub BinInt.Z.opp BinInt.Z.eqb BinInt.Z.quotrem n lmp pe = npe ->
Ring_polynom.PEeval BinNums.Z0 (BinNums.Zpos BinNums.xH) BinInt.Z.add BinInt.Z.mul BinInt.Z.sub BinInt.Z.opp (Ring_theory.IDphi (R:=BinNums.Z)) BinInt.Z.of_N BinInt.Z.pow l pe =
Ring_polynom.Pphi_pow BinNums.Z0 (BinNums.Zpos BinNums.xH) BinInt.Z.add BinInt.Z.mul BinInt.Z.sub BinInt.Z.opp BinNums.Z0 (BinNums.Zpos BinNums.xH) BinInt.Z.eqb (Ring_theory.IDphi (R:=BinNums.Z)) BinInt.Z.of_N BinInt.Z.pow InitialRing.get_signZ l npe
ZArithRing.Zr_ring_lemma1 :
forall (n : nat) (l : list BinNums.Z) (lpe : list (Ring_polynom.PExpr BinNums.Z * Ring_polynom.PExpr BinNums.Z)) (pe1 pe2 : Ring_polynom.PExpr BinNums.Z),
Ring_polynom.interp_PElist BinNums.Z0 (BinNums.Zpos BinNums.xH) BinInt.Z.add BinInt.Z.mul BinInt.Z.sub BinInt.Z.opp eq (Ring_theory.IDphi (R:=BinNums.Z)) BinInt.Z.of_N BinInt.Z.pow l lpe ->
(let lmp := Ring_polynom.mk_monpol_list BinNums.Z0 (BinNums.Zpos BinNums.xH) BinInt.Z.add BinInt.Z.mul BinInt.Z.sub BinInt.Z.opp BinInt.Z.eqb BinInt.Z.quotrem lpe in
 Ring_polynom.Peq BinInt.Z.eqb (Ring_polynom.norm_subst BinNums.Z0 (BinNums.Zpos BinNums.xH) BinInt.Z.add BinInt.Z.mul BinInt.Z.sub BinInt.Z.opp BinInt.Z.eqb BinInt.Z.quotrem n lmp pe1)
   (Ring_polynom.norm_subst BinNums.Z0 (BinNums.Zpos BinNums.xH) BinInt.Z.add BinInt.Z.mul BinInt.Z.sub BinInt.Z.opp BinInt.Z.eqb BinInt.Z.quotrem n lmp pe2)) =
true ->
Ring_polynom.PEeval BinNums.Z0 (BinNums.Zpos BinNums.xH) BinInt.Z.add BinInt.Z.mul BinInt.Z.sub BinInt.Z.opp (Ring_theory.IDphi (R:=BinNums.Z)) BinInt.Z.of_N BinInt.Z.pow l pe1 =
Ring_polynom.PEeval BinNums.Z0 (BinNums.Zpos BinNums.xH) BinInt.Z.add BinInt.Z.mul BinInt.Z.sub BinInt.Z.opp (Ring_theory.IDphi (R:=BinNums.Z)) BinInt.Z.of_N BinInt.Z.pow l pe2
Zpow_def.Zpower_theory :
Ring_theory.power_theory (BinNums.Zpos BinNums.xH) BinInt.Z.mul eq BinInt.Z.of_N BinInt.Z.pow
Zdiv.Zmod_eq_full :
forall a b : BinNums.Z, b <> BinNums.Z0 -> BinInt.Z.modulo a b = BinInt.Z.sub a (BinInt.Z.mul (BinInt.Z.div a b) b)
Zdiv.Zmod_0_r :
forall a : BinNums.Z, BinInt.Z.modulo a BinNums.Z0 = a
Zorder.Zlt_not_le :
forall n m : BinNums.Z, BinInt.Z.lt n m -> ~ BinInt.Z.le m n
QArith_base.Zlt_Qlt :
forall x y : BinNums.Z, BinInt.Z.lt x y = QArith_base.Qlt (QArith_base.inject_Z x) (QArith_base.inject_Z y)
Znumtheory.Zis_gcd_uniqueness_apart_sign :
forall a b d d' : BinNums.Z, Znumtheory.Zis_gcd a b d -> Znumtheory.Zis_gcd a b d' -> d = d' \/ d = BinInt.Z.opp d'
Znumtheory.Zis_gcd_sym :
forall a b d : BinNums.Z, Znumtheory.Zis_gcd a b d -> Znumtheory.Zis_gcd b a d
Znumtheory.Zis_gcd_gcd :
forall a b c : BinNums.Z, BinInt.Z.le BinNums.Z0 c -> Znumtheory.Zis_gcd a b c -> BinInt.Z.gcd a b = c
Znumtheory.Zis_gcd_bezout :
forall a b d : BinNums.Z, Znumtheory.Zis_gcd a b d -> Znumtheory.Bezout a b d
Zorder.Zgt_asym :
forall n m : BinNums.Z, BinInt.Z.gt n m -> ~ BinInt.Z.gt m n
ZMicromega.Zgcd_pol_div :
forall (p : RingMicromega.PolC BinNums.Z) (g c : BinNums.Z), ZMicromega.Zgcd_pol p = (g, c) -> ZMicromega.Zdivide_pol g (EnvRing.PsubC BinInt.Z.sub p c)
ZMicromega.Zgcd_pol_correct_lt :
forall (p : RingMicromega.PolC BinNums.Z) (env : RingMicromega.PolEnv BinNums.Z) (g c : BinNums.Z),
ZMicromega.Zgcd_pol p = (g, c) -> BinInt.Z.lt BinNums.Z0 g -> ZMicromega.eval_pol env p = BinInt.Z.add (BinInt.Z.mul g (ZMicromega.eval_pol env (ZMicromega.Zdiv_pol (EnvRing.PsubC BinInt.Z.sub p c) g))) c
ZMicromega.Zgcd_minus :
forall a b c : BinNums.Z, BinInt.Z.divide a (BinInt.Z.sub c b) -> BinInt.Z.divide (BinInt.Z.gcd a b) c
Znumtheory.Zgcd_is_gcd :
forall a b : BinNums.Z, Znumtheory.Zis_gcd a b (BinInt.Z.gcd a b)
ZMicromega.Zeval_op2_hold :
forall (k : Tauto.kind) (op : RingMicromega.Op2) (q1 q2 : BinNums.Z), Tauto.hold k (ZMicromega.Zeval_op2 k op q1 q2) <-> ZMicromega.Zeval_pop2 op q1 q2
ZMicromega.Zeval_nformula_dec :
forall (env : RingMicromega.PolEnv BinNums.Z) (d : RingMicromega.NFormula BinNums.Z), ZMicromega.eval_nformula env d \/ ~ ZMicromega.eval_nformula env d
ZMicromega.Zeval_formula_compat' :
forall (env : RingMicromega.PolEnv BinNums.Z) (f : RingMicromega.Formula BinNums.Z), ZMicromega.Zeval_formula env Tauto.isProp f <-> ZMicromega.Zeval_formula' env f
ZMicromega.Zeval_formula_compat :
forall (env : RingMicromega.PolEnv BinNums.Z) (k : Tauto.kind) (f : RingMicromega.Formula BinNums.Z), Tauto.hold k (ZMicromega.Zeval_formula env k f) <-> ZMicromega.Zeval_formula env Tauto.isProp f
ZMicromega.Zeval_expr_compat :
forall (env : RingMicromega.PolEnv BinNums.Z) (e : EnvRing.PExpr BinNums.Z), ZMicromega.Zeval_expr env e = ZMicromega.eval_expr env e
ZMicromega.Zdivide_pol_sub :
forall (p : EnvRing.Pol BinNums.Z) (a b : BinNums.Z), BinInt.Z.lt BinNums.Z0 (BinInt.Z.gcd a b) -> ZMicromega.Zdivide_pol a (EnvRing.PsubC BinInt.Z.sub p b) -> ZMicromega.Zdivide_pol (BinInt.Z.gcd a b) p
ZMicromega.Zdivide_pol_one :
forall p : RingMicromega.PolC BinNums.Z, ZMicromega.Zdivide_pol (BinNums.Zpos BinNums.xH) p
ZMicromega.Zdivide_pol_Zdivide :
forall (p : RingMicromega.PolC BinNums.Z) (x y : BinNums.Z), ZMicromega.Zdivide_pol x p -> BinInt.Z.divide y x -> ZMicromega.Zdivide_pol y p
Znumtheory.Zdivide_opp_l_rev :
forall a b : BinNums.Z, BinInt.Z.divide (BinInt.Z.opp a) b -> BinInt.Z.divide a b
Znumtheory.Zdivide_opp_l :
forall a b : BinNums.Z, BinInt.Z.divide a b -> BinInt.Z.divide (BinInt.Z.opp a) b
Znumtheory.Zdivide_mod :
forall a b : BinNums.Z, BinInt.Z.divide b a -> BinInt.Z.modulo a b = BinNums.Z0
ZMicromega.Zdivide_ceiling :
forall a b : BinNums.Z, BinInt.Z.divide b a -> ZMicromega.ceiling a b = BinInt.Z.div a b
Znumtheory.Zdivide_Zdiv_eq :
forall a b : BinNums.Z, BinInt.Z.lt BinNums.Z0 a -> BinInt.Z.divide a b -> b = BinInt.Z.mul a (BinInt.Z.div b a)
ZMicromega.Zdiv_pol_correct :
forall (a : BinNums.Z) (p : RingMicromega.PolC BinNums.Z), BinInt.Z.lt BinNums.Z0 a -> ZMicromega.Zdivide_pol a p -> forall env : RingMicromega.PolEnv BinNums.Z, ZMicromega.eval_pol env p = BinInt.Z.mul a (ZMicromega.eval_pol env (ZMicromega.Zdiv_pol p a))
Zcompare.Zcompare_mult_compat :
forall (p : BinNums.positive) (n m : BinNums.Z), BinInt.Z.compare (BinInt.Z.mul (BinNums.Zpos p) n) (BinInt.Z.mul (BinNums.Zpos p) m) = BinInt.Z.compare n m
Znat.Zabs_N_nat :
forall n : BinNums.Z, BinNat.N.to_nat (BinInt.Z.abs_N n) = BinInt.Z.abs_nat n
definitions.Z_to_bv_obligation_1 :
forall (n : BinNums.N) (z : BinNums.Z), definitions.BvWf n (definitions.bv_wrap n z)
definitions.Z_to_bv_checked_bv_unsigned :
forall (n : BinNums.N) (b : definitions.bv n), definitions.Z_to_bv_checked n (definitions.bv_unsigned b) = Some b
definitions.Z_to_bv :
forall n : BinNums.N, BinNums.Z -> definitions.bv n
Znat.Z_nat_N :
forall n : BinNums.Z, BinNat.N.of_nat (BinInt.Z.to_nat n) = BinInt.Z.to_N n
Zdiv.Z_mod_mult :
forall a b : BinNums.Z, BinInt.Z.modulo (BinInt.Z.mul a b) b = BinNums.Z0
Znumtheory.Z_lt_neq :
forall x y : BinNums.Z, BinInt.Z.lt x y -> y <> x
MachineWord.MachineWord.Z_idx_Z :
forall n : BinNums.N, n = MachineWord.MachineWord.Z_idx (MachineWord.MachineWord.idx_Z n)
Zdiv.Z_div_mod :
forall a b : BinNums.Z, BinInt.Z.gt b BinNums.Z0 -> let (q, r) := BinInt.Z.div_eucl a b in a = BinInt.Z.add (BinInt.Z.mul b q) r /\ BinInt.Z.le BinNums.Z0 r /\ BinInt.Z.lt r b
Zdiv.Z_div_exact_full_2 :
forall a b : BinNums.Z, b <> BinNums.Z0 -> BinInt.Z.modulo a b = BinNums.Z0 -> a = BinInt.Z.mul b (BinInt.Z.div a b)
Zdiv.Z_div_exact_2 :
forall a b : BinNums.Z, BinInt.Z.gt b BinNums.Z0 -> BinInt.Z.modulo a b = BinNums.Z0 -> a = BinInt.Z.mul b (BinInt.Z.div a b)
countable.Z_countable_obligation_1 :
forall x : BinNums.Z,
Some
  (let program_branch_0 :=
     fun
       _ : BinNums.xH =
           (let program_branch_0 := fun _ : BinNums.Z0 = x => BinNums.xH in
            let program_branch_1 := fun (p : BinNums.positive) (_ : BinNums.Zpos p = x) => BinNums.xO p in
            let program_branch_2 := fun (p : BinNums.positive) (_ : BinNums.Zneg p = x) => BinNums.xI p in match x as x' return (x' = x -> BinNums.positive) with
                                                                                                           | BinNums.Z0 => program_branch_0
                                                                                                           | BinNums.Zpos p => program_branch_1 p
                                                                                                           | BinNums.Zneg p => program_branch_2 p
                                                                                                           end eq_refl) =>
     BinNums.Z0 in
   let program_branch_1 :=
     fun (p : BinNums.positive)
       (_ : BinNums.xO p =
            (let program_branch_1 := fun _ : BinNums.Z0 = x => BinNums.xH in
             let program_branch_2 := fun (p0 : BinNums.positive) (_ : BinNums.Zpos p0 = x) => BinNums.xO p0 in
             let program_branch_3 := fun (p0 : BinNums.positive) (_ : BinNums.Zneg p0 = x) => BinNums.xI p0 in match x as x' return (x' = x -> BinNums.positive) with
                                                                                                               | BinNums.Z0 => program_branch_1
                                                                                                               | BinNums.Zpos p0 => program_branch_2 p0
                                                                                                               | BinNums.Zneg p0 => program_branch_3 p0
                                                                                                               end eq_refl)) =>
     BinNums.Zpos p in
   let program_branch_2 :=
     fun (p : BinNums.positive)
       (_ : BinNums.xI p =
            (let program_branch_2 := fun _ : BinNums.Z0 = x => BinNums.xH in
             let program_branch_3 := fun (p0 : BinNums.positive) (_ : BinNums.Zpos p0 = x) => BinNums.xO p0 in
             let program_branch_4 := fun (p0 : BinNums.positive) (_ : BinNums.Zneg p0 = x) => BinNums.xI p0 in match x as x' return (x' = x -> BinNums.positive) with
                                                                                                               | BinNums.Z0 => program_branch_2
                                                                                                               | BinNums.Zpos p0 => program_branch_3 p0
                                                                                                               | BinNums.Zneg p0 => program_branch_4 p0
                                                                                                               end eq_refl)) =>
     BinNums.Zneg p in
   match
     (let program_branch_3 := fun _ : BinNums.Z0 = x => BinNums.xH in
      let program_branch_4 := fun (p : BinNums.positive) (_ : BinNums.Zpos p = x) => BinNums.xO p in
      let program_branch_5 := fun (p : BinNums.positive) (_ : BinNums.Zneg p = x) => BinNums.xI p in match x as x' return (x' = x -> BinNums.positive) with
                                                                                                     | BinNums.Z0 => program_branch_3
                                                                                                     | BinNums.Zpos p => program_branch_4 p
                                                                                                     | BinNums.Zneg p => program_branch_5 p
                                                                                                     end eq_refl)
     as p'
     return
       (p' =
        (let program_branch_3 := fun _ : BinNums.Z0 = x => BinNums.xH in
         let program_branch_4 := fun (p : BinNums.positive) (_ : BinNums.Zpos p = x) => BinNums.xO p in
         let program_branch_5 := fun (p : BinNums.positive) (_ : BinNums.Zneg p = x) => BinNums.xI p in match x as x' return (x' = x -> BinNums.positive) with
                                                                                                        | BinNums.Z0 => program_branch_3
                                                                                                        | BinNums.Zpos p => program_branch_4 p
                                                                                                        | BinNums.Zneg p => program_branch_5 p
                                                                                                        end eq_refl) ->
        BinNums.Z)
   with
   | BinNums.xI p => program_branch_2 p
   | BinNums.xO p => program_branch_1 p
   | BinNums.xH => program_branch_0
   end eq_refl) =
Some x
Znat.Z_N_nat :
forall n : BinNums.Z, BinNat.N.to_nat (BinInt.Z.to_N n) = BinInt.Z.to_nat n
ZMicromega.ZTautoChecker_sound :
forall (f : Tauto.BFormula (RingMicromega.Formula BinNums.Z) Tauto.isProp) (w : list ZMicromega.ZArithProof), ZMicromega.ZTautoChecker f w = true -> forall env : RingMicromega.PolEnv BinNums.Z, Tauto.eval_bf (ZMicromega.Zeval_formula env) f
ZMicromega.ZSORaddon :
RingMicromega.SORaddon BinNums.Z0 (BinNums.Zpos BinNums.xH) BinInt.Z.add BinInt.Z.mul BinInt.Z.sub BinInt.Z.opp eq BinInt.Z.le BinNums.Z0 (BinNums.Zpos BinNums.xH) BinInt.Z.add BinInt.Z.mul BinInt.Z.sub BinInt.Z.opp BinInt.Z.eqb BinInt.Z.leb (fun x : BinNums.Z => x) (fun x : BinNums.N => x)
  (Ring_theory.pow_N (BinNums.Zpos BinNums.xH) BinInt.Z.mul)
ZMicromega.ZNpower :
forall (r : BinNums.Z) (n : BinNums.N), BinInt.Z.pow r (BinInt.Z.of_N n) = Ring_theory.pow_N (BinNums.Zpos BinNums.xH) BinInt.Z.mul r n
ZMicromega.ZChecker_sound :
forall (w : ZMicromega.ZArithProof) (l : list (RingMicromega.NFormula BinNums.Z)), ZMicromega.ZChecker l w = true -> forall env : RingMicromega.PolEnv BinNums.Z, Refl.make_impl (ZMicromega.eval_nformula env) l False
numbers.Z2Qc_inj_lt :
forall n m : BinNums.Z, BinInt.Z.lt n m <-> Qcanon.Qclt (numbers.Qc_of_Z n) (numbers.Qc_of_Z m)
numbers.Z2Qc_inj_0 :
numbers.Qc_of_Z BinNums.Z0 = Qcanon.Q2Qc {| QArith_base.Qnum := BinNums.Z0; QArith_base.Qden := BinNums.xH |}
proof_irrel.True_pi :
base.ProofIrrel True
rv64d_types.Splittability_num_of_roundtrip :
forall x : rv64d_types.Splittability, rv64d_types.Splittability_of_num (rv64d_types.num_of_Splittability x) = x
option.Some_proper :
forall (A : Type) (H : base.Equiv A), Morphisms.Proper (Morphisms.respectful base.equiv base.equiv) Some
option.Some_ne_None :
forall (A : Type) (x : A), Some x <> None
ofe.Some_ne :
forall (SI : stepindex.sidx) (A : ofe.ofe) (n : stepindex.sidx_car), Morphisms.Proper (Morphisms.respectful (ofe.dist n) (ofe.dist n)) Some
option.Some_inj :
forall A : Type, base.Inj eq eq Some
option.Some_equiv_eq :
forall (A : Type) (H : base.Equiv A) (mx : option A) (y : A), base.equiv mx (Some y) <-> (exists y' : A, mx = Some y' /\ base.equiv y' y)
ofe.Some_dist_inj :
forall (SI : stepindex.sidx) (A : ofe.ofe) (n : stepindex.sidx_car), base.Inj (ofe.dist n) (ofe.dist n) Some
Ring_theory.Smorph_sub :
forall (R : Type) (rO rI : R) (radd rmul rsub : R -> R -> R) (ropp : R -> R) (req : R -> R -> Prop),
RelationClasses.Equivalence req ->
Ring_theory.ring_eq_ext radd rmul ropp req ->
Ring_theory.ring_theory rO rI radd rmul rsub ropp req ->
forall (C : Type) (cO cI : C) (cadd cmul csub : C -> C -> C) (copp : C -> C) (ceq : C -> C -> Prop) (ceqb : C -> C -> bool) (phi : C -> R),
Ring_theory.ring_theory cO cI cadd cmul csub copp ceq -> Ring_theory.semi_morph rO rI radd rmul req cO cI cadd cmul ceqb phi -> (forall x y : C, ceq x y -> req (phi x) (phi y)) -> forall x y : C, req (phi (csub x y)) (rsub (phi x) (phi y))
Ring_theory.Smorph_opp :
forall (R : Type) (rO rI : R) (radd rmul rsub : R -> R -> R) (ropp : R -> R) (req : R -> R -> Prop),
RelationClasses.Equivalence req ->
Ring_theory.ring_eq_ext radd rmul ropp req ->
Ring_theory.ring_theory rO rI radd rmul rsub ropp req ->
forall (C : Type) (cO cI : C) (cadd cmul csub : C -> C -> C) (copp : C -> C) (ceq : C -> C -> Prop) (ceqb : C -> C -> bool) (phi : C -> R),
Ring_theory.ring_theory cO cI cadd cmul csub copp ceq -> Ring_theory.semi_morph rO rI radd rmul req cO cI cadd cmul ceqb phi -> (forall x y : C, ceq x y -> req (phi x) (phi y)) -> forall x : C, req (phi (copp x)) (ropp (phi x))
Ring_theory.Smorph_morph :
forall (R : Type) (rO rI : R) (radd rmul rsub : R -> R -> R) (ropp : R -> R) (req : R -> R -> Prop),
RelationClasses.Equivalence req ->
Ring_theory.ring_eq_ext radd rmul ropp req ->
Ring_theory.ring_theory rO rI radd rmul rsub ropp req ->
forall (C : Type) (cO cI : C) (cadd cmul csub : C -> C -> C) (copp : C -> C) (ceq : C -> C -> Prop) (ceqb : C -> C -> bool) (phi : C -> R),
Ring_theory.ring_theory cO cI cadd cmul csub copp ceq -> Ring_theory.semi_morph rO rI radd rmul req cO cI cadd cmul ceqb phi -> (forall x y : C, ceq x y -> req (phi x) (phi y)) -> Ring_theory.ring_morph rO rI radd rmul rsub ropp req cO cI cadd cmul csub copp ceqb phi
OrderedRing.SOR_ring_lemma1 :
forall (R : Type) (rO rI : R) (rplus rtimes rminus : R -> R -> R) (ropp : R -> R) (req rle rlt : R -> R -> Prop),
OrderedRing.SOR rO rI rplus rtimes rminus ropp req rle rlt ->
forall (n : nat) (l : list R) (lpe : list (Ring_polynom.PExpr BinNums.Z * Ring_polynom.PExpr BinNums.Z)) (pe1 pe2 : Ring_polynom.PExpr BinNums.Z),
Ring_polynom.interp_PElist rO rI rplus rtimes rminus ropp req (InitialRing.gen_phiZ rO rI rplus rtimes ropp) Ring_theory.id_phi_N (Ring_theory.pow_N rI rtimes) l lpe ->
(let lmp := Ring_polynom.mk_monpol_list BinNums.Z0 (BinNums.Zpos BinNums.xH) BinInt.Z.add BinInt.Z.mul BinInt.Z.sub BinInt.Z.opp BinInt.Z.eqb BinInt.Z.quotrem lpe in
 Ring_polynom.Peq BinInt.Z.eqb (Ring_polynom.norm_subst BinNums.Z0 (BinNums.Zpos BinNums.xH) BinInt.Z.add BinInt.Z.mul BinInt.Z.sub BinInt.Z.opp BinInt.Z.eqb BinInt.Z.quotrem n lmp pe1)
   (Ring_polynom.norm_subst BinNums.Z0 (BinNums.Zpos BinNums.xH) BinInt.Z.add BinInt.Z.mul BinInt.Z.sub BinInt.Z.opp BinInt.Z.eqb BinInt.Z.quotrem n lmp pe2)) =
true ->
req (Ring_polynom.PEeval rO rI rplus rtimes rminus ropp (InitialRing.gen_phiZ rO rI rplus rtimes ropp) Ring_theory.id_phi_N (Ring_theory.pow_N rI rtimes) l pe1)
  (Ring_polynom.PEeval rO rI rplus rtimes rminus ropp (InitialRing.gen_phiZ rO rI rplus rtimes ropp) Ring_theory.id_phi_N (Ring_theory.pow_N rI rtimes) l pe2)
rv64d_types.SATPMode_num_of_roundtrip :
forall x : rv64d_types.SATPMode, rv64d_types.SATPMode_of_num (rv64d_types.num_of_SATPMode x) = x
OrderedRing.Rtimes_square_nonneg :
forall (R : Type) (rO rI : R) (rplus rtimes rminus : R -> R -> R) (ropp : R -> R) (req rle rlt : R -> R -> Prop), OrderedRing.SOR rO rI rplus rtimes rminus ropp req rle rlt -> forall n : R, rle rO (rtimes n n)
OrderedRing.Rtimes_pos_pos :
forall (R : Type) (rO rI : R) (rplus rtimes rminus : R -> R -> R) (ropp : R -> R) (req rle rlt : R -> R -> Prop), OrderedRing.SOR rO rI rplus rtimes rminus ropp req rle rlt -> forall n m : R, rlt rO n -> rlt rO m -> rlt rO (rtimes n m)
OrderedRing.Rtimes_pos_neg :
forall (R : Type) (rO rI : R) (rplus rtimes rminus : R -> R -> R) (ropp : R -> R) (req rle rlt : R -> R -> Prop), OrderedRing.SOR rO rI rplus rtimes rminus ropp req rle rlt -> forall n m : R, rlt rO n -> rlt m rO -> rlt (rtimes n m) rO
OrderedRing.Rtimes_nonneg_nonneg :
forall (R : Type) (rO rI : R) (rplus rtimes rminus : R -> R -> R) (ropp : R -> R) (req rle rlt : R -> R -> Prop), OrderedRing.SOR rO rI rplus rtimes rminus ropp req rle rlt -> forall n m : R, rle rO n -> rle rO m -> rle rO (rtimes n m)
OrderedRing.Rtimes_neq_0 :
forall (R : Type) (rO rI : R) (rplus rtimes rminus : R -> R -> R) (ropp : R -> R) (req rle rlt : R -> R -> Prop), OrderedRing.SOR rO rI rplus rtimes rminus ropp req rle rlt -> forall n m : R, ~ req n rO /\ ~ req m rO -> ~ req (rtimes n m) rO
OrderedRing.Rtimes_neg_neg :
forall (R : Type) (rO rI : R) (rplus rtimes rminus : R -> R -> R) (ropp : R -> R) (req rle rlt : R -> R -> Prop), OrderedRing.SOR rO rI rplus rtimes rminus ropp req rle rlt -> forall n m : R, rlt n rO -> rlt m rO -> rlt rO (rtimes n m)
OrderedRing.Rtimes_comm :
forall (R : Type) (rO rI : R) (rplus rtimes rminus : R -> R -> R) (ropp : R -> R) (req rle rlt : R -> R -> Prop), OrderedRing.SOR rO rI rplus rtimes rminus ropp req rle rlt -> forall n m : R, req (rtimes n m) (rtimes m n)
OrderedRing.Rtimes_0_r :
forall (R : Type) (rO rI : R) (rplus rtimes rminus : R -> R -> R) (ropp : R -> R) (req rle rlt : R -> R -> Prop), OrderedRing.SOR rO rI rplus rtimes rminus ropp req rle rlt -> forall n : R, req (rtimes n rO) rO
OrderedRing.Rtimes_0_l :
forall (R : Type) (rO rI : R) (rplus rtimes rminus : R -> R -> R) (ropp : R -> R) (req rle rlt : R -> R -> Prop), OrderedRing.SOR rO rI rplus rtimes rminus ropp req rle rlt -> forall n : R, req (rtimes rO n) rO
Ring_theory.Rth_ARth :
forall (R : Type) (rO rI : R) (radd rmul rsub : R -> R -> R) (ropp : R -> R) (req : R -> R -> Prop), RelationClasses.Equivalence req -> Ring_theory.ring_eq_ext radd rmul ropp req -> Ring_theory.ring_theory rO rI radd rmul rsub ropp req -> Ring_theory.almost_ring_theory rO rI radd rmul rsub ropp req
OrderedRing.Rplus_pos_pos :
forall (R : Type) (rO rI : R) (rplus rtimes rminus : R -> R -> R) (ropp : R -> R) (req rle rlt : R -> R -> Prop), OrderedRing.SOR rO rI rplus rtimes rminus ropp req rle rlt -> forall n m : R, rlt rO n -> rlt rO m -> rlt rO (rplus n m)
OrderedRing.Rplus_pos_nonneg :
forall (R : Type) (rO rI : R) (rplus rtimes rminus : R -> R -> R) (ropp : R -> R) (req rle rlt : R -> R -> Prop), OrderedRing.SOR rO rI rplus rtimes rminus ropp req rle rlt -> forall n m : R, rlt rO n -> rle rO m -> rlt rO (rplus n m)
OrderedRing.Rplus_nonneg_pos :
forall (R : Type) (rO rI : R) (rplus rtimes rminus : R -> R -> R) (ropp : R -> R) (req rle rlt : R -> R -> Prop), OrderedRing.SOR rO rI rplus rtimes rminus ropp req rle rlt -> forall n m : R, rle rO n -> rlt rO m -> rlt rO (rplus n m)
OrderedRing.Rplus_nonneg_nonneg :
forall (R : Type) (rO rI : R) (rplus rtimes rminus : R -> R -> R) (ropp : R -> R) (req rle rlt : R -> R -> Prop), OrderedRing.SOR rO rI rplus rtimes rminus ropp req rle rlt -> forall n m : R, rle rO n -> rle rO m -> rle rO (rplus n m)
OrderedRing.Rplus_lt_mono_r :
forall (R : Type) (rO rI : R) (rplus rtimes rminus : R -> R -> R) (ropp : R -> R) (req rle rlt : R -> R -> Prop), OrderedRing.SOR rO rI rplus rtimes rminus ropp req rle rlt -> forall n m p : R, rlt n m <-> rlt (rplus n p) (rplus m p)
OrderedRing.Rplus_lt_mono_l :
forall (R : Type) (rO rI : R) (rplus rtimes rminus : R -> R -> R) (ropp : R -> R) (req rle rlt : R -> R -> Prop), OrderedRing.SOR rO rI rplus rtimes rminus ropp req rle rlt -> forall n m p : R, rlt n m <-> rlt (rplus p n) (rplus p m)
OrderedRing.Rplus_lt_mono :
forall (R : Type) (rO rI : R) (rplus rtimes rminus : R -> R -> R) (ropp : R -> R) (req rle rlt : R -> R -> Prop), OrderedRing.SOR rO rI rplus rtimes rminus ropp req rle rlt -> forall n m p q : R, rlt n m -> rlt p q -> rlt (rplus n p) (rplus m q)
OrderedRing.Rplus_lt_le_mono :
forall (R : Type) (rO rI : R) (rplus rtimes rminus : R -> R -> R) (ropp : R -> R) (req rle rlt : R -> R -> Prop), OrderedRing.SOR rO rI rplus rtimes rminus ropp req rle rlt -> forall n m p q : R, rlt n m -> rle p q -> rlt (rplus n p) (rplus m q)
OrderedRing.Rplus_le_mono_r :
forall (R : Type) (rO rI : R) (rplus rtimes rminus : R -> R -> R) (ropp : R -> R) (req rle rlt : R -> R -> Prop), OrderedRing.SOR rO rI rplus rtimes rminus ropp req rle rlt -> forall n m p : R, rle n m <-> rle (rplus n p) (rplus m p)
OrderedRing.Rplus_le_mono_l :
forall (R : Type) (rO rI : R) (rplus rtimes rminus : R -> R -> R) (ropp : R -> R) (req rle rlt : R -> R -> Prop), OrderedRing.SOR rO rI rplus rtimes rminus ropp req rle rlt -> forall n m p : R, rle n m <-> rle (rplus p n) (rplus p m)
OrderedRing.Rplus_le_mono :
forall (R : Type) (rO rI : R) (rplus rtimes rminus : R -> R -> R) (ropp : R -> R) (req rle rlt : R -> R -> Prop), OrderedRing.SOR rO rI rplus rtimes rminus ropp req rle rlt -> forall n m p q : R, rle n m -> rle p q -> rle (rplus n p) (rplus m q)
OrderedRing.Rplus_le_lt_mono :
forall (R : Type) (rO rI : R) (rplus rtimes rminus : R -> R -> R) (ropp : R -> R) (req rle rlt : R -> R -> Prop), OrderedRing.SOR rO rI rplus rtimes rminus ropp req rle rlt -> forall n m p q : R, rle n m -> rlt p q -> rlt (rplus n p) (rplus m q)
OrderedRing.Rplus_comm :
forall (R : Type) (rO rI : R) (rplus rtimes rminus : R -> R -> R) (ropp : R -> R) (req rle rlt : R -> R -> Prop), OrderedRing.SOR rO rI rplus rtimes rminus ropp req rle rlt -> forall n m : R, req (rplus n m) (rplus m n)
OrderedRing.Rplus_cancel_l :
forall (R : Type) (rO rI : R) (rplus rtimes rminus : R -> R -> R) (ropp : R -> R) (req rle rlt : R -> R -> Prop), OrderedRing.SOR rO rI rplus rtimes rminus ropp req rle rlt -> forall n m p : R, req (rplus p n) (rplus p m) <-> req n m
OrderedRing.Rplus_0_r :
forall (R : Type) (rO rI : R) (rplus rtimes rminus : R -> R -> R) (ropp : R -> R) (req rle rlt : R -> R -> Prop), OrderedRing.SOR rO rI rplus rtimes rminus ropp req rle rlt -> forall n : R, req (rplus n rO) n
OrderedRing.Rplus_0_l :
forall (R : Type) (rO rI : R) (rplus rtimes rminus : R -> R -> R) (ropp : R -> R) (req rle rlt : R -> R -> Prop), OrderedRing.SOR rO rI rplus rtimes rminus ropp req rle rlt -> forall n : R, req (rplus rO n) n
OrderedRing.Ropp_pos_neg :
forall (R : Type) (rO rI : R) (rplus rtimes rminus : R -> R -> R) (ropp : R -> R) (req rle rlt : R -> R -> Prop), OrderedRing.SOR rO rI rplus rtimes rminus ropp req rle rlt -> forall n : R, rlt rO (ropp n) <-> rlt n rO
Ring_theory.Ropp_opp :
forall (R : Type) (rO rI : R) (radd rmul rsub : R -> R -> R) (ropp : R -> R) (req : R -> R -> Prop), RelationClasses.Equivalence req -> Ring_theory.ring_eq_ext radd rmul ropp req -> Ring_theory.ring_theory rO rI radd rmul rsub ropp req -> forall x : R, req (ropp (ropp x)) x
Ring_theory.Ropp_mul_l :
forall (R : Type) (rO rI : R) (radd rmul rsub : R -> R -> R) (ropp : R -> R) (req : R -> R -> Prop), RelationClasses.Equivalence req -> Ring_theory.ring_eq_ext radd rmul ropp req -> Ring_theory.ring_theory rO rI radd rmul rsub ropp req -> forall x y : R, req (ropp (rmul x y)) (rmul (ropp x) y)
OrderedRing.Ropp_lt_mono :
forall (R : Type) (rO rI : R) (rplus rtimes rminus : R -> R -> R) (ropp : R -> R) (req rle rlt : R -> R -> Prop), OrderedRing.SOR rO rI rplus rtimes rminus ropp req rle rlt -> forall n m : R, rlt n m <-> rlt (ropp m) (ropp n)
Ring_theory.Ropp_add :
forall (R : Type) (rO rI : R) (radd rmul rsub : R -> R -> R) (ropp : R -> R) (req : R -> R -> Prop),
RelationClasses.Equivalence req -> Ring_theory.ring_eq_ext radd rmul ropp req -> Ring_theory.ring_theory rO rI radd rmul rsub ropp req -> forall x y : R, req (ropp (radd x y)) (radd (ropp x) (ropp y))
OrderedRing.Rneq_symm :
forall (R : Type) (rO rI : R) (rplus rtimes rminus : R -> R -> R) (ropp : R -> R) (req rle rlt : R -> R -> Prop), OrderedRing.SOR rO rI rplus rtimes rminus ropp req rle rlt -> forall n m : R, ~ req n m -> ~ req m n
Ring_theory.Rmul_0_l :
forall (R : Type) (rO rI : R) (radd rmul rsub : R -> R -> R) (ropp : R -> R) (req : R -> R -> Prop), RelationClasses.Equivalence req -> Ring_theory.ring_eq_ext radd rmul ropp req -> Ring_theory.ring_theory rO rI radd rmul rsub ropp req -> forall x : R, req (rmul rO x) rO
BinInt.Z.Rlt_wd :
forall z : BinNums.Z, Morphisms.Proper (Morphisms.respectful eq (Morphisms.respectful eq iff)) (fun n m : BinNums.Z => BinInt.Z.le z n /\ BinInt.Z.lt n m)
PeanoNat.Nat.Rlt_wd :
forall z : nat, Morphisms.Proper (Morphisms.respectful eq (Morphisms.respectful eq iff)) (fun n m : nat => z <= n < m)
BinNat.N.Rlt_wd :
forall z : BinNums.N, Morphisms.Proper (Morphisms.respectful eq (Morphisms.respectful eq iff)) (fun n m : BinNums.N => BinNat.N.le z n /\ BinNat.N.lt n m)
OrderedRing.Rlt_trichotomy :
forall (R : Type) (rO rI : R) (rplus rtimes rminus : R -> R -> R) (ropp : R -> R) (req rle rlt : R -> R -> Prop), OrderedRing.SOR rO rI rplus rtimes rminus ropp req rle rlt -> forall n m : R, rlt n m \/ req n m \/ rlt m n
OrderedRing.Rlt_trans :
forall (R : Type) (rO rI : R) (rplus rtimes rminus : R -> R -> R) (ropp : R -> R) (req rle rlt : R -> R -> Prop), OrderedRing.SOR rO rI rplus rtimes rminus ropp req rle rlt -> forall n m p : R, rlt n m -> rlt m p -> rlt n p
OrderedRing.Rlt_nge :
forall (R : Type) (rO rI : R) (rplus rtimes rminus : R -> R -> R) (ropp : R -> R) (req rle rlt : R -> R -> Prop), OrderedRing.SOR rO rI rplus rtimes rminus ropp req rle rlt -> forall n m : R, rlt n m <-> ~ rle m n
OrderedRing.Rlt_neq :
forall (R : Type) (rO rI : R) (rplus rtimes rminus : R -> R -> R) (ropp : R -> R) (req rle rlt : R -> R -> Prop), OrderedRing.SOR rO rI rplus rtimes rminus ropp req rle rlt -> forall n m : R, rlt n m -> ~ req n m
OrderedRing.Rlt_le_trans :
forall (R : Type) (rO rI : R) (rplus rtimes rminus : R -> R -> R) (ropp : R -> R) (req rle rlt : R -> R -> Prop), OrderedRing.SOR rO rI rplus rtimes rminus ropp req rle rlt -> forall n m p : R, rlt n m -> rle m p -> rlt n p
OrderedRing.Rlt_le_neq :
forall (R : Type) (rO rI : R) (rplus rtimes rminus : R -> R -> R) (ropp : R -> R) (req rle rlt : R -> R -> Prop), OrderedRing.SOR rO rI rplus rtimes rminus ropp req rle rlt -> forall n m : R, rlt n m <-> rle n m /\ ~ req n m
OrderedRing.Rle_trans :
forall (R : Type) (rO rI : R) (rplus rtimes rminus : R -> R -> R) (ropp : R -> R) (req rle rlt : R -> R -> Prop), OrderedRing.SOR rO rI rplus rtimes rminus ropp req rle rlt -> forall n m p : R, rle n m -> rle m p -> rle n p
OrderedRing.Rle_refl :
forall (R : Type) (rO rI : R) (rplus rtimes rminus : R -> R -> R) (ropp : R -> R) (req rle rlt : R -> R -> Prop), OrderedRing.SOR rO rI rplus rtimes rminus ropp req rle rlt -> forall n : R, rle n n
OrderedRing.Rle_ngt :
forall (R : Type) (rO rI : R) (rplus rtimes rminus : R -> R -> R) (ropp : R -> R) (req rle rlt : R -> R -> Prop), OrderedRing.SOR rO rI rplus rtimes rminus ropp req rle rlt -> forall n m : R, rle n m <-> ~ rlt m n
OrderedRing.Rle_lt_trans :
forall (R : Type) (rO rI : R) (rplus rtimes rminus : R -> R -> R) (ropp : R -> R) (req rle rlt : R -> R -> Prop), OrderedRing.SOR rO rI rplus rtimes rminus ropp req rle rlt -> forall n m p : R, rle n m -> rlt m p -> rlt n p
OrderedRing.Rle_lt_eq :
forall (R : Type) (rO rI : R) (rplus rtimes rminus : R -> R -> R) (ropp : R -> R) (req rle rlt : R -> R -> Prop), OrderedRing.SOR rO rI rplus rtimes rminus ropp req rle rlt -> forall n m : R, rle n m <-> rlt n m \/ req n m
OrderedRing.Rle_gt_cases :
forall (R : Type) (rO rI : R) (rplus rtimes rminus : R -> R -> R) (ropp : R -> R) (req rle rlt : R -> R -> Prop), OrderedRing.SOR rO rI rplus rtimes rminus ropp req rle rlt -> forall n m : R, rle n m \/ rlt m n
OrderedRing.Rle_antisymm :
forall (R : Type) (rO rI : R) (rplus rtimes rminus : R -> R -> R) (ropp : R -> R) (req rle rlt : R -> R -> Prop), OrderedRing.SOR rO rI rplus rtimes rminus ropp req rle rlt -> forall n m : R, rle n m -> rle m n -> req n m
list_basics.RightId_instance_0 :
forall A : Type, base.RightId eq nil app
BinInt.Z.Rgt_wd :
forall z : BinNums.Z, Morphisms.Proper (Morphisms.respectful eq (Morphisms.respectful eq iff)) (fun n m : BinNums.Z => BinInt.Z.lt m n /\ BinInt.Z.le n z)
rv64d_types.Reservability_num_of_roundtrip :
forall x : rv64d_types.Reservability, rv64d_types.Reservability_of_num (rv64d_types.num_of_Reservability x) = x
OrderedRing.Req_em :
forall (R : Type) (rO rI : R) (rplus rtimes rminus : R -> R -> R) (ropp : R -> R) (req rle rlt : R -> R -> Prop), OrderedRing.SOR rO rI rplus rtimes rminus ropp req rle rlt -> forall n m : R, req n m \/ ~ req n m
Morphisms.Reflexive_partial_app_morphism :
forall (A B : Type) (R : Relation_Definitions.relation A) (R' : Relation_Definitions.relation B) (m : A -> B), Morphisms.Proper (Morphisms.respectful R R') m -> forall x : A, Morphisms.ProperProxy R x -> Morphisms.Proper R' (m x)
Qcanon.Qred_involutive :
forall q : QArith_base.Q, Qreduction.Qred (Qreduction.Qred q) = Qreduction.Qred q
Qcanon.Qred_identity :
forall q : QArith_base.Q, BinInt.Z.gcd (QArith_base.Qnum q) (BinNums.Zpos (QArith_base.Qden q)) = BinNums.Zpos BinNums.xH -> Qreduction.Qred q = q
Qreduction.Qred_correct :
forall q : QArith_base.Q, QArith_base.Qeq (Qreduction.Qred q) q
Qreduction.Qred_complete :
forall p q : QArith_base.Q, QArith_base.Qeq p q -> Qreduction.Qred p = Qreduction.Qred q
QArith_base.Qplus_opp_r :
forall q : QArith_base.Q, QArith_base.Qeq (QArith_base.Qplus q (QArith_base.Qopp q)) {| QArith_base.Qnum := BinNums.Z0; QArith_base.Qden := BinNums.xH |}
QArith_base.Qplus_le_compat :
forall x y z t : QArith_base.Q, QArith_base.Qle x y -> QArith_base.Qle z t -> QArith_base.Qle (QArith_base.Qplus x z) (QArith_base.Qplus y t)
QArith_base.Qplus_comp :
Morphisms.Proper (Morphisms.respectful QArith_base.Qeq (Morphisms.respectful QArith_base.Qeq QArith_base.Qeq)) QArith_base.Qplus
QArith_base.Qplus_comm :
forall x y : QArith_base.Q, QArith_base.Qeq (QArith_base.Qplus x y) (QArith_base.Qplus y x)
QArith_base.Qplus_assoc :
forall x y z : QArith_base.Q, QArith_base.Qeq (QArith_base.Qplus x (QArith_base.Qplus y z)) (QArith_base.Qplus (QArith_base.Qplus x y) z)
QArith_base.Qplus_0_r :
forall x : QArith_base.Q, QArith_base.Qeq (QArith_base.Qplus x {| QArith_base.Qnum := BinNums.Z0; QArith_base.Qden := BinNums.xH |}) x
QArith_base.Qplus_0_l :
forall x : QArith_base.Q, QArith_base.Qeq (QArith_base.Qplus {| QArith_base.Qnum := BinNums.Z0; QArith_base.Qden := BinNums.xH |} x) x
QArith_base.Qnot_le_lt :
forall x y : QArith_base.Q, ~ QArith_base.Qle x y -> QArith_base.Qlt y x
QArith_base.Qmult_plus_distr_l :
forall x y z : QArith_base.Q, QArith_base.Qeq (QArith_base.Qmult (QArith_base.Qplus x y) z) (QArith_base.Qplus (QArith_base.Qmult x z) (QArith_base.Qmult y z))
QArith_base.Qmult_inv_r :
forall x : QArith_base.Q, ~ QArith_base.Qeq x {| QArith_base.Qnum := BinNums.Z0; QArith_base.Qden := BinNums.xH |} -> QArith_base.Qeq (QArith_base.Qmult x (QArith_base.Qinv x)) {| QArith_base.Qnum := BinNums.Zpos BinNums.xH; QArith_base.Qden := BinNums.xH |}
QArith_base.Qmult_comp :
Morphisms.Proper (Morphisms.respectful QArith_base.Qeq (Morphisms.respectful QArith_base.Qeq QArith_base.Qeq)) QArith_base.Qmult
QArith_base.Qmult_comm :
forall x y : QArith_base.Q, QArith_base.Qeq (QArith_base.Qmult x y) (QArith_base.Qmult y x)
QArith_base.Qmult_assoc :
forall n m p : QArith_base.Q, QArith_base.Qeq (QArith_base.Qmult n (QArith_base.Qmult m p)) (QArith_base.Qmult (QArith_base.Qmult n m) p)
QArith_base.Qmult_1_l :
forall n : QArith_base.Q, QArith_base.Qeq (QArith_base.Qmult {| QArith_base.Qnum := BinNums.Zpos BinNums.xH; QArith_base.Qden := BinNums.xH |} n) n
QArith_base.Qlt_trans :
forall x y z : QArith_base.Q, QArith_base.Qlt x y -> QArith_base.Qlt y z -> QArith_base.Qlt x z
QArith_base.Qlt_not_le :
forall x y : QArith_base.Q, QArith_base.Qlt x y -> ~ QArith_base.Qle y x
QArith_base.Qlt_not_eq :
forall x y : QArith_base.Q, QArith_base.Qlt x y -> ~ QArith_base.Qeq x y
QArith_base.Qlt_le_weak :
forall x y : QArith_base.Q, QArith_base.Qlt x y -> QArith_base.Qle x y
QArith_base.Qlt_le_trans :
forall x y z : QArith_base.Q, QArith_base.Qlt x y -> QArith_base.Qle y z -> QArith_base.Qlt x z
QArith_base.Qle_trans :
forall x y z : QArith_base.Q, QArith_base.Qle x y -> QArith_base.Qle y z -> QArith_base.Qle x z
QArith_base.Qle_refl :
forall x : QArith_base.Q, QArith_base.Qle x x
QArith_base.Qle_lt_trans :
forall x y z : QArith_base.Q, QArith_base.Qle x y -> QArith_base.Qlt y z -> QArith_base.Qlt x z
QArith_base.Qle_comp :
Morphisms.Proper (Morphisms.respectful QArith_base.Qeq (Morphisms.respectful QArith_base.Qeq iff)) QArith_base.Qle
QArith_base.Qle_antisym :
forall x y : QArith_base.Q, QArith_base.Qle x y -> QArith_base.Qle y x -> QArith_base.Qeq x y
QArith_base.Qle_alt :
forall p q : QArith_base.Q, QArith_base.Qle p q <-> QArith_base.Qcompare p q <> Gt
QArith_base.Qeq_trans :
forall x y z : QArith_base.Q, QArith_base.Qeq x y -> QArith_base.Qeq y z -> QArith_base.Qeq x z
QArith_base.Qeq_sym :
forall x y : QArith_base.Q, QArith_base.Qeq x y -> QArith_base.Qeq y x
QArith_base.Qeq_refl :
forall x : QArith_base.Q, QArith_base.Qeq x x
Qcanon.Qcrt :
Ring_theory.ring_theory (Qcanon.Q2Qc {| QArith_base.Qnum := BinNums.Z0; QArith_base.Qden := BinNums.xH |}) (Qcanon.Q2Qc {| QArith_base.Qnum := BinNums.Zpos BinNums.xH; QArith_base.Qden := BinNums.xH |}) Qcanon.Qcplus Qcanon.Qcmult Qcanon.Qcminus Qcanon.Qcopp eq
numbers.Qcplus_pos_pos :
forall x y : Qcanon.Qc,
Qcanon.Qclt (Qcanon.Q2Qc {| QArith_base.Qnum := BinNums.Z0; QArith_base.Qden := BinNums.xH |}) x ->
Qcanon.Qclt (Qcanon.Q2Qc {| QArith_base.Qnum := BinNums.Z0; QArith_base.Qden := BinNums.xH |}) y -> Qcanon.Qclt (Qcanon.Q2Qc {| QArith_base.Qnum := BinNums.Z0; QArith_base.Qden := BinNums.xH |}) (Qcanon.Qcplus x y)
numbers.Qcplus_pos_nonneg :
forall x y : Qcanon.Qc,
Qcanon.Qclt (Qcanon.Q2Qc {| QArith_base.Qnum := BinNums.Z0; QArith_base.Qden := BinNums.xH |}) x ->
Qcanon.Qcle (Qcanon.Q2Qc {| QArith_base.Qnum := BinNums.Z0; QArith_base.Qden := BinNums.xH |}) y -> Qcanon.Qclt (Qcanon.Q2Qc {| QArith_base.Qnum := BinNums.Z0; QArith_base.Qden := BinNums.xH |}) (Qcanon.Qcplus x y)
Qcanon.Qcplus_opp_r :
forall q : Qcanon.Qc, Qcanon.Qcplus q (Qcanon.Qcopp q) = Qcanon.Q2Qc {| QArith_base.Qnum := BinNums.Z0; QArith_base.Qden := BinNums.xH |}
numbers.Qcplus_lt_mono_l :
forall x y z : Qcanon.Qc, Qcanon.Qclt x y <-> Qcanon.Qclt (Qcanon.Qcplus z x) (Qcanon.Qcplus z y)
numbers.Qcplus_le_mono_l :
forall x y z : Qcanon.Qc, Qcanon.Qcle x y <-> Qcanon.Qcle (Qcanon.Qcplus z x) (Qcanon.Qcplus z y)
Qcanon.Qcplus_le_compat :
forall x y z t : Qcanon.Qc, Qcanon.Qcle x y -> Qcanon.Qcle z t -> Qcanon.Qcle (Qcanon.Qcplus x z) (Qcanon.Qcplus y t)
Qcanon.Qcplus_comm :
forall x y : Qcanon.Qc, Qcanon.Qcplus x y = Qcanon.Qcplus y x
Qcanon.Qcplus_assoc :
forall x y z : Qcanon.Qc, Qcanon.Qcplus x (Qcanon.Qcplus y z) = Qcanon.Qcplus (Qcanon.Qcplus x y) z
Qcanon.Qcplus_0_r :
forall x : Qcanon.Qc, Qcanon.Qcplus x (Qcanon.Q2Qc {| QArith_base.Qnum := BinNums.Z0; QArith_base.Qden := BinNums.xH |}) = x
Qcanon.Qcplus_0_l :
forall x : Qcanon.Qc, Qcanon.Qcplus (Qcanon.Q2Qc {| QArith_base.Qnum := BinNums.Z0; QArith_base.Qden := BinNums.xH |}) x = x
QArith_base.Qcompare_comp :
Morphisms.Proper (Morphisms.respectful QArith_base.Qeq (Morphisms.respectful QArith_base.Qeq eq)) QArith_base.Qcompare
Qcanon.Qcnot_le_lt :
forall x y : Qcanon.Qc, ~ Qcanon.Qcle x y -> Qcanon.Qclt y x
Qcanon.Qcmult_plus_distr_l :
forall x y z : Qcanon.Qc, Qcanon.Qcmult (Qcanon.Qcplus x y) z = Qcanon.Qcplus (Qcanon.Qcmult x z) (Qcanon.Qcmult y z)
Qcanon.Qcmult_inv_r :
forall x : Qcanon.Qc, x <> Qcanon.Q2Qc {| QArith_base.Qnum := BinNums.Z0; QArith_base.Qden := BinNums.xH |} -> Qcanon.Qcmult x (Qcanon.Qcinv x) = Qcanon.Q2Qc {| QArith_base.Qnum := BinNums.Zpos BinNums.xH; QArith_base.Qden := BinNums.xH |}
Qcanon.Qcmult_inv_l :
forall x : Qcanon.Qc, x <> Qcanon.Q2Qc {| QArith_base.Qnum := BinNums.Z0; QArith_base.Qden := BinNums.xH |} -> Qcanon.Qcmult (Qcanon.Qcinv x) x = Qcanon.Q2Qc {| QArith_base.Qnum := BinNums.Zpos BinNums.xH; QArith_base.Qden := BinNums.xH |}
Qcanon.Qcmult_comm :
forall x y : Qcanon.Qc, Qcanon.Qcmult x y = Qcanon.Qcmult y x
Qcanon.Qcmult_assoc :
forall n m p : Qcanon.Qc, Qcanon.Qcmult n (Qcanon.Qcmult m p) = Qcanon.Qcmult (Qcanon.Qcmult n m) p
Qcanon.Qcmult_1_l :
forall n : Qcanon.Qc, Qcanon.Qcmult (Qcanon.Q2Qc {| QArith_base.Qnum := BinNums.Zpos BinNums.xH; QArith_base.Qden := BinNums.xH |}) n = n
Qcanon.Qclt_trans :
forall x y z : Qcanon.Qc, Qcanon.Qclt x y -> Qcanon.Qclt y z -> Qcanon.Qclt x z
Qcanon.Qclt_not_le :
forall x y : Qcanon.Qc, Qcanon.Qclt x y -> ~ Qcanon.Qcle y x
Qcanon.Qclt_not_eq :
forall x y : Qcanon.Qc, Qcanon.Qclt x y -> x <> y
numbers.Qclt_nge :
forall x y : Qcanon.Qc, Qcanon.Qclt x y <-> ~ Qcanon.Qcle y x
Qcanon.Qclt_le_weak :
forall x y : Qcanon.Qc, Qcanon.Qclt x y -> Qcanon.Qcle x y
Qcanon.Qclt_le_trans :
forall x y z : Qcanon.Qc, Qcanon.Qclt x y -> Qcanon.Qcle y z -> Qcanon.Qclt x z
Qcanon.Qcle_trans :
forall x y z : Qcanon.Qc, Qcanon.Qcle x y -> Qcanon.Qcle y z -> Qcanon.Qcle x z
Qcanon.Qcle_refl :
forall x : Qcanon.Qc, Qcanon.Qcle x x
Qcanon.Qcle_antisym :
forall x y : Qcanon.Qc, Qcanon.Qcle x y -> Qcanon.Qcle y x -> x = y
Qcanon.Qcft :
Field_theory.field_theory (Qcanon.Q2Qc {| QArith_base.Qnum := BinNums.Z0; QArith_base.Qden := BinNums.xH |}) (Qcanon.Q2Qc {| QArith_base.Qnum := BinNums.Zpos BinNums.xH; QArith_base.Qden := BinNums.xH |}) Qcanon.Qcplus Qcanon.Qcmult Qcanon.Qcminus Qcanon.Qcopp Qcanon.Qcdiv Qcanon.Qcinv eq
Qcanon.Qcfield_ring_lemma1 :
forall (n : nat) (l : list Qcanon.Qc) (lpe : list (Ring_polynom.PExpr BinNums.Z * Ring_polynom.PExpr BinNums.Z)) (pe1 pe2 : Ring_polynom.PExpr BinNums.Z),
Ring_polynom.interp_PElist (Qcanon.Q2Qc {| QArith_base.Qnum := BinNums.Z0; QArith_base.Qden := BinNums.xH |}) (Qcanon.Q2Qc {| QArith_base.Qnum := BinNums.Zpos BinNums.xH; QArith_base.Qden := BinNums.xH |}) Qcanon.Qcplus Qcanon.Qcmult Qcanon.Qcminus Qcanon.Qcopp eq
  (InitialRing.gen_phiZ (Qcanon.Q2Qc {| QArith_base.Qnum := BinNums.Z0; QArith_base.Qden := BinNums.xH |}) (Qcanon.Q2Qc {| QArith_base.Qnum := BinNums.Zpos BinNums.xH; QArith_base.Qden := BinNums.xH |}) Qcanon.Qcplus Qcanon.Qcmult Qcanon.Qcopp) Ring_theory.id_phi_N
  (Ring_theory.pow_N (Qcanon.Q2Qc {| QArith_base.Qnum := BinNums.Zpos BinNums.xH; QArith_base.Qden := BinNums.xH |}) Qcanon.Qcmult) l lpe ->
(let lmp := Ring_polynom.mk_monpol_list BinNums.Z0 (BinNums.Zpos BinNums.xH) BinInt.Z.add BinInt.Z.mul BinInt.Z.sub BinInt.Z.opp BinInt.Z.eqb BinInt.Z.quotrem lpe in
 Ring_polynom.Peq BinInt.Z.eqb (Ring_polynom.norm_subst BinNums.Z0 (BinNums.Zpos BinNums.xH) BinInt.Z.add BinInt.Z.mul BinInt.Z.sub BinInt.Z.opp BinInt.Z.eqb BinInt.Z.quotrem n lmp pe1)
   (Ring_polynom.norm_subst BinNums.Z0 (BinNums.Zpos BinNums.xH) BinInt.Z.add BinInt.Z.mul BinInt.Z.sub BinInt.Z.opp BinInt.Z.eqb BinInt.Z.quotrem n lmp pe2)) =
true ->
Ring_polynom.PEeval (Qcanon.Q2Qc {| QArith_base.Qnum := BinNums.Z0; QArith_base.Qden := BinNums.xH |}) (Qcanon.Q2Qc {| QArith_base.Qnum := BinNums.Zpos BinNums.xH; QArith_base.Qden := BinNums.xH |}) Qcanon.Qcplus Qcanon.Qcmult Qcanon.Qcminus Qcanon.Qcopp
  (InitialRing.gen_phiZ (Qcanon.Q2Qc {| QArith_base.Qnum := BinNums.Z0; QArith_base.Qden := BinNums.xH |}) (Qcanon.Q2Qc {| QArith_base.Qnum := BinNums.Zpos BinNums.xH; QArith_base.Qden := BinNums.xH |}) Qcanon.Qcplus Qcanon.Qcmult Qcanon.Qcopp) Ring_theory.id_phi_N
  (Ring_theory.pow_N (Qcanon.Q2Qc {| QArith_base.Qnum := BinNums.Zpos BinNums.xH; QArith_base.Qden := BinNums.xH |}) Qcanon.Qcmult) l pe1 =
Ring_polynom.PEeval (Qcanon.Q2Qc {| QArith_base.Qnum := BinNums.Z0; QArith_base.Qden := BinNums.xH |}) (Qcanon.Q2Qc {| QArith_base.Qnum := BinNums.Zpos BinNums.xH; QArith_base.Qden := BinNums.xH |}) Qcanon.Qcplus Qcanon.Qcmult Qcanon.Qcminus Qcanon.Qcopp
  (InitialRing.gen_phiZ (Qcanon.Q2Qc {| QArith_base.Qnum := BinNums.Z0; QArith_base.Qden := BinNums.xH |}) (Qcanon.Q2Qc {| QArith_base.Qnum := BinNums.Zpos BinNums.xH; QArith_base.Qden := BinNums.xH |}) Qcanon.Qcplus Qcanon.Qcmult Qcanon.Qcopp) Ring_theory.id_phi_N
  (Ring_theory.pow_N (Qcanon.Q2Qc {| QArith_base.Qnum := BinNums.Zpos BinNums.xH; QArith_base.Qden := BinNums.xH |}) Qcanon.Qcmult) l pe2
numbers.Qc_lt_strict :
RelationClasses.StrictOrder Qcanon.Qclt
numbers.Qc_lt_pi :
forall x y : Qcanon.Qc, base.ProofIrrel (Qcanon.Qclt x y)
numbers.Qc_le_po :
base.PartialOrder Qcanon.Qcle
Qcanon.Qc_is_canon :
forall q q' : Qcanon.Qc, QArith_base.Qeq (Qcanon.this q) (Qcanon.this q') -> q = q'
Qcanon.Q_apart_0_1 :
Qcanon.Q2Qc {| QArith_base.Qnum := BinNums.Zpos BinNums.xH; QArith_base.Qden := BinNums.xH |} <> Qcanon.Q2Qc {| QArith_base.Qnum := BinNums.Z0; QArith_base.Qden := BinNums.xH |}
QArith_base.Q_Setoid :
RelationClasses.Equivalence QArith_base.Qeq
Ring_polynom.Psub_opp :
forall (R : Type) (rO rI : R) (radd rmul rsub : R -> R -> R) (ropp : R -> R) (req : R -> R -> Prop),
RelationClasses.Equivalence req ->
Ring_theory.ring_eq_ext radd rmul ropp req ->
Ring_theory.almost_ring_theory rO rI radd rmul rsub ropp req ->
forall (C : Type) (cO cI : C) (cadd cmul csub : C -> C -> C) (copp : C -> C) (ceqb : C -> C -> bool) (phi : C -> R),
Ring_theory.ring_morph rO rI radd rmul rsub ropp req cO cI cadd cmul csub copp ceqb phi -> forall P' P : Ring_polynom.Pol C, Ring_polynom.Pequiv rO radd rmul req phi (Ring_polynom.Psub cO cadd csub copp ceqb P P') (Ring_polynom.Padd cO cadd ceqb P (Ring_polynom.Popp copp P'))
Ring_polynom.Psub_ok :
forall (R : Type) (rO rI : R) (radd rmul rsub : R -> R -> R) (ropp : R -> R) (req : R -> R -> Prop),
RelationClasses.Equivalence req ->
Ring_theory.ring_eq_ext radd rmul ropp req ->
Ring_theory.almost_ring_theory rO rI radd rmul rsub ropp req ->
forall (C : Type) (cO cI : C) (cadd cmul csub : C -> C -> C) (copp : C -> C) (ceqb : C -> C -> bool) (phi : C -> R),
Ring_theory.ring_morph rO rI radd rmul rsub ropp req cO cI cadd cmul csub copp ceqb phi ->
forall (P' P : Ring_polynom.Pol C) (l : list R), req (Ring_polynom.Pphi rO radd rmul phi l (Ring_polynom.Psub cO cadd csub copp ceqb P P')) (rsub (Ring_polynom.Pphi rO radd rmul phi l P) (Ring_polynom.Pphi rO radd rmul phi l P'))
EnvRing.Psub_ok :
forall (R : Type) (rO rI : R) (radd rmul rsub : R -> R -> R) (ropp : R -> R) (req : R -> R -> Prop),
RelationClasses.Equivalence req ->
Ring_theory.ring_eq_ext radd rmul ropp req ->
Ring_theory.almost_ring_theory rO rI radd rmul rsub ropp req ->
forall (C : Type) (cO cI : C) (cadd cmul csub : C -> C -> C) (copp : C -> C) (ceqb : C -> C -> bool) (phi : C -> R),
Ring_theory.ring_morph rO rI radd rmul rsub ropp req cO cI cadd cmul csub copp ceqb phi -> forall (P' P : EnvRing.Pol C) (l : Env.Env R), req (EnvRing.Pphi radd rmul phi l (EnvRing.Psub cO cadd csub copp ceqb P P')) (rsub (EnvRing.Pphi radd rmul phi l P) (EnvRing.Pphi radd rmul phi l P'))
EnvRing.PsubX_ok :
forall (R : Type) (rO rI : R) (radd rmul rsub : R -> R -> R) (ropp : R -> R) (req : R -> R -> Prop),
RelationClasses.Equivalence req ->
Ring_theory.ring_eq_ext radd rmul ropp req ->
Ring_theory.almost_ring_theory rO rI radd rmul rsub ropp req ->
forall (C : Type) (cO cI : C) (cadd cmul csub : C -> C -> C) (copp : C -> C) (ceqb : C -> C -> bool) (phi : C -> R),
Ring_theory.ring_morph rO rI radd rmul rsub ropp req cO cI cadd cmul csub copp ceqb phi ->
forall (P' P : EnvRing.Pol C) (k : BinNums.positive) (l : Env.Env R),
(forall (P0 : EnvRing.Pol C) (l0 : Env.Env R), req (EnvRing.Pphi radd rmul phi l0 (EnvRing.Psub cO cadd csub copp ceqb P0 P')) (rsub (EnvRing.Pphi radd rmul phi l0 P0) (EnvRing.Pphi radd rmul phi l0 P'))) ->
req (EnvRing.Pphi radd rmul phi l (EnvRing.PsubX cO copp ceqb (EnvRing.Psub cO cadd csub copp ceqb) P' k P)) (rsub (EnvRing.Pphi radd rmul phi l P) (rmul (EnvRing.Pphi radd rmul phi l P') (Ring_theory.pow_pos rmul (Env.hd l) k)))
Ring_polynom.PsubC_ok :
forall (R : Type) (rO rI : R) (radd rmul rsub : R -> R -> R) (ropp : R -> R) (req : R -> R -> Prop),
RelationClasses.Equivalence req ->
Ring_theory.ring_eq_ext radd rmul ropp req ->
Ring_theory.almost_ring_theory rO rI radd rmul rsub ropp req ->
forall (C : Type) (cO cI : C) (cadd cmul csub : C -> C -> C) (copp : C -> C) (ceqb : C -> C -> bool) (phi : C -> R),
Ring_theory.ring_morph rO rI radd rmul rsub ropp req cO cI cadd cmul csub copp ceqb phi -> forall (c : C) (P : Ring_polynom.Pol C) (l : list R), req (Ring_polynom.Pphi rO radd rmul phi l (Ring_polynom.PsubC csub P c)) (rsub (Ring_polynom.Pphi rO radd rmul phi l P) (phi c))
EnvRing.PsubC_ok :
forall (R : Type) (rO rI : R) (radd rmul rsub : R -> R -> R) (ropp : R -> R) (req : R -> R -> Prop),
RelationClasses.Equivalence req ->
Ring_theory.ring_eq_ext radd rmul ropp req ->
Ring_theory.almost_ring_theory rO rI radd rmul rsub ropp req ->
forall (C : Type) (cO cI : C) (cadd cmul csub : C -> C -> C) (copp : C -> C) (ceqb : C -> C -> bool) (phi : C -> R),
Ring_theory.ring_morph rO rI radd rmul rsub ropp req cO cI cadd cmul csub copp ceqb phi -> forall (c : C) (P : EnvRing.Pol C) (l : Env.Env R), req (EnvRing.Pphi radd rmul phi l (EnvRing.PsubC csub P c)) (rsub (EnvRing.Pphi radd rmul phi l P) (phi c))
EnvRing.Psquare_ok :
forall (R : Type) (rO rI : R) (radd rmul rsub : R -> R -> R) (ropp : R -> R) (req : R -> R -> Prop),
RelationClasses.Equivalence req ->
Ring_theory.ring_eq_ext radd rmul ropp req ->
Ring_theory.almost_ring_theory rO rI radd rmul rsub ropp req ->
forall (C : Type) (cO cI : C) (cadd cmul csub : C -> C -> C) (copp : C -> C) (ceqb : C -> C -> bool) (phi : C -> R),
Ring_theory.ring_morph rO rI radd rmul rsub ropp req cO cI cadd cmul csub copp ceqb phi -> forall (P : EnvRing.Pol C) (l : Env.Env R), req (EnvRing.Pphi radd rmul phi l (EnvRing.Psquare cO cI cadd cmul ceqb P)) (rmul (EnvRing.Pphi radd rmul phi l P) (EnvRing.Pphi radd rmul phi l P))
PeanoNat.Nat.Proper_instance_0 :
Morphisms.Proper (Morphisms.respectful eq (Morphisms.respectful eq iff)) le
list_relations.Proper_instance_0 :
forall A : Type, Morphisms.Proper (Morphisms.respectful Permutation.Permutation (Morphisms.respectful Permutation.Permutation iff)) list_relations.submseteq
rv64d_types.Privilege_num_of_roundtrip :
forall x : rv64d_types.Privilege, rv64d_types.Privilege_of_num (rv64d_types.num_of_Privilege x) = x
ZArithRing.Private_proj1_eqb_eq :
forall x y : BinNums.Z, BinInt.Z.eqb x y = true -> x = y
list_relations.PreOrder_instance_0 :
forall A : Type, RelationClasses.PreOrder list_relations.submseteq
base.PreOrder_instance_0 :
forall A : Type, RelationClasses.PreOrder eq
Ring_polynom.Ppow_pos_ok :
forall (R : Type) (rO rI : R) (radd rmul rsub : R -> R -> R) (ropp : R -> R) (req : R -> R -> Prop),
RelationClasses.Equivalence req ->
Ring_theory.ring_eq_ext radd rmul ropp req ->
Ring_theory.almost_ring_theory rO rI radd rmul rsub ropp req ->
forall (C : Type) (cO cI : C) (cadd cmul csub : C -> C -> C) (copp : C -> C) (ceqb : C -> C -> bool) (phi : C -> R),
Ring_theory.ring_morph rO rI radd rmul rsub ropp req cO cI cadd cmul csub copp ceqb phi ->
forall (subst_l : Ring_polynom.Pol C -> Ring_polynom.Pol C) (l : list R),
(forall P : Ring_polynom.Pol C, req (Ring_polynom.Pphi rO radd rmul phi l (subst_l P)) (Ring_polynom.Pphi rO radd rmul phi l P)) ->
forall (res P : Ring_polynom.Pol C) (p : BinNums.positive),
req (Ring_polynom.Pphi rO radd rmul phi l (Ring_polynom.Ppow_pos cO cI cadd cmul ceqb subst_l res P p)) (rmul (Ring_polynom.Pphi rO radd rmul phi l res) (Ring_polynom.Pphi rO radd rmul phi l (Ring_theory.pow_pos (Ring_polynom.Pmul cO cI cadd cmul ceqb) P p)))
EnvRing.Ppow_pos_ok :
forall (R : Type) (rO rI : R) (radd rmul rsub : R -> R -> R) (ropp : R -> R) (req : R -> R -> Prop),
RelationClasses.Equivalence req ->
Ring_theory.ring_eq_ext radd rmul ropp req ->
Ring_theory.almost_ring_theory rO rI radd rmul rsub ropp req ->
forall (C : Type) (cO cI : C) (cadd cmul csub : C -> C -> C) (copp : C -> C) (ceqb : C -> C -> bool) (phi : C -> R),
Ring_theory.ring_morph rO rI radd rmul rsub ropp req cO cI cadd cmul csub copp ceqb phi ->
forall (subst_l : EnvRing.Pol C -> EnvRing.Pol C) (l : Env.Env R),
(forall P : EnvRing.Pol C, req (EnvRing.Pphi radd rmul phi l (subst_l P)) (EnvRing.Pphi radd rmul phi l P)) ->
forall (res P : EnvRing.Pol C) (p : BinNums.positive), req (EnvRing.Pphi radd rmul phi l (EnvRing.Ppow_pos cO cI cadd cmul ceqb subst_l res P p)) (rmul (EnvRing.Pphi radd rmul phi l res) (EnvRing.Pphi radd rmul phi l (Ring_theory.pow_pos (EnvRing.Pmul cO cI cadd cmul ceqb) P p)))
Ring_polynom.Ppow_N_ok :
forall (R : Type) (rO rI : R) (radd rmul rsub : R -> R -> R) (ropp : R -> R) (req : R -> R -> Prop),
RelationClasses.Equivalence req ->
Ring_theory.ring_eq_ext radd rmul ropp req ->
Ring_theory.almost_ring_theory rO rI radd rmul rsub ropp req ->
forall (C : Type) (cO cI : C) (cadd cmul csub : C -> C -> C) (copp : C -> C) (ceqb : C -> C -> bool) (phi : C -> R),
Ring_theory.ring_morph rO rI radd rmul rsub ropp req cO cI cadd cmul csub copp ceqb phi ->
forall (subst_l : Ring_polynom.Pol C -> Ring_polynom.Pol C) (l : list R),
(forall P : Ring_polynom.Pol C, req (Ring_polynom.Pphi rO radd rmul phi l (subst_l P)) (Ring_polynom.Pphi rO radd rmul phi l P)) ->
forall (P : Ring_polynom.Pol C) (n : BinNums.N), req (Ring_polynom.Pphi rO radd rmul phi l (Ring_polynom.Ppow_N cO cI cadd cmul ceqb subst_l P n)) (Ring_polynom.Pphi rO radd rmul phi l (Ring_theory.pow_N (Ring_polynom.P1 cI) (Ring_polynom.Pmul cO cI cadd cmul ceqb) P n))
EnvRing.Ppow_N_ok :
forall (R : Type) (rO rI : R) (radd rmul rsub : R -> R -> R) (ropp : R -> R) (req : R -> R -> Prop),
RelationClasses.Equivalence req ->
Ring_theory.ring_eq_ext radd rmul ropp req ->
Ring_theory.almost_ring_theory rO rI radd rmul rsub ropp req ->
forall (C : Type) (cO cI : C) (cadd cmul csub : C -> C -> C) (copp : C -> C) (ceqb : C -> C -> bool) (phi : C -> R),
Ring_theory.ring_morph rO rI radd rmul rsub ropp req cO cI cadd cmul csub copp ceqb phi ->
forall (subst_l : EnvRing.Pol C -> EnvRing.Pol C) (l : Env.Env R),
(forall P : EnvRing.Pol C, req (EnvRing.Pphi radd rmul phi l (subst_l P)) (EnvRing.Pphi radd rmul phi l P)) ->
forall (P : EnvRing.Pol C) (n : BinNums.N), req (EnvRing.Pphi radd rmul phi l (EnvRing.Ppow_N cO cI cadd cmul ceqb subst_l P n)) (EnvRing.Pphi radd rmul phi l (Ring_theory.pow_N (EnvRing.P1 cI) (EnvRing.Pmul cO cI cadd cmul ceqb) P n))
BinPos.Pplus_one_succ_r :
forall p : BinNums.positive, BinPos.Pos.succ p = BinPos.Pos.add p BinNums.xH
BinPos.Pplus_one_succ_l :
forall p : BinNums.positive, BinPos.Pos.succ p = BinPos.Pos.add BinNums.xH p
Ring_polynom.Pphi_pow_ok :
forall (R : Type) (rO rI : R) (radd rmul rsub : R -> R -> R) (ropp : R -> R) (req : R -> R -> Prop),
RelationClasses.Equivalence req ->
Ring_theory.ring_eq_ext radd rmul ropp req ->
Ring_theory.almost_ring_theory rO rI radd rmul rsub ropp req ->
forall (C : Type) (cO cI : C) (cadd cmul csub : C -> C -> C) (copp : C -> C) (ceqb : C -> C -> bool) (phi : C -> R),
Ring_theory.ring_morph rO rI radd rmul rsub ropp req cO cI cadd cmul csub copp ceqb phi ->
forall (Cpow : Type) (Cp_phi : BinNums.N -> Cpow) (rpow : R -> Cpow -> R),
Ring_theory.power_theory rI rmul req Cp_phi rpow ->
forall get_sign : C -> option C, Ring_theory.sign_theory copp ceqb get_sign -> forall (P : Ring_polynom.Pol C) (fv : list R), req (Ring_polynom.Pphi_pow rO rI radd rmul rsub ropp cO cI ceqb phi Cp_phi rpow get_sign fv P) (Ring_polynom.Pphi rO radd rmul phi fv P)
Ring_polynom.Pphi_ext :
forall (R : Type) (rO : R) (radd rmul : R -> R -> R) (req : R -> R -> Prop) (C : Type) (phi : C -> R), Morphisms.Proper (Morphisms.respectful eq (Morphisms.respectful (Ring_polynom.Pequiv rO radd rmul req phi) req)) (Ring_polynom.Pphi rO radd rmul phi)
Ring_polynom.Pphi_avoid_ok :
forall (R : Type) (rO rI : R) (radd rmul rsub : R -> R -> R) (ropp : R -> R) (req : R -> R -> Prop),
RelationClasses.Equivalence req ->
Ring_theory.ring_eq_ext radd rmul ropp req ->
Ring_theory.almost_ring_theory rO rI radd rmul rsub ropp req ->
forall (C : Type) (cO cI : C) (cadd cmul csub : C -> C -> C) (copp : C -> C) (ceqb : C -> C -> bool) (phi : C -> R),
Ring_theory.ring_morph rO rI radd rmul rsub ropp req cO cI cadd cmul csub copp ceqb phi ->
forall get_sign : C -> option C,
Ring_theory.sign_theory copp ceqb get_sign ->
forall (mkpow mkopp_pow : R -> BinNums.positive -> R) (mkmult_pow : R -> R -> BinNums.positive -> R),
(forall (r : R) (p : BinNums.positive), req (mkpow r p) (Ring_theory.pow_pos rmul r p)) ->
(forall (r : R) (p : BinNums.positive), req (mkopp_pow r p) (ropp (Ring_theory.pow_pos rmul r p))) ->
(forall (r x : R) (p : BinNums.positive), req (mkmult_pow r x p) (rmul r (Ring_theory.pow_pos rmul x p))) ->
forall (P : Ring_polynom.Pol C) (fv : list R), req (Ring_polynom.Pphi_avoid rO rI radd rsub ropp cO cI ceqb phi get_sign mkpow mkopp_pow mkmult_pow fv P) (Ring_polynom.Pphi rO radd rmul phi fv P)
Ring_polynom.Pphi1 :
forall (R : Type) (rO rI : R) (radd rmul rsub : R -> R -> R) (ropp : R -> R) (req : R -> R -> Prop) (C : Type) (cO cI : C) (cadd cmul csub : C -> C -> C) (copp : C -> C) (ceqb : C -> C -> bool) (phi : C -> R),
Ring_theory.ring_morph rO rI radd rmul rsub ropp req cO cI cadd cmul csub copp ceqb phi -> forall l : list R, req (Ring_polynom.Pphi rO radd rmul phi l (Ring_polynom.P1 cI)) rI
EnvRing.Pphi1 :
forall (R : Type) (rO rI : R) (radd rmul rsub : R -> R -> R) (ropp : R -> R) (req : R -> R -> Prop) (C : Type) (cO cI : C) (cadd cmul csub : C -> C -> C) (copp : C -> C) (ceqb : C -> C -> bool) (phi : C -> R),
Ring_theory.ring_morph rO rI radd rmul rsub ropp req cO cI cadd cmul csub copp ceqb phi -> forall l : Env.Env R, req (EnvRing.Pphi radd rmul phi l (EnvRing.P1 cI)) rI
Ring_polynom.Pphi0 :
forall (R : Type) (rO rI : R) (radd rmul rsub : R -> R -> R) (ropp : R -> R) (req : R -> R -> Prop) (C : Type) (cO cI : C) (cadd cmul csub : C -> C -> C) (copp : C -> C) (ceqb : C -> C -> bool) (phi : C -> R),
Ring_theory.ring_morph rO rI radd rmul rsub ropp req cO cI cadd cmul csub copp ceqb phi -> forall l : list R, req (Ring_polynom.Pphi rO radd rmul phi l (Ring_polynom.P0 cO)) rO
EnvRing.Pphi0 :
forall (R : Type) (rO rI : R) (radd rmul rsub : R -> R -> R) (ropp : R -> R) (req : R -> R -> Prop) (C : Type) (cO cI : C) (cadd cmul csub : C -> C -> C) (copp : C -> C) (ceqb : C -> C -> bool) (phi : C -> R),
Ring_theory.ring_morph rO rI radd rmul rsub ropp req cO cI cadd cmul csub copp ceqb phi -> forall l : Env.Env R, req (EnvRing.Pphi radd rmul phi l (EnvRing.P0 cO)) rO
Ring_polynom.Popp_ok :
forall (R : Type) (rO rI : R) (radd rmul rsub : R -> R -> R) (ropp : R -> R) (req : R -> R -> Prop),
RelationClasses.Equivalence req ->
Ring_theory.ring_eq_ext radd rmul ropp req ->
Ring_theory.almost_ring_theory rO rI radd rmul rsub ropp req ->
forall (C : Type) (cO cI : C) (cadd cmul csub : C -> C -> C) (copp : C -> C) (ceqb : C -> C -> bool) (phi : C -> R),
Ring_theory.ring_morph rO rI radd rmul rsub ropp req cO cI cadd cmul csub copp ceqb phi -> forall (P : Ring_polynom.Pol C) (l : list R), req (Ring_polynom.Pphi rO radd rmul phi l (Ring_polynom.Popp copp P)) (ropp (Ring_polynom.Pphi rO radd rmul phi l P))
EnvRing.Popp_ok :
forall (R : Type) (rO rI : R) (radd rmul rsub : R -> R -> R) (ropp : R -> R) (req : R -> R -> Prop),
RelationClasses.Equivalence req ->
Ring_theory.ring_eq_ext radd rmul ropp req ->
Ring_theory.almost_ring_theory rO rI radd rmul rsub ropp req ->
forall (C : Type) (cO cI : C) (cadd cmul csub : C -> C -> C) (copp : C -> C) (ceqb : C -> C -> bool) (phi : C -> R),
Ring_theory.ring_morph rO rI radd rmul rsub ropp req cO cI cadd cmul csub copp ceqb phi -> forall (P : EnvRing.Pol C) (l : Env.Env R), req (EnvRing.Pphi radd rmul phi l (EnvRing.Popp copp P)) (ropp (EnvRing.Pphi radd rmul phi l P))
Ring_polynom.Pmul_ok :
forall (R : Type) (rO rI : R) (radd rmul rsub : R -> R -> R) (ropp : R -> R) (req : R -> R -> Prop),
RelationClasses.Equivalence req ->
Ring_theory.ring_eq_ext radd rmul ropp req ->
Ring_theory.almost_ring_theory rO rI radd rmul rsub ropp req ->
forall (C : Type) (cO cI : C) (cadd cmul csub : C -> C -> C) (copp : C -> C) (ceqb : C -> C -> bool) (phi : C -> R),
Ring_theory.ring_morph rO rI radd rmul rsub ropp req cO cI cadd cmul csub copp ceqb phi ->
forall (P P' : Ring_polynom.Pol C) (l : list R), req (Ring_polynom.Pphi rO radd rmul phi l (Ring_polynom.Pmul cO cI cadd cmul ceqb P P')) (rmul (Ring_polynom.Pphi rO radd rmul phi l P) (Ring_polynom.Pphi rO radd rmul phi l P'))
EnvRing.Pmul_ok :
forall (R : Type) (rO rI : R) (radd rmul rsub : R -> R -> R) (ropp : R -> R) (req : R -> R -> Prop),
RelationClasses.Equivalence req ->
Ring_theory.ring_eq_ext radd rmul ropp req ->
Ring_theory.almost_ring_theory rO rI radd rmul rsub ropp req ->
forall (C : Type) (cO cI : C) (cadd cmul csub : C -> C -> C) (copp : C -> C) (ceqb : C -> C -> bool) (phi : C -> R),
Ring_theory.ring_morph rO rI radd rmul rsub ropp req cO cI cadd cmul csub copp ceqb phi -> forall (P P' : EnvRing.Pol C) (l : Env.Env R), req (EnvRing.Pphi radd rmul phi l (EnvRing.Pmul cO cI cadd cmul ceqb P P')) (rmul (EnvRing.Pphi radd rmul phi l P) (EnvRing.Pphi radd rmul phi l P'))
Ring_polynom.PmulI_ok :
forall (R : Type) (rO rI : R) (radd rmul rsub : R -> R -> R) (ropp : R -> R) (req : R -> R -> Prop),
RelationClasses.Equivalence req ->
Ring_theory.ring_eq_ext radd rmul ropp req ->
Ring_theory.almost_ring_theory rO rI radd rmul rsub ropp req ->
forall (C : Type) (cO cI : C) (cadd cmul csub : C -> C -> C) (copp : C -> C) (ceqb : C -> C -> bool) (phi : C -> R),
Ring_theory.ring_morph rO rI radd rmul rsub ropp req cO cI cadd cmul csub copp ceqb phi ->
forall P' : Ring_polynom.Pol C,
(forall (P : Ring_polynom.Pol C) (l : list R), req (Ring_polynom.Pphi rO radd rmul phi l (Ring_polynom.Pmul cO cI cadd cmul ceqb P P')) (rmul (Ring_polynom.Pphi rO radd rmul phi l P) (Ring_polynom.Pphi rO radd rmul phi l P'))) ->
forall (P : Ring_polynom.Pol C) (p : BinNums.positive) (l : list R),
req (Ring_polynom.Pphi rO radd rmul phi l (Ring_polynom.PmulI cO cI cmul ceqb (Ring_polynom.Pmul cO cI cadd cmul ceqb) P' p P)) (rmul (Ring_polynom.Pphi rO radd rmul phi l P) (Ring_polynom.Pphi rO radd rmul phi (BinList.jump p l) P'))
EnvRing.PmulI_ok :
forall (R : Type) (rO rI : R) (radd rmul rsub : R -> R -> R) (ropp : R -> R) (req : R -> R -> Prop),
RelationClasses.Equivalence req ->
Ring_theory.ring_eq_ext radd rmul ropp req ->
Ring_theory.almost_ring_theory rO rI radd rmul rsub ropp req ->
forall (C : Type) (cO cI : C) (cadd cmul csub : C -> C -> C) (copp : C -> C) (ceqb : C -> C -> bool) (phi : C -> R),
Ring_theory.ring_morph rO rI radd rmul rsub ropp req cO cI cadd cmul csub copp ceqb phi ->
forall P' : EnvRing.Pol C,
(forall (P : EnvRing.Pol C) (l : Env.Env R), req (EnvRing.Pphi radd rmul phi l (EnvRing.Pmul cO cI cadd cmul ceqb P P')) (rmul (EnvRing.Pphi radd rmul phi l P) (EnvRing.Pphi radd rmul phi l P'))) ->
forall (P : EnvRing.Pol C) (p : BinNums.positive) (l : Env.Env R), req (EnvRing.Pphi radd rmul phi l (EnvRing.PmulI cO cI cmul ceqb (EnvRing.Pmul cO cI cadd cmul ceqb) P' p P)) (rmul (EnvRing.Pphi radd rmul phi l P) (EnvRing.Pphi radd rmul phi (Env.jump p l) P'))
Ring_polynom.PmulC_ok :
forall (R : Type) (rO rI : R) (radd rmul rsub : R -> R -> R) (ropp : R -> R) (req : R -> R -> Prop),
RelationClasses.Equivalence req ->
Ring_theory.ring_eq_ext radd rmul ropp req ->
Ring_theory.almost_ring_theory rO rI radd rmul rsub ropp req ->
forall (C : Type) (cO cI : C) (cadd cmul csub : C -> C -> C) (copp : C -> C) (ceqb : C -> C -> bool) (phi : C -> R),
Ring_theory.ring_morph rO rI radd rmul rsub ropp req cO cI cadd cmul csub copp ceqb phi -> forall (c : C) (P : Ring_polynom.Pol C) (l : list R), req (Ring_polynom.Pphi rO radd rmul phi l (Ring_polynom.PmulC cO cI cmul ceqb P c)) (rmul (Ring_polynom.Pphi rO radd rmul phi l P) (phi c))
EnvRing.PmulC_ok :
forall (R : Type) (rO rI : R) (radd rmul rsub : R -> R -> R) (ropp : R -> R) (req : R -> R -> Prop),
RelationClasses.Equivalence req ->
Ring_theory.ring_eq_ext radd rmul ropp req ->
Ring_theory.almost_ring_theory rO rI radd rmul rsub ropp req ->
forall (C : Type) (cO cI : C) (cadd cmul csub : C -> C -> C) (copp : C -> C) (ceqb : C -> C -> bool) (phi : C -> R),
Ring_theory.ring_morph rO rI radd rmul rsub ropp req cO cI cadd cmul csub copp ceqb phi -> forall (c : C) (P : EnvRing.Pol C) (l : Env.Env R), req (EnvRing.Pphi radd rmul phi l (EnvRing.PmulC cO cI cmul ceqb P c)) (rmul (EnvRing.Pphi radd rmul phi l P) (phi c))
Ring_polynom.PmulC_aux_ok :
forall (R : Type) (rO rI : R) (radd rmul rsub : R -> R -> R) (ropp : R -> R) (req : R -> R -> Prop),
RelationClasses.Equivalence req ->
Ring_theory.ring_eq_ext radd rmul ropp req ->
Ring_theory.almost_ring_theory rO rI radd rmul rsub ropp req ->
forall (C : Type) (cO cI : C) (cadd cmul csub : C -> C -> C) (copp : C -> C) (ceqb : C -> C -> bool) (phi : C -> R),
Ring_theory.ring_morph rO rI radd rmul rsub ropp req cO cI cadd cmul csub copp ceqb phi -> forall (c : C) (P : Ring_polynom.Pol C) (l : list R), req (Ring_polynom.Pphi rO radd rmul phi l (Ring_polynom.PmulC_aux cO cmul ceqb P c)) (rmul (Ring_polynom.Pphi rO radd rmul phi l P) (phi c))
EnvRing.PmulC_aux_ok :
forall (R : Type) (rO rI : R) (radd rmul rsub : R -> R -> R) (ropp : R -> R) (req : R -> R -> Prop),
RelationClasses.Equivalence req ->
Ring_theory.ring_eq_ext radd rmul ropp req ->
Ring_theory.almost_ring_theory rO rI radd rmul rsub ropp req ->
forall (C : Type) (cO cI : C) (cadd cmul csub : C -> C -> C) (copp : C -> C) (ceqb : C -> C -> bool) (phi : C -> R),
Ring_theory.ring_morph rO rI radd rmul rsub ropp req cO cI cadd cmul csub copp ceqb phi -> forall (c : C) (P : EnvRing.Pol C) (l : Env.Env R), req (EnvRing.Pphi radd rmul phi l (EnvRing.PmulC_aux cO cmul ceqb P c)) (rmul (EnvRing.Pphi radd rmul phi l P) (phi c))
rv64d_types.PmpAddrMatchType_num_of_roundtrip :
forall x : rv64d_types.PmpAddrMatchType, rv64d_types.PmpAddrMatchType_of_num (rv64d_types.num_of_PmpAddrMatchType x) = x
EnvRing.Pjump_xO_tail :
forall (R : Type) (radd rmul : R -> R -> R) (C : Type) (phi : C -> R) (P : EnvRing.Pol C) (p : BinNums.positive) (l : Env.Env R), EnvRing.Pphi radd rmul phi (Env.jump (BinNums.xO p) (Env.tail l)) P = EnvRing.Pphi radd rmul phi (Env.jump (BinNums.xI p) l) P
EnvRing.Pjump_pred_double :
forall (R : Type) (radd rmul : R -> R -> R) (C : Type) (phi : C -> R) (P : EnvRing.Pol C) (p : BinNums.positive) (l : Env.Env R), EnvRing.Pphi radd rmul phi (Env.jump (BinPos.Pos.pred_double p) (Env.tail l)) P = EnvRing.Pphi radd rmul phi (Env.jump (BinNums.xO p) l) P
EnvRing.Pjump_add :
forall (R : Type) (radd rmul : R -> R -> R) (C : Type) (phi : C -> R) (P : EnvRing.Pol C) (i j : BinNums.positive) (l : Env.Env R), EnvRing.Pphi radd rmul phi (Env.jump (BinPos.Pos.add i j) l) P = EnvRing.Pphi radd rmul phi (Env.jump j (Env.jump i l)) P
Permutation.Permutation_trans :
forall (A : Type) (l l' l'' : list A), Permutation.Permutation l l' -> Permutation.Permutation l' l'' -> Permutation.Permutation l l''
Permutation.Permutation_sym :
forall (A : Type) (l l' : list A), Permutation.Permutation l l' -> Permutation.Permutation l' l
list_relations.Permutation_submseteq :
forall (A : Type) (l1 l2 : list A), Permutation.Permutation l1 l2 -> list_relations.submseteq l1 l2
Permutation.Permutation_refl :
forall (A : Type) (l : list A), Permutation.Permutation l l
list_relations.Permutation_nil_r :
forall (A : Type) (l : list A), Permutation.Permutation l nil <-> l = nil
Permutation.Permutation_nil :
forall (A : Type) (l : list A), Permutation.Permutation nil l -> l = nil
Permutation.Permutation_middle :
forall (A : Type) (l1 l2 : list A) (a : A), Permutation.Permutation (a :: l1 ++ l2) (l1 ++ a :: l2)
Permutation.Permutation_cons_append :
forall (A : Type) (l : list A) (x : A), Permutation.Permutation (x :: l) (l ++ x :: nil)
Permutation.Permutation_cons_app :
forall (A : Type) (l l1 l2 : list A) (a : A), Permutation.Permutation l (l1 ++ l2) -> Permutation.Permutation (a :: l) (l1 ++ a :: l2)
Permutation.Permutation_cons :
forall A : Type, Morphisms.Proper (Morphisms.respectful eq (Morphisms.respectful Permutation.Permutation Permutation.Permutation)) cons
Permutation.Permutation_app_tail :
forall (A : Type) (l l' tl : list A), Permutation.Permutation l l' -> Permutation.Permutation (l ++ tl) (l' ++ tl)
Permutation.Permutation_app_head :
forall (A : Type) (l tl tl' : list A), Permutation.Permutation tl tl' -> Permutation.Permutation (l ++ tl) (l ++ tl')
Permutation.Permutation_app' :
forall A : Type, Morphisms.Proper (Morphisms.respectful Permutation.Permutation (Morphisms.respectful Permutation.Permutation Permutation.Permutation)) app
Permutation.Permutation_app :
forall (A : Type) (l m l' m' : list A), Permutation.Permutation l l' -> Permutation.Permutation m m' -> Permutation.Permutation (l ++ m) (l' ++ m')
Ring_polynom.Pequiv_eq :
forall (R : Type) (rO : R) (radd rmul : R -> R -> R) (req : R -> R -> Prop), RelationClasses.Equivalence req -> forall (C : Type) (phi : C -> R), RelationClasses.Equivalence (Ring_polynom.Pequiv rO radd rmul req phi)
Ring_polynom.Peq_spec :
forall (R : Type) (rO rI : R) (radd rmul rsub : R -> R -> R) (ropp : R -> R) (req : R -> R -> Prop),
RelationClasses.Equivalence req ->
Ring_theory.ring_eq_ext radd rmul ropp req ->
forall (C : Type) (cO cI : C) (cadd cmul csub : C -> C -> C) (copp : C -> C) (ceqb : C -> C -> bool) (phi : C -> R),
Ring_theory.ring_morph rO rI radd rmul rsub ropp req cO cI cadd cmul csub copp ceqb phi -> forall P P' : Ring_polynom.Pol C, BoolSpec (Ring_polynom.Pequiv rO radd rmul req phi P P') True (Ring_polynom.Peq ceqb P P')
EnvRing.Peq_spec :
forall (R : Type) (rO rI : R) (radd rmul rsub : R -> R -> R) (ropp : R -> R) (req : R -> R -> Prop),
RelationClasses.Equivalence req ->
Ring_theory.ring_eq_ext radd rmul ropp req ->
forall (C : Type) (cO cI : C) (cadd cmul csub : C -> C -> C) (copp : C -> C) (ceqb : C -> C -> bool) (phi : C -> R),
Ring_theory.ring_morph rO rI radd rmul rsub ropp req cO cI cadd cmul csub copp ceqb phi -> forall P P' : EnvRing.Pol C, BoolSpec (forall l : Env.Env R, req (EnvRing.Pphi radd rmul phi l P) (EnvRing.Pphi radd rmul phi l P')) True (EnvRing.Peq ceqb P P')
Ring_polynom.Peq_ok :
forall (R : Type) (rO rI : R) (radd rmul rsub : R -> R -> R) (ropp : R -> R) (req : R -> R -> Prop),
RelationClasses.Equivalence req ->
Ring_theory.ring_eq_ext radd rmul ropp req ->
forall (C : Type) (cO cI : C) (cadd cmul csub : C -> C -> C) (copp : C -> C) (ceqb : C -> C -> bool) (phi : C -> R),
Ring_theory.ring_morph rO rI radd rmul rsub ropp req cO cI cadd cmul csub copp ceqb phi -> forall P P' : Ring_polynom.Pol C, Ring_polynom.Peq ceqb P P' = true -> Ring_polynom.Pequiv rO radd rmul req phi P P'
EnvRing.Peq_ok :
forall (R : Type) (rO rI : R) (radd rmul rsub : R -> R -> R) (ropp : R -> R) (req : R -> R -> Prop),
RelationClasses.Equivalence req ->
Ring_theory.ring_eq_ext radd rmul ropp req ->
forall (C : Type) (cO cI : C) (cadd cmul csub : C -> C -> C) (copp : C -> C) (ceqb : C -> C -> bool) (phi : C -> R),
Ring_theory.ring_morph rO rI radd rmul rsub ropp req cO cI cadd cmul csub copp ceqb phi -> forall P P' : EnvRing.Pol C, EnvRing.Peq ceqb P P' = true -> forall l : Env.Env R, req (EnvRing.Pphi radd rmul phi l P) (EnvRing.Pphi radd rmul phi l P')
Ring_polynom.Padd_ok :
forall (R : Type) (rO rI : R) (radd rmul rsub : R -> R -> R) (ropp : R -> R) (req : R -> R -> Prop),
RelationClasses.Equivalence req ->
Ring_theory.ring_eq_ext radd rmul ropp req ->
Ring_theory.almost_ring_theory rO rI radd rmul rsub ropp req ->
forall (C : Type) (cO cI : C) (cadd cmul csub : C -> C -> C) (copp : C -> C) (ceqb : C -> C -> bool) (phi : C -> R),
Ring_theory.ring_morph rO rI radd rmul rsub ropp req cO cI cadd cmul csub copp ceqb phi ->
forall (P' P : Ring_polynom.Pol C) (l : list R), req (Ring_polynom.Pphi rO radd rmul phi l (Ring_polynom.Padd cO cadd ceqb P P')) (radd (Ring_polynom.Pphi rO radd rmul phi l P) (Ring_polynom.Pphi rO radd rmul phi l P'))
EnvRing.Padd_ok :
forall (R : Type) (rO rI : R) (radd rmul rsub : R -> R -> R) (ropp : R -> R) (req : R -> R -> Prop),
RelationClasses.Equivalence req ->
Ring_theory.ring_eq_ext radd rmul ropp req ->
Ring_theory.almost_ring_theory rO rI radd rmul rsub ropp req ->
forall (C : Type) (cO cI : C) (cadd cmul csub : C -> C -> C) (copp : C -> C) (ceqb : C -> C -> bool) (phi : C -> R),
Ring_theory.ring_morph rO rI radd rmul rsub ropp req cO cI cadd cmul csub copp ceqb phi -> forall (P' P : EnvRing.Pol C) (l : Env.Env R), req (EnvRing.Pphi radd rmul phi l (EnvRing.Padd cO cadd ceqb P P')) (radd (EnvRing.Pphi radd rmul phi l P) (EnvRing.Pphi radd rmul phi l P'))
Ring_polynom.PaddX_ok :
forall (R : Type) (rO rI : R) (radd rmul rsub : R -> R -> R) (ropp : R -> R) (req : R -> R -> Prop),
RelationClasses.Equivalence req ->
Ring_theory.ring_eq_ext radd rmul ropp req ->
Ring_theory.almost_ring_theory rO rI radd rmul rsub ropp req ->
forall (C : Type) (cO cI : C) (cadd cmul csub : C -> C -> C) (copp : C -> C) (ceqb : C -> C -> bool) (phi : C -> R),
Ring_theory.ring_morph rO rI radd rmul rsub ropp req cO cI cadd cmul csub copp ceqb phi ->
forall (P' P : Ring_polynom.Pol C) (k : BinNums.positive) (l : list R),
(forall (P0 : Ring_polynom.Pol C) (l0 : list R), req (Ring_polynom.Pphi rO radd rmul phi l0 (Ring_polynom.Padd cO cadd ceqb P0 P')) (radd (Ring_polynom.Pphi rO radd rmul phi l0 P0) (Ring_polynom.Pphi rO radd rmul phi l0 P'))) ->
req (Ring_polynom.Pphi rO radd rmul phi l (Ring_polynom.PaddX cO ceqb (Ring_polynom.Padd cO cadd ceqb) P' k P)) (radd (Ring_polynom.Pphi rO radd rmul phi l P) (rmul (Ring_polynom.Pphi rO radd rmul phi l P') (Ring_theory.pow_pos rmul (List.hd rO l) k)))
EnvRing.PaddX_ok :
forall (R : Type) (rO rI : R) (radd rmul rsub : R -> R -> R) (ropp : R -> R) (req : R -> R -> Prop),
RelationClasses.Equivalence req ->
Ring_theory.ring_eq_ext radd rmul ropp req ->
Ring_theory.almost_ring_theory rO rI radd rmul rsub ropp req ->
forall (C : Type) (cO cI : C) (cadd cmul csub : C -> C -> C) (copp : C -> C) (ceqb : C -> C -> bool) (phi : C -> R),
Ring_theory.ring_morph rO rI radd rmul rsub ropp req cO cI cadd cmul csub copp ceqb phi ->
forall (P' P : EnvRing.Pol C) (k : BinNums.positive) (l : Env.Env R),
(forall (P0 : EnvRing.Pol C) (l0 : Env.Env R), req (EnvRing.Pphi radd rmul phi l0 (EnvRing.Padd cO cadd ceqb P0 P')) (radd (EnvRing.Pphi radd rmul phi l0 P0) (EnvRing.Pphi radd rmul phi l0 P'))) ->
req (EnvRing.Pphi radd rmul phi l (EnvRing.PaddX cO ceqb (EnvRing.Padd cO cadd ceqb) P' k P)) (radd (EnvRing.Pphi radd rmul phi l P) (rmul (EnvRing.Pphi radd rmul phi l P') (Ring_theory.pow_pos rmul (Env.hd l) k)))
Ring_polynom.PaddC_ok :
forall (R : Type) (rO rI : R) (radd rmul rsub : R -> R -> R) (ropp : R -> R) (req : R -> R -> Prop),
RelationClasses.Equivalence req ->
Ring_theory.ring_eq_ext radd rmul ropp req ->
Ring_theory.almost_ring_theory rO rI radd rmul rsub ropp req ->
forall (C : Type) (cO cI : C) (cadd cmul csub : C -> C -> C) (copp : C -> C) (ceqb : C -> C -> bool) (phi : C -> R),
Ring_theory.ring_morph rO rI radd rmul rsub ropp req cO cI cadd cmul csub copp ceqb phi -> forall (c : C) (P : Ring_polynom.Pol C) (l : list R), req (Ring_polynom.Pphi rO radd rmul phi l (Ring_polynom.PaddC cadd P c)) (radd (Ring_polynom.Pphi rO radd rmul phi l P) (phi c))
EnvRing.PaddC_ok :
forall (R : Type) (rO rI : R) (radd rmul rsub : R -> R -> R) (ropp : R -> R) (req : R -> R -> Prop),
RelationClasses.Equivalence req ->
Ring_theory.ring_eq_ext radd rmul ropp req ->
Ring_theory.almost_ring_theory rO rI radd rmul rsub ropp req ->
forall (C : Type) (cO cI : C) (cadd cmul csub : C -> C -> C) (copp : C -> C) (ceqb : C -> C -> bool) (phi : C -> R),
Ring_theory.ring_morph rO rI radd rmul rsub ropp req cO cI cadd cmul csub copp ceqb phi -> forall (c : C) (P : EnvRing.Pol C) (l : Env.Env R), req (EnvRing.Pphi radd rmul phi l (EnvRing.PaddC cadd P c)) (radd (EnvRing.Pphi radd rmul phi l P) (phi c))
Ring_polynom.PX_ext :
forall (R : Type) (rO : R) (radd rmul : R -> R -> R) (ropp : R -> R) (req : R -> R -> Prop),
RelationClasses.Equivalence req ->
Ring_theory.ring_eq_ext radd rmul ropp req ->
forall (C : Type) (phi : C -> R), Morphisms.Proper (Morphisms.respectful (Ring_polynom.Pequiv rO radd rmul req phi) (Morphisms.respectful eq (Morphisms.respectful (Ring_polynom.Pequiv rO radd rmul req phi) (Ring_polynom.Pequiv rO radd rmul req phi)))) (Ring_polynom.PX (C:=C))
Ring_polynom.PSubstL_ok :
forall (R : Type) (rO rI : R) (radd rmul rsub : R -> R -> R) (ropp : R -> R) (req : R -> R -> Prop),
RelationClasses.Equivalence req ->
Ring_theory.ring_eq_ext radd rmul ropp req ->
Ring_theory.almost_ring_theory rO rI radd rmul rsub ropp req ->
forall (C : Type) (cO cI : C) (cadd cmul csub : C -> C -> C) (copp : C -> C) (ceqb : C -> C -> bool) (phi : C -> R),
Ring_theory.ring_morph rO rI radd rmul rsub ropp req cO cI cadd cmul csub copp ceqb phi ->
forall cdiv : C -> C -> C * C,
Ring_theory.div_theory req cadd cmul phi cdiv ->
forall (n : nat) (LM1 : list (C * Ring_polynom.Mon * Ring_polynom.Pol C)) (P1 P2 : Ring_polynom.Pol C) (l : list R),
Ring_polynom.PSubstL cO cI cadd cmul ceqb cdiv P1 LM1 n = Some P2 -> Ring_polynom.MPcond rO rI radd rmul req phi LM1 l -> req (Ring_polynom.Pphi rO radd rmul phi l P1) (Ring_polynom.Pphi rO radd rmul phi l P2)
Ring_polynom.PSubstL1_ok :
forall (R : Type) (rO rI : R) (radd rmul rsub : R -> R -> R) (ropp : R -> R) (req : R -> R -> Prop),
RelationClasses.Equivalence req ->
Ring_theory.ring_eq_ext radd rmul ropp req ->
Ring_theory.almost_ring_theory rO rI radd rmul rsub ropp req ->
forall (C : Type) (cO cI : C) (cadd cmul csub : C -> C -> C) (copp : C -> C) (ceqb : C -> C -> bool) (phi : C -> R),
Ring_theory.ring_morph rO rI radd rmul rsub ropp req cO cI cadd cmul csub copp ceqb phi ->
forall cdiv : C -> C -> C * C,
Ring_theory.div_theory req cadd cmul phi cdiv ->
forall (n : nat) (LM1 : list (C * Ring_polynom.Mon * Ring_polynom.Pol C)) (P1 : Ring_polynom.Pol C) (l : list R),
Ring_polynom.MPcond rO rI radd rmul req phi LM1 l -> req (Ring_polynom.Pphi rO radd rmul phi l P1) (Ring_polynom.Pphi rO radd rmul phi l (Ring_polynom.PSubstL1 cO cI cadd cmul ceqb cdiv P1 LM1 n))
Ring_polynom.POneSubst_ok :
forall (R : Type) (rO rI : R) (radd rmul rsub : R -> R -> R) (ropp : R -> R) (req : R -> R -> Prop),
RelationClasses.Equivalence req ->
Ring_theory.ring_eq_ext radd rmul ropp req ->
Ring_theory.almost_ring_theory rO rI radd rmul rsub ropp req ->
forall (C : Type) (cO cI : C) (cadd cmul csub : C -> C -> C) (copp : C -> C) (ceqb : C -> C -> bool) (phi : C -> R),
Ring_theory.ring_morph rO rI radd rmul rsub ropp req cO cI cadd cmul csub copp ceqb phi ->
forall cdiv : C -> C -> C * C,
Ring_theory.div_theory req cadd cmul phi cdiv ->
forall (P1 : Ring_polynom.Pol C) (cM1 : C * Ring_polynom.Mon) (P2 P3 : Ring_polynom.Pol C) (l : list R),
Ring_polynom.POneSubst cO cI cadd cmul ceqb cdiv P1 cM1 P2 = Some P3 -> req (rmul (phi (fst cM1)) (Ring_polynom.Mphi rO rI rmul l (snd cM1))) (Ring_polynom.Pphi rO radd rmul phi l P2) -> req (Ring_polynom.Pphi rO radd rmul phi l P1) (Ring_polynom.Pphi rO radd rmul phi l P3)
Ring_polynom.PNSubst_ok :
forall (R : Type) (rO rI : R) (radd rmul rsub : R -> R -> R) (ropp : R -> R) (req : R -> R -> Prop),
RelationClasses.Equivalence req ->
Ring_theory.ring_eq_ext radd rmul ropp req ->
Ring_theory.almost_ring_theory rO rI radd rmul rsub ropp req ->
forall (C : Type) (cO cI : C) (cadd cmul csub : C -> C -> C) (copp : C -> C) (ceqb : C -> C -> bool) (phi : C -> R),
Ring_theory.ring_morph rO rI radd rmul rsub ropp req cO cI cadd cmul csub copp ceqb phi ->
forall cdiv : C -> C -> C * C,
Ring_theory.div_theory req cadd cmul phi cdiv ->
forall (n : nat) (P1 : Ring_polynom.Pol C) (cM1 : C * Ring_polynom.Mon) (P2 : Ring_polynom.Pol C) (l : list R) (P3 : Ring_polynom.Pol C),
Ring_polynom.PNSubst cO cI cadd cmul ceqb cdiv P1 cM1 P2 n = Some P3 -> req (rmul (phi (fst cM1)) (Ring_polynom.Mphi rO rI rmul l (snd cM1))) (Ring_polynom.Pphi rO radd rmul phi l P2) -> req (Ring_polynom.Pphi rO radd rmul phi l P1) (Ring_polynom.Pphi rO radd rmul phi l P3)
Ring_polynom.PNSubstL_ok :
forall (R : Type) (rO rI : R) (radd rmul rsub : R -> R -> R) (ropp : R -> R) (req : R -> R -> Prop),
RelationClasses.Equivalence req ->
Ring_theory.ring_eq_ext radd rmul ropp req ->
Ring_theory.almost_ring_theory rO rI radd rmul rsub ropp req ->
forall (C : Type) (cO cI : C) (cadd cmul csub : C -> C -> C) (copp : C -> C) (ceqb : C -> C -> bool) (phi : C -> R),
Ring_theory.ring_morph rO rI radd rmul rsub ropp req cO cI cadd cmul csub copp ceqb phi ->
forall cdiv : C -> C -> C * C,
Ring_theory.div_theory req cadd cmul phi cdiv ->
forall (m n : nat) (LM1 : list (C * Ring_polynom.Mon * Ring_polynom.Pol C)) (P1 : Ring_polynom.Pol C) (l : list R),
Ring_polynom.MPcond rO rI radd rmul req phi LM1 l -> req (Ring_polynom.Pphi rO radd rmul phi l P1) (Ring_polynom.Pphi rO radd rmul phi l (Ring_polynom.PNSubstL cO cI cadd cmul ceqb cdiv P1 LM1 m n))
Ring_polynom.PNSubst1_ok :
forall (R : Type) (rO rI : R) (radd rmul rsub : R -> R -> R) (ropp : R -> R) (req : R -> R -> Prop),
RelationClasses.Equivalence req ->
Ring_theory.ring_eq_ext radd rmul ropp req ->
Ring_theory.almost_ring_theory rO rI radd rmul rsub ropp req ->
forall (C : Type) (cO cI : C) (cadd cmul csub : C -> C -> C) (copp : C -> C) (ceqb : C -> C -> bool) (phi : C -> R),
Ring_theory.ring_morph rO rI radd rmul rsub ropp req cO cI cadd cmul csub copp ceqb phi ->
forall cdiv : C -> C -> C * C,
Ring_theory.div_theory req cadd cmul phi cdiv ->
forall (n : nat) (P1 : Ring_polynom.Pol C) (cM1 : C * Ring_polynom.Mon) (P2 : Ring_polynom.Pol C) (l : list R),
req (rmul (phi (fst cM1)) (Ring_polynom.Mphi rO rI rmul l (snd cM1))) (Ring_polynom.Pphi rO radd rmul phi l P2) -> req (Ring_polynom.Pphi rO radd rmul phi l P1) (Ring_polynom.Pphi rO radd rmul phi l (Ring_polynom.PNSubst1 cO cI cadd cmul ceqb cdiv P1 cM1 P2 n))
Morphisms.PER_morphism_obligation_1 :
forall (A : Type) (R : Relation_Definitions.relation A), RelationClasses.PER R -> Morphisms.respectful R (Morphisms.respectful R iff) R R
RingMicromega.OpMult_sound :
forall (R : Type) (rO rI : R) (rplus rtimes rminus : R -> R -> R) (ropp : R -> R) (req rle rlt : R -> R -> Prop),
OrderedRing.SOR rO rI rplus rtimes rminus ropp req rle rlt -> forall (o o' om : RingMicromega.Op1) (x y : R), RingMicromega.eval_op1 rO req rle rlt o x -> RingMicromega.eval_op1 rO req rle rlt o' y -> RingMicromega.OpMult o o' = Some om -> RingMicromega.eval_op1 rO req rle rlt om (rtimes x y)
RingMicromega.OpAdd_sound :
forall (R : Type) (rO rI : R) (rplus rtimes rminus : R -> R -> R) (ropp : R -> R) (req rle rlt : R -> R -> Prop),
OrderedRing.SOR rO rI rplus rtimes rminus ropp req rle rlt -> forall (o o' oa : RingMicromega.Op1) (e e' : R), RingMicromega.eval_op1 rO req rle rlt o e -> RingMicromega.eval_op1 rO req rle rlt o' e' -> RingMicromega.OpAdd o o' = Some oa -> RingMicromega.eval_op1 rO req rle rlt oa (rplus e e')
BinInt.Z.Odd_wd :
Morphisms.Proper (Morphisms.respectful eq iff) BinInt.Z.Odd
O_S :
forall n : nat, 0 <> S n
list_relations.NoDup_submseteq :
forall (A : Type) (l k : list A), base.NoDup l -> (forall x : A, base.elem_of x l -> base.elem_of x k) -> list_relations.submseteq l k
list_relations.NoDup_nil :
forall A : Type, base.NoDup nil <-> True
fin_maps.NoDup_map_to_list :
forall (K : Type) (M : Type -> Type) (H : base.FMap M) (H0 : forall A : Type, base.Lookup K A (M A)) (H1 : forall A : Type, base.Empty (M A)) (H2 : forall A : Type, base.PartialAlter K A (M A)) (H3 : base.OMap M) (H4 : base.Merge M) (H5 : forall A : Type, fin_maps.MapFold K A (M A))
  (EqDecision0 : base.RelDecision eq),
fin_maps.FinMap K M -> forall (A : Type) (m : M A), base.NoDup (fin_maps.map_to_list m)
list_relations.NoDup_lookup :
forall (A : Type) (l : list A) (i j : nat) (x : A), base.NoDup l -> base.lookup i l = Some x -> base.lookup j l = Some x -> i = j
fin_maps.NoDup_fst_map_to_list :
forall (K : Type) (M : Type -> Type) (H : base.FMap M) (H0 : forall A : Type, base.Lookup K A (M A)) (H1 : forall A : Type, base.Empty (M A)) (H2 : forall A : Type, base.PartialAlter K A (M A)) (H3 : base.OMap M) (H4 : base.Merge M) (H5 : forall A : Type, fin_maps.MapFold K A (M A))
  (EqDecision0 : base.RelDecision eq),
fin_maps.FinMap K M -> forall (A : Type) (m : M A), base.NoDup (base.fmap fst (fin_maps.map_to_list m))
list_monad.NoDup_fmap_fst :
forall (A B : Type) (l : list (A * B)), (forall (x : A) (y1 y2 : B), base.elem_of (x, y1) l -> base.elem_of (x, y2) l -> y1 = y2) -> base.NoDup l -> base.NoDup (base.fmap fst l)
list_monad.NoDup_fmap_2_strong :
forall (A B : Type) (f : A -> B) (l : list A), (forall x y : A, base.elem_of x l -> base.elem_of y l -> f x = f y -> x = y) -> base.NoDup l -> base.NoDup (base.fmap f l)
list_monad.NoDup_fmap_2 :
forall (A B : Type) (f : A -> B), base.Inj eq eq f -> forall l : list A, base.NoDup l -> base.NoDup (base.fmap f l)
list_monad.NoDup_fmap_1 :
forall (A B : Type) (f : A -> B) (l : list A), base.NoDup (base.fmap f l) -> base.NoDup l
list_monad.NoDup_fmap :
forall (A B : Type) (f : A -> B), base.Inj eq eq f -> forall l : list A, base.NoDup (base.fmap f l) <-> base.NoDup l
list_relations.NoDup_cons :
forall (A : Type) (x : A) (l : list A), base.NoDup (x :: l) <-> ~ base.elem_of x l /\ base.NoDup l
list_relations.NoDup_Permutation_proper :
forall A : Type, Morphisms.Proper (Morphisms.respectful Permutation.Permutation iff) base.NoDup
list_relations.NoDup_Permutation :
forall (A : Type) (l k : list A), base.NoDup l -> base.NoDup k -> (forall x : A, base.elem_of x l <-> base.elem_of x k) -> Permutation.Permutation l k
Znat.N_nat_Z :
forall n : BinNums.N, BinInt.Z.of_nat (BinNat.N.to_nat n) = BinInt.Z.of_N n
countable.N_countable_obligation_1 :
forall x : BinNums.N,
(if
  base.decide
    ((let program_branch_0 := fun _ : BinNums.N0 = x => BinNums.xH in
      let program_branch_1 := fun (p : BinNums.positive) (_ : BinNums.Npos p = x) => BinPos.Pos.succ p in match x as x' return (x' = x -> BinNums.positive) with
                                                                                                          | BinNums.N0 => program_branch_0
                                                                                                          | BinNums.Npos p => program_branch_1 p
                                                                                                          end eq_refl) =
     BinNums.xH)
 then Some BinNums.N0
 else
  Some
    (BinNums.Npos
       (BinPos.Pos.pred
          (let program_branch_0 := fun _ : BinNums.N0 = x => BinNums.xH in
           let program_branch_1 := fun (p : BinNums.positive) (_ : BinNums.Npos p = x) => BinPos.Pos.succ p in match x as x' return (x' = x -> BinNums.positive) with
                                                                                                               | BinNums.N0 => program_branch_0
                                                                                                               | BinNums.Npos p => program_branch_1 p
                                                                                                               end eq_refl)))) =
Some x
Ring_polynom.Mphi_ok :
forall (R : Type) (rO rI : R) (radd rmul rsub : R -> R -> R) (ropp : R -> R) (req : R -> R -> Prop),
RelationClasses.Equivalence req ->
Ring_theory.ring_eq_ext radd rmul ropp req ->
Ring_theory.almost_ring_theory rO rI radd rmul rsub ropp req ->
forall (C : Type) (cO cI : C) (cadd cmul csub : C -> C -> C) (copp : C -> C) (ceqb : C -> C -> bool) (phi : C -> R),
Ring_theory.ring_morph rO rI radd rmul rsub ropp req cO cI cadd cmul csub copp ceqb phi ->
forall cdiv : C -> C -> C * C,
Ring_theory.div_theory req cadd cmul phi cdiv ->
forall (P : Ring_polynom.Pol C) (cM : C * Ring_polynom.Mon) (l : list R),
let (c, M) := cM in let (Q, R0) := Ring_polynom.MFactor cO cI ceqb cdiv P c M in req (Ring_polynom.Pphi rO radd rmul phi l P) (radd (Ring_polynom.Pphi rO radd rmul phi l Q) (rmul (rmul (phi c) (Ring_polynom.Mphi rO rI rmul l M)) (Ring_polynom.Pphi rO radd rmul phi l R0)))
rv64d_types.MemoryRegionType_num_of_roundtrip :
forall x : rv64d_types.MemoryRegionType, rv64d_types.MemoryRegionType_of_num (rv64d_types.num_of_MemoryRegionType x) = x
Ring_polynom.Mcphi_ok :
forall (R : Type) (rO rI : R) (radd rmul rsub : R -> R -> R) (ropp : R -> R) (req : R -> R -> Prop),
RelationClasses.Equivalence req ->
Ring_theory.ring_eq_ext radd rmul ropp req ->
Ring_theory.almost_ring_theory rO rI radd rmul rsub ropp req ->
forall (C : Type) (cO cI : C) (cadd cmul csub : C -> C -> C) (copp : C -> C) (ceqb : C -> C -> bool) (phi : C -> R),
Ring_theory.ring_morph rO rI radd rmul rsub ropp req cO cI cadd cmul csub copp ceqb phi ->
forall cdiv : C -> C -> C * C,
Ring_theory.div_theory req cadd cmul phi cdiv ->
forall (P : Ring_polynom.Pol C) (c : C) (l : list R), let (Q, R0) := Ring_polynom.CFactor cO ceqb cdiv P c in req (Ring_polynom.Pphi rO radd rmul phi l P) (radd (Ring_polynom.Pphi rO radd rmul phi l Q) (rmul (phi c) (Ring_polynom.Pphi rO radd rmul phi l R0)))
fin_maps.LeftId_instance_0 :
forall (K : Type) (M : Type -> Type) (H : base.FMap M) (H0 : forall A : Type, base.Lookup K A (M A)) (H1 : forall A : Type, base.Empty (M A)) (H2 : forall A : Type, base.PartialAlter K A (M A)) (H3 : base.OMap M) (H4 : base.Merge M) (H5 : forall A : Type, fin_maps.MapFold K A (M A))
  (EqDecision0 : base.RelDecision eq),
fin_maps.FinMap K M -> forall (A : Type) (f : option A -> option A -> option A), base.LeftId eq None f -> base.LeftId eq base.empty (base.merge f)
base.Is_true_true :
forall b : bool, Bool.Is_true b <-> b = true
proof_irrel.Is_true_pi :
forall b : bool, base.ProofIrrel (Bool.Is_true b)
Ring_theory.IDmorph :
forall (R : Type) (rO rI : R) (radd rmul rsub : R -> R -> R) (ropp : R -> R) (req : R -> R -> Prop),
RelationClasses.Equivalence req -> forall reqb : R -> R -> bool, (forall x y : R, reqb x y = true -> req x y) -> Ring_theory.ring_morph rO rI radd rmul rsub ropp req rO rI radd rmul rsub ropp reqb (Ring_theory.IDphi (R:=R))
Znumtheory.Gauss :
forall a b c : BinNums.Z, BinInt.Z.divide a (BinInt.Z.mul b c) -> Znumtheory.rel_prime a b -> BinInt.Z.divide a c
list_relations.Forall_not_Exists :
forall (A : Type) (P : A -> Prop) (l : list A), ListDef.Forall (Basics.compose not P) l -> ~ List.Exists P l
list_relations.Forall_forall :
forall (A : Type) (P : A -> Prop) (l : list A), ListDef.Forall P l <-> (forall x : A, base.elem_of x l -> P x)
rv64d_types.FeatureEnabledResult_num_of_roundtrip :
forall x : rv64d_types.FeatureEnabledResult, rv64d_types.FeatureEnabledResult_of_num (rv64d_types.num_of_FeatureEnabledResult x) = x
proof_irrel.False_pi :
base.ProofIrrel False
fin.FS_inj :
forall n : nat, base.Inj eq eq Fin.FS
rv64d_types.ExtStatus_num_of_roundtrip :
forall x : rv64d_types.ExtStatus, rv64d_types.ExtStatus_of_num (rv64d_types.num_of_ExtStatus x) = x
rv64d_types.ExtContextPolicy_num_of_roundtrip :
forall x : rv64d_types.ExtContextPolicy, rv64d_types.ExtContextPolicy_of_num (rv64d_types.num_of_ExtContextPolicy x) = x
list_relations.Exists_exists :
forall (A : Type) (P : A -> Prop) (l : list A), List.Exists P l <-> (exists x : A, base.elem_of x l /\ P x)
BinInt.Z.Even_wd :
Morphisms.Proper (Morphisms.respectful eq iff) BinInt.Z.Even
BinInt.Z.Even_or_Odd :
forall x : BinNums.Z, BinInt.Z.Even x \/ BinInt.Z.Odd x
BinInt.Z.Even_Odd_False :
forall x : BinNums.Z, BinInt.Z.Even x -> BinInt.Z.Odd x -> False
Ring_theory.Eqsth :
forall R : Type, RelationClasses.Equivalence eq
Ring_theory.Eq_ext :
forall (R : Type) (radd rmul : R -> R -> R) (ropp : R -> R), Ring_theory.ring_eq_ext radd rmul ropp eq
Instances.Countable_mword_subproof :
forall (n : BinNums.Z) (x : Values.mword n),
match n as n0 return (option (Values.mword n0)) with
| BinNums.Z0 => countable.decode (match n as n0 return (Values.mword n0 -> BinNums.positive) with
                                  | BinNums.Z0 => countable.encode
                                  | BinNums.Zpos p => countable.encode
                                  | BinNums.Zneg p => countable.encode
                                  end x)
| BinNums.Zpos p0 => countable.decode (match n as n0 return (Values.mword n0 -> BinNums.positive) with
                                       | BinNums.Z0 => countable.encode
                                       | BinNums.Zpos p => countable.encode
                                       | BinNums.Zneg p => countable.encode
                                       end x)
| BinNums.Zneg p0 => countable.decode (match n as n0 return (Values.mword n0 -> BinNums.positive) with
                                       | BinNums.Z0 => countable.encode
                                       | BinNums.Zpos p => countable.encode
                                       | BinNums.Zneg p => countable.encode
                                       end x)
end = Some x
rv64d_types.Countable_mem_payload_subproof :
forall x : rv64d_types.mem_payload, base.mbind (fun z : BinNums.Z => base.mret (rv64d_types.mem_payload_of_num z)) (countable.decode (countable.encode (rv64d_types.num_of_mem_payload x))) = Some x
rv64d_types.Countable_cbop_zicbop_subproof :
forall x : rv64d_types.cbop_zicbop, base.mbind (fun z : BinNums.Z => base.mret (rv64d_types.cbop_zicbop_of_num z)) (countable.decode (countable.encode (rv64d_types.num_of_cbop_zicbop x))) = Some x
rv64d_types.Countable_cbop_zicbom_subproof :
forall x : rv64d_types.cbop_zicbom, base.mbind (fun z : BinNums.Z => base.mret (rv64d_types.cbop_zicbom_of_num z)) (countable.decode (countable.encode (rv64d_types.num_of_cbop_zicbom x))) = Some x
rv64d_types.Countable_amoop_subproof :
forall x : rv64d_types.amoop, base.mbind (fun z : BinNums.Z => base.mret (rv64d_types.amoop_of_num z)) (countable.decode (countable.encode (rv64d_types.num_of_amoop x))) = Some x
CompOpp_involutive :
forall c : comparison, CompOpp (CompOpp c) = c
CompOpp_inj :
forall c c' : comparison, CompOpp c = CompOpp c' -> c = c'
CompOpp_iff :
forall c c' : comparison, CompOpp c = c' <-> c = CompOpp c'
rv64d_types.CSRAccessType_num_of_roundtrip :
forall x : rv64d_types.CSRAccessType, rv64d_types.CSRAccessType_of_num (rv64d_types.num_of_CSRAccessType x) = x
rv64d_types.AtomicSupport_num_of_roundtrip :
forall x : rv64d_types.AtomicSupport, rv64d_types.AtomicSupport_of_num (rv64d_types.num_of_AtomicSupport x) = x
list_basics.Assoc_instance_0 :
forall A : Type, base.Assoc eq app
list_relations.AntiSymm_instance_0 :
forall A : Type, base.AntiSymm Permutation.Permutation list_relations.submseteq
Morphisms_Prop.Acc_pt_morphism :
forall (A : Type) (E R : A -> A -> Prop), RelationClasses.Equivalence E -> Morphisms.Proper (Morphisms.respectful E (Morphisms.respectful E iff)) R -> Morphisms.Proper (Morphisms.respectful E iff) (Acc R)
Ring_theory.ARsub_ext :
forall (R : Type) (rO rI : R) (radd rmul rsub : R -> R -> R) (ropp : R -> R) (req : R -> R -> Prop),
RelationClasses.Equivalence req -> Ring_theory.ring_eq_ext radd rmul ropp req -> Ring_theory.almost_ring_theory rO rI radd rmul rsub ropp req -> Morphisms.Proper (Morphisms.respectful req (Morphisms.respectful req req)) rsub
Ring_theory.ARopp_mul_r :
forall (R : Type) (rO rI : R) (radd rmul rsub : R -> R -> R) (ropp : R -> R) (req : R -> R -> Prop),
RelationClasses.Equivalence req -> Ring_theory.ring_eq_ext radd rmul ropp req -> Ring_theory.almost_ring_theory rO rI radd rmul rsub ropp req -> forall x y : R, req (ropp (rmul x y)) (rmul x (ropp y))
Ring_theory.ARmul_assoc2 :
forall (R : Type) (rO rI : R) (radd rmul rsub : R -> R -> R) (ropp : R -> R) (req : R -> R -> Prop),
RelationClasses.Equivalence req -> Ring_theory.ring_eq_ext radd rmul ropp req -> Ring_theory.almost_ring_theory rO rI radd rmul rsub ropp req -> forall x y z : R, req (rmul (rmul y x) z) (rmul (rmul y z) x)
Ring_theory.ARmul_assoc1 :
forall (R : Type) (rO rI : R) (radd rmul rsub : R -> R -> R) (ropp : R -> R) (req : R -> R -> Prop), RelationClasses.Equivalence req -> Ring_theory.almost_ring_theory rO rI radd rmul rsub ropp req -> forall x y z : R, req (rmul (rmul x y) z) (rmul (rmul y z) x)
Ring_theory.ARmul_1_r :
forall (R : Type) (rO rI : R) (radd rmul rsub : R -> R -> R) (ropp : R -> R) (req : R -> R -> Prop), RelationClasses.Equivalence req -> Ring_theory.almost_ring_theory rO rI radd rmul rsub ropp req -> forall x : R, req (rmul x rI) x
Ring_theory.ARmul_0_r :
forall (R : Type) (rO rI : R) (radd rmul rsub : R -> R -> R) (ropp : R -> R) (req : R -> R -> Prop), RelationClasses.Equivalence req -> Ring_theory.almost_ring_theory rO rI radd rmul rsub ropp req -> forall x : R, req (rmul x rO) rO
InitialRing.ARgen_phiPOS_mult :
forall (R : Type) (rO rI : R) (radd rmul rsub : R -> R -> R) (ropp : R -> R) (req : R -> R -> Prop),
Setoid.Setoid_Theory R req ->
Ring_theory.ring_eq_ext radd rmul ropp req -> Ring_theory.almost_ring_theory rO rI radd rmul rsub ropp req -> forall x y : BinNums.positive, req (InitialRing.gen_phiPOS1 rI radd rmul (BinPos.Pos.mul x y)) (rmul (InitialRing.gen_phiPOS1 rI radd rmul x) (InitialRing.gen_phiPOS1 rI radd rmul y))
InitialRing.ARgen_phiPOS_add :
forall (R : Type) (rO rI : R) (radd rmul rsub : R -> R -> R) (ropp : R -> R) (req : R -> R -> Prop),
Setoid.Setoid_Theory R req ->
Ring_theory.ring_eq_ext radd rmul ropp req -> Ring_theory.almost_ring_theory rO rI radd rmul rsub ropp req -> forall x y : BinNums.positive, req (InitialRing.gen_phiPOS1 rI radd rmul (BinPos.Pos.add x y)) (radd (InitialRing.gen_phiPOS1 rI radd rmul x) (InitialRing.gen_phiPOS1 rI radd rmul y))
InitialRing.ARgen_phiPOS_Psucc :
forall (R : Type) (rO rI : R) (radd rmul rsub : R -> R -> R) (ropp : R -> R) (req : R -> R -> Prop),
Setoid.Setoid_Theory R req -> Ring_theory.ring_eq_ext radd rmul ropp req -> Ring_theory.almost_ring_theory rO rI radd rmul rsub ropp req -> forall x : BinNums.positive, req (InitialRing.gen_phiPOS1 rI radd rmul (BinPos.Pos.succ x)) (radd rI (InitialRing.gen_phiPOS1 rI radd rmul x))
Ring_theory.ARdistr_r :
forall (R : Type) (rO rI : R) (radd rmul rsub : R -> R -> R) (ropp : R -> R) (req : R -> R -> Prop),
RelationClasses.Equivalence req -> Ring_theory.ring_eq_ext radd rmul ropp req -> Ring_theory.almost_ring_theory rO rI radd rmul rsub ropp req -> forall x y z : R, req (rmul z (radd x y)) (radd (rmul z x) (rmul z y))
Ring_theory.ARadd_assoc2 :
forall (R : Type) (rO rI : R) (radd rmul rsub : R -> R -> R) (ropp : R -> R) (req : R -> R -> Prop),
RelationClasses.Equivalence req -> Ring_theory.ring_eq_ext radd rmul ropp req -> Ring_theory.almost_ring_theory rO rI radd rmul rsub ropp req -> forall x y z : R, req (radd (radd y x) z) (radd (radd y z) x)
Ring_theory.ARadd_assoc1 :
forall (R : Type) (rO rI : R) (radd rmul rsub : R -> R -> R) (ropp : R -> R) (req : R -> R -> Prop), RelationClasses.Equivalence req -> Ring_theory.almost_ring_theory rO rI radd rmul rsub ropp req -> forall x y z : R, req (radd (radd x y) z) (radd (radd y z) x)
Ring_theory.ARadd_0_r :
forall (R : Type) (rO rI : R) (radd rmul rsub : R -> R -> R) (ropp : R -> R) (req : R -> R -> Prop), RelationClasses.Equivalence req -> Ring_theory.almost_ring_theory rO rI radd rmul rsub ropp req -> forall x : R, req (radd x rO) x
Axioms:
PrimInt63.sub : PrimInt63.int -> PrimInt63.int -> PrimInt63.int
PrimString.string : Set
xv6iris_extras.resv_matches : forall n : BinNums.Z, Values.mword n -> bool
xv6iris_extras.resv_is_valid : bool
PrimInt63.lsr : PrimInt63.int -> PrimInt63.int -> PrimInt63.int
PrimInt63.lsl : PrimInt63.int -> PrimInt63.int -> PrimInt63.int
PrimInt63.lor : PrimInt63.int -> PrimInt63.int -> PrimInt63.int
PrimInt63.land : PrimInt63.int -> PrimInt63.int -> PrimInt63.int
PrimInt63.int : Set
PrimString.get : PrimString.string -> PrimInt63.int -> PrimString.char63
PrimInt63.eqb : PrimInt63.int -> PrimInt63.int -> bool
PrimString.cat : PrimString.string -> PrimString.string -> PrimString.string
